time_s,eps_hat,V_eff
0,2.9385593425976595e-06,0.9277900095305428
1,-1.3288988793983091e-06,0.9445225291950538
2,-3.1975972443117016e-06,0.9211519751503583
3,1.2823975357355692e-06,0.9335104614315125
4,-1.4668733645989783e-07,0.9453597080961881
5,6.036251298852253e-07,0.9538939255741059
6,2.252613200424052e-06,0.9346458886461056
7,4.1446556302326654e-07,0.9470066389900531
8,-7.885742493555484e-07,0.940722033902651
9,4.472778859768887e-08,0.9519959182348641
10,-2.029733384027617e-07,0.9437859419561351
11,1.5679263427590609e-06,0.9340531517380503
12,-1.9269822106679467e-07,0.9438397971337263
13,-1.9317217046781287e-07,0.9521413509298153
14,1.60211423881632e-06,0.9302029719859546
15,-2.1635111534517415e-07,0.942099822336363
16,3.007920769144827e-07,0.9476068504946001
17,-4.787481092605504e-07,0.9561490867078286
18,1.9334475164197654e-06,0.9305046471197923
19,1.0687902508170599e-06,0.9323550746040791
20,-9.92347415568736e-07,0.9466909864164117
21,3.556979229887053e-06,0.903353250552029
22,1.687476189180842e-06,0.9400334306217545
23,3.839383123260109e-07,0.9537573345302339
24,2.1642832318922794e-06,0.9306117186784353
25,5.399045182318001e-07,0.9450615044310927
26,2.1451097310425855e-07,0.9493371760848377
27,1.3385461973940316e-06,0.9344430998155355
28,-2.1925088563195585e-06,0.9270999709550027
29,-7.009804038490268e-07,0.9373858346210964
30,-1.746196640735079e-07,0.9523882152487991
31,-8.505462585284865e-07,0.9370574763340431
32,2.0675693558249413e-06,0.9254960729909892
33,-8.762102222717005e-07,0.9452820799250511
34,7.253901987917404e-07,0.9430727976506516
35,5.73922804770493e-07,0.9463773150055231
36,2.0336359929842138e-06,0.9290487071980924
37,-1.4713851195475838e-06,0.9367735557021925
38,3.876939659397937e-07,0.9504094842257943
39,-5.040828398655094e-07,0.9433871983246408
40,-1.4450603866516866e-06,0.939465173835524
41,2.90055343426101e-06,0.9185544768784666
42,6.221852927229701e-07,0.939729751346603
43,-2.111117729468344e-07,0.9513566858061935
44,1.2459830228666297e-07,0.9511297666664672
45,9.094659691169014e-07,0.944658151904793
46,3.0410995753660987e-07,0.9523854483305463
47,3.944462819255501e-06,0.9020536227006737
48,7.861575676510612e-07,0.9416745136379744
49,-2.1467337783854877e-07,0.9498908049923496
50,2.732985091914839e-06,0.9128000527396108
51,-2.3557992732054828e-06,0.9347291500633406
52,5.497570000919713e-07,0.9449497157360418
53,-7.806546072582169e-07,0.9424151127293242
54,3.1317701335467862e-06,0.9211644204197743
55,1.2439408021843265e-06,0.9287106022633542
56,2.1267660674099605e-06,0.9287802737497832
57,-4.125891037120653e-08,0.9527999534264001
58,-4.2621077749278605e-07,0.9485417586001265
59,2.888119351895348e-06,0.9218898787713873
60,2.542868891302737e-07,0.9445963737514224
61,1.5492108246407815e-06,0.9323477489573789
62,4.733622681351482e-06,0.9
63,7.267712299693859e-07,0.9440951445974993
64,1.1815469922909349e-06,0.9353807631121093
65,2.9131824284791764e-06,0.9242024402184232
66,2.1227374380615375e-06,0.9254329969374935
67,2.888521244811097e-07,0.9495527263528838
68,-8.311225740926227e-07,0.9450166042677567
69,7.73398543015873e-07,0.9475889926374351
70,2.4910145743852046e-07,0.9565798723772511
71,1.5944958002490226e-06,0.9366572019468923
72,-1.7606575456093133e-07,0.9495060440020158
73,5.4079659146151246e-08,0.9417574532494433
74,6.216978706680396e-07,0.9495971078938824
75,8.32895076115607e-07,0.9402003252531618
76,4.424241815206998e-07,0.9567836729242123
77,1.9125671480352433e-06,0.922924298810899
78,6.416492502961914e-08,0.9473542645407003
79,-2.215918312287399e-07,0.948105864934912
80,1.4933236947437084e-08,0.9472868997407027
81,1.1826188345591945e-06,0.9304702007158776
82,-2.5165828710675818e-06,0.931048280777986
83,2.280215932190964e-06,0.9290423021193975
84,1.4254270103002241e-06,0.9347994670567177
85,5.777589738816578e-06,0.9
86,5.122950554565517e-06,0.9090845310612936
87,1.6775968512682362e-06,0.9321740871115352
88,9.623312559626678e-07,0.938372551898688
89,1.6766796152776246e-06,0.9366021779200367
90,-1.0282805331710828e-06,0.9527895262491141
91,-3.167959287825434e-07,0.9334004402802546
92,8.055778497883958e-07,0.9362020179428596
93,8.5117772326857e-07,0.9418428484492184
94,1.6517541377515863e-06,0.9385117333515663
95,-6.801085671137598e-07,0.9413822346785296
96,2.026308000497904e-06,0.9264498537306893
97,-2.076359366832971e-06,0.9323333743781306
98,2.9917071492958784e-08,0.9465417670211423
99,1.1300338479822665e-06,0.9387203529386458
100,2.5380778303558467e-06,0.9183739459920851
101,4.568575747858569e-06,0.9
102,3.1508618032654074e-07,0.9425065197342937
103,1.0267029581883407e-06,0.9398268410444598
104,1.204659962710362e-06,0.9392600507978491
105,3.034665142470221e-06,0.9204365566185472
106,3.1662910894162814e-06,0.9095851033391912
107,-2.568447667763575e-06,0.9249507008984365
108,1.4627396265437426e-06,0.9327033110743469
109,9.216424776463858e-07,0.9461602207796614
110,2.0139970083424095e-06,0.9282102077055481
111,1.2556501863555898e-06,0.9412379176121557
112,-1.0355406716656738e-06,0.9356196739023236
113,2.420298402100893e-06,0.9171486893013876
114,-8.119797024868259e-07,0.9358133707256698
115,2.4115633200117156e-06,0.9204601876213988
116,2.2094597272307495e-06,0.9261388080953645
117,3.793523868893351e-06,0.9127063927475068
118,2.651079900793725e-06,0.9257909961314796
119,2.1485141163418265e-07,0.9477887609166414
120,9.520221061159316e-07,0.9381705293154387
121,2.3638779200161634e-06,0.938914253608008
122,1.1246562264135027e-06,0.9423364937531523
123,1.7875719239914804e-06,0.9190740089390725
124,1.727861047558494e-06,0.9349289999012897
125,-1.065326694718421e-06,0.9304041867618081
126,1.6245753144345147e-06,0.9419806785722605
127,3.4614599001145424e-07,0.9448802140036239
128,4.6442802880186045e-06,0.9080371415223014
129,-1.0100022628022709e-06,0.936334955691335
130,4.437279575614598e-06,0.9023120447481798
131,8.328836488097953e-08,0.9525202997781973
132,5.162838780226367e-07,0.947054289494364
133,1.401428788147706e-06,0.9352600054878686
134,2.880606742689335e-06,0.9148175382398979
135,1.1280563282694522e-06,0.9358182566262455
136,3.5751621556486076e-06,0.9133761070110543
137,4.025672903295419e-06,0.9076345178136266
138,1.1148208955338976e-06,0.9442923150586626
139,-5.941645389176578e-07,0.951603849600842
140,9.816638572793315e-07,0.94224116556615
141,1.816255968070791e-06,0.9314571658239365
142,-3.6000947283593607e-07,0.9468710630085423
143,-2.2885751863166404e-06,0.9205608474158049
144,7.150812505327497e-07,0.9505859480181947
145,3.375195631707987e-06,0.9211453748535535
146,-1.5303696202075622e-06,0.9362001178992967
147,-4.4127922287607477e-07,0.9452511572868117
148,2.4723395448930496e-06,0.9285660158203699
149,2.9999790945891803e-06,0.9129540984018342
150,-7.015017702310931e-07,0.9505171560677282
151,3.3830940091688844e-06,0.9160881439523916
152,9.02913317282106e-07,0.9468349190444908
153,1.7946410173656842e-06,0.9350852702146815
154,-5.439537416729172e-07,0.9503072677408653
155,6.201000556611286e-07,0.9368372226189045
156,-3.13547559532204e-07,0.9438791227130239
157,3.31317033156685e-06,0.9133851369683942
158,1.5582494577800012e-06,0.923866235462438
159,2.444544237428991e-06,0.921596629253448
160,1.568203185535048e-06,0.9362701270963754
161,1.956976919198052e-06,0.9320917622553337
162,4.014126849125193e-06,0.9109024158102491
163,4.550309987491277e-06,0.9076855641866572
164,1.3820486596712747e-06,0.9406370648337692
165,1.2569144583502525e-06,0.9396766489082597
166,1.4986611921158078e-06,0.9362509552048848
167,4.341841416515484e-06,0.9179434510204301
168,1.4662466706034035e-06,0.941634828132311
169,2.869088448637382e-06,0.9267728801953705
170,1.8163138432786296e-06,0.9351538571017617
171,1.8583581992057608e-06,0.9278236512928364
172,8.366804966178508e-07,0.9356492091820635
173,1.8668625347633672e-06,0.9334872367907012
174,2.064159561065844e-06,0.9254844555603073
175,2.4898498967134457e-06,0.9274580698427505
176,4.526014431035418e-06,0.9087701051164305
177,-1.7738906080064996e-08,0.943071320962296
178,1.2920189519043835e-06,0.9319337010099049
179,-2.3713282088156126e-07,0.9427988926837639
180,9.135082774056865e-09,0.9571896705866695
181,-6.107537985008223e-07,0.9417690277777526
182,-1.354245547913236e-06,0.927925511976977
183,4.935852122521953e-07,0.9461015698320905
184,-9.043632717547622e-07,0.933359194023533
185,-2.0616053612456397e-06,0.9301111393276222
186,2.4429972518854383e-06,0.9184285663588918
187,-9.744972927506197e-08,0.9544368719418197
188,5.995770918574302e-07,0.9435022961410919
189,1.552868117669634e-06,0.9322554784150053
190,-3.0588440042075214e-07,0.94847784987612
191,-1.2746371918692578e-06,0.9291925550369861
192,-1.6828315158908644e-07,0.9518774525049085
193,2.8085744807991432e-06,0.9195397217688903
194,2.275427685944265e-06,0.9341542411210371
195,1.003317828645203e-06,0.9431489433671986
196,3.938921664246019e-06,0.907086837825572
197,5.549653072912523e-07,0.9524528986280831
198,-5.663590987699032e-07,0.9451140087075994
199,-6.558555143860843e-08,0.9561626710935842
200,-9.588371017492754e-07,0.9400759095959789
201,-7.37535855974244e-07,0.9352918528627925
202,-2.103714847799041e-06,0.9281395082237751
203,1.719460689092013e-06,0.9328969956038347
204,1.319753477889226e-06,0.9346304502786114
205,2.5233132568110496e-06,0.9284058618452132
206,1.1447562615449406e-06,0.9395796154855355
207,1.9566098769094333e-07,0.9577705256297799
208,2.2406778319094467e-06,0.9270791760568751
209,6.663167851634305e-07,0.9413883102493207
210,4.640412521611414e-07,0.9465915831240582
211,-1.7959937163981994e-06,0.9307945262405604
212,7.331251532937193e-07,0.9426271916557974
213,1.2238861773560956e-06,0.9379205437487722
214,1.5939058639987477e-06,0.9333861035826377
215,2.5296146136880557e-06,0.9279930096393383
216,4.5488640021179665e-06,0.9080200601851479
217,-2.5232505196539207e-07,0.9466928274484226
218,1.2952482071335519e-07,0.9487445785377007
219,2.7061473737841492e-06,0.9213192715728167
220,3.137136025539611e-08,0.9522677231096098
221,-3.6465368874880837e-07,0.9419818325760723
222,1.557162743060801e-06,0.925470616153948
223,1.692221845366208e-07,0.9525869622647684
224,-1.9991252324609372e-06,0.9212044606187482
225,-1.357629701078752e-06,0.9227678458225224
226,3.988688090944616e-06,0.9107155404081193
227,-1.3193886547764242e-07,0.942229837052677
228,4.477631578605601e-06,0.9084987789451765
229,7.382663514326843e-07,0.9487149323495666
230,1.5684209757986642e-06,0.9318058923443232
231,-2.895718617999892e-08,0.9467584324942869
232,-6.864079458879035e-07,0.9486937977506437
233,1.1307951872659085e-07,0.9556351281936377
234,-3.8561086988203754e-07,0.9431487916188165
235,2.184146307947687e-07,0.9433204716894259
236,3.3446463651579095e-09,0.9527194325527731
237,2.874112047847298e-06,0.9227542085700168
238,-9.665004367205678e-07,0.9373374815349738
239,1.6008543386043635e-08,0.9583424434601124
240,2.526823531760545e-06,0.9308028183729519
241,-1.931081409700327e-07,0.941701654202123
242,1.865293442331432e-06,0.9290460035623438
243,1.41301254770335e-06,0.9379322154736908
244,3.107863759190812e-07,0.9519126905208124
245,-1.3991403932712163e-06,0.9365555784247126
246,2.034188924100459e-06,0.938169442623751
247,1.1615379906572226e-06,0.9446717639800565
248,2.858160313610168e-06,0.9331024044564131
249,1.464871881279878e-06,0.9456116787788861
250,2.2455579415718022e-06,0.9198737322680391
251,9.914305126483934e-07,0.9355029370744997
252,3.4016727912289543e-06,0.9168261595118566
253,-1.172724633594851e-06,0.9426866101980222
254,3.0667445965539157e-06,0.91731668570774
255,2.278940431534909e-07,0.948729399440744
256,-1.960941538268257e-06,0.9339391824700254
257,3.660398734780707e-06,0.9101425449346274
258,3.904020105817092e-06,0.9159339223269007
259,8.219976821616311e-07,0.9449542020449917
260,3.510238408572993e-06,0.9156067066411461
261,1.5758573718789617e-06,0.9315640409182361
262,7.533300968291197e-07,0.9459706994977145
263,6.562973869266704e-07,0.9409198373170113
264,2.793363211114878e-06,0.9244788851206039
265,1.7520629620740227e-07,0.9570119519133984
266,4.338628735203945e-06,0.9116867137243657
267,-9.716814259817737e-07,0.9423183617989733
268,1.8908244140129456e-06,0.9231669410513442
269,2.8595033262634064e-06,0.9224507663500433
270,2.7479894718722595e-06,0.9209924300352902
271,1.7233596956243862e-06,0.93542595241236
272,1.248855811816038e-06,0.9399683583729856
273,7.260958237718833e-07,0.9368238496291135
274,-2.3310447949827643e-06,0.9236028062286757
275,2.215644759287745e-06,0.9226493369549487
276,2.649065049564329e-06,0.93046527863527
277,1.70512131771399e-06,0.9321190070212141
278,2.591197029847547e-06,0.9298731204309029
279,5.850646283758439e-07,0.9445734170620634
280,-3.593649003027363e-07,0.9478373541800142
281,-2.3713499690836656e-06,0.9248238191329308
282,-4.2306597506835106e-07,0.9453289248026457
283,-3.2989617213116686e-07,0.9371356482439938
284,-1.0302646006966641e-07,0.9465913715840226
285,2.6564933983722844e-06,0.9202296995731445
286,-4.1377188006338477e-07,0.9399028195648135
287,2.7806752118990576e-06,0.9210781654067766
288,1.3838540319159033e-06,0.9284425310387718
289,-1.8700681658183509e-06,0.9267899397078699
290,3.552344487513568e-06,0.909019517404638
291,-5.820063709674716e-08,0.9494825564201765
292,-5.6626458618134536e-08,0.951826054915441
293,-3.871306026044229e-07,0.9406236353439237
294,5.309506808795905e-06,0.9
295,2.223332560973985e-06,0.9230554865195238
296,-1.5264918354621355e-06,0.9342837868414657
297,-1.2053563288629778e-06,0.9359807098538787
298,-3.304092819112309e-07,0.9529551632831271
299,-1.5279848913540144e-06,0.9380995822985176
300,1.4047698541867727e-06,0.9348068800370061
301,-2.698125043960171e-07,0.9481632592107504
302,1.3088140231235347e-06,0.9388805990610193
303,5.152149711824081e-07,0.939122735671379
304,2.3573403459168166e-06,0.9264093832712018
305,-3.6495639362759064e-08,0.9446270513969457
306,2.4280360883875785e-06,0.9326414298243632
307,1.870865758278079e-06,0.9345035876715494
308,2.829257381736536e-06,0.919898134715626
309,4.373009967438198e-06,0.9009720533614205
310,5.567989455288526e-07,0.94057422326262
311,1.0495410048435141e-06,0.9481591517046413
312,5.648197515615962e-07,0.9464597261006618
313,-3.7205396022923014e-06,0.9149330567992705
314,2.550279361387069e-06,0.9251119135240662
315,-7.640040693798243e-07,0.936357634286673
316,5.749065009566681e-08,0.9433808995288704
317,3.47739405628131e-06,0.9175635620320286
318,3.2666417971511887e-06,0.9158880762867155
319,-2.794676311494876e-07,0.9436906808415798
320,2.058188949350934e-07,0.9454700758227813
321,2.908950359608236e-06,0.9254787277424985
322,1.3825973606891027e-06,0.9278753404886441
323,1.4214351007499455e-06,0.9342316662447592
324,3.205097675872385e-06,0.9224261829699142
325,1.1760712579172538e-06,0.9277508155944436
326,7.294459991807774e-07,0.9394390165740403
327,1.5985721099084998e-06,0.9283036681388389
328,1.369061840272349e-06,0.9252185682036316
329,-1.2761690487982776e-06,0.9328390346888895
330,7.129264367864624e-08,0.9512316528570564
331,-1.7086069601060139e-06,0.9297080512433784
332,-4.030516468942812e-08,0.9530369426160332
333,6.403370324105177e-07,0.9387597472871639
334,-7.835936650529955e-07,0.9394001720874459
335,-1.697853465045768e-06,0.9411508411238155
336,9.411690587701933e-07,0.9360205689925126
337,-7.44407672332018e-07,0.9365193334832767
338,1.5440199807861177e-06,0.9262929147151306
339,6.625340368829023e-07,0.9462427835670929
340,7.700121299548396e-09,0.9448636434508265
341,2.2929387247714704e-06,0.9214109425880507
342,5.025746474321728e-07,0.9455503548901139
343,-2.139603941120437e-08,0.9437941156386931
344,5.185552124741514e-08,0.9511830733788335
345,-2.2106674112841649e-07,0.9500641439889589
346,5.387214306444246e-07,0.9415874926249559
347,-2.159943183215775e-07,0.9490003855523805
348,2.7573959128468877e-06,0.9230352650744622
349,-6.001258038480107e-07,0.949464600670517
350,-4.724571100273784e-07,0.953920028595228
351,6.903184418532115e-07,0.9387047276358312
352,1.8454362090283154e-06,0.9299884656274433
353,1.6594188796606697e-06,0.9338658263985854
354,-1.2652302973076964e-06,0.9369973284750478
355,1.7534525223575552e-06,0.933028042509764
356,2.9644668893758715e-06,0.9219147215335022
357,5.60346944700479e-07,0.9454478015796229
358,1.5821444623281264e-07,0.9502203303242914
359,1.5251368940417763e-06,0.928554823100628
360,2.1888595160044385e-06,0.9392787501018995
361,1.825151209537969e-06,0.9215982787413914
362,2.636851448136512e-07,0.9409661105644485
363,4.803830759544012e-07,0.9486258954460326
364,-2.0417502944774335e-07,0.9573817671328062
365,-3.675251495569019e-06,0.9120069520265889
366,1.55761294956764e-06,0.9283266657412447
367,-7.973141609239693e-07,0.9458082977766753
368,4.044274628387247e-06,0.9197874163134591
369,3.925541281526325e-07,0.9528311192285124
370,8.384964259912572e-07,0.9461985262741124
371,6.107932489150995e-07,0.9382186449607017
372,3.520142311382549e-06,0.9241111545708249
373,2.7351085398818473e-07,0.9519480325112237
374,7.162067388939895e-07,0.9537424816045074
375,-1.4473915250927943e-06,0.9346346486172179
376,-1.37409475958739e-06,0.9283256219456542
377,7.629913596326407e-07,0.9401179380268929
378,-6.742934100397073e-07,0.9474430285917359
379,3.0337668995326715e-06,0.9222266739194194
380,-2.0634596568955264e-06,0.9310628859177961
381,1.4783506070706065e-06,0.9310052640871335
382,1.504256153766445e-06,0.9324226071866081
383,-3.6766942683272544e-07,0.9404097132766472
384,2.28839042397635e-06,0.9335832445719915
385,7.222958574454318e-07,0.9477006345762149
386,3.39941358162515e-06,0.9166623982971002
387,8.249154317412704e-07,0.944098993276606
388,-3.9554873565980937e-07,0.9487789382211347
389,1.1917338350931804e-06,0.9315491807432973
390,-1.1294713915996909e-06,0.933778774301211
391,1.772112991871329e-06,0.9305921397657
392,9.090576932006139e-07,0.94774101879902
393,1.6600478321064675e-06,0.9301869656317783
394,-6.35194680381107e-07,0.9451735819632437
395,-6.094554053510572e-07,0.9501705851530057
396,1.3437989101308069e-06,0.9372078766928874
397,-5.835773617896018e-07,0.9472610805961175
398,2.760663203072045e-06,0.9217120129121565
399,2.4392889622531926e-06,0.9235829316378968
400,8.493669823210709e-07,0.9519364957667016
401,3.5305854869340524e-07,0.9491678394331723
402,3.2479427613301185e-07,0.9481542565936324
403,2.0667752534853306e-06,0.9248281021510305
404,-1.825656290314355e-07,0.9510126777982209
405,1.2088317341273456e-06,0.9437740570779308
406,1.3826676431832396e-06,0.9454741704246932
407,2.067924353490052e-06,0.9387140114765326
408,3.6613932894069433e-06,0.9101760533476402
409,3.3257177410069076e-06,0.9214441711972622
410,2.3464359093142757e-06,0.9324606914752851
411,4.5316059649342947e-07,0.9471107035029747
412,2.744059762874371e-07,0.9588051652378529
413,-2.5898812879957793e-07,0.9410179248072932
414,-3.628121810754844e-07,0.9460968796974255
415,8.502755125930435e-07,0.9459480121084747
416,9.992407311954551e-07,0.9375336215813809
417,1.7246939594497935e-06,0.9385772303081465
418,1.2819846022285028e-06,0.941523425379539
419,1.083352630792048e-06,0.9378673507642367
420,2.0704875999369454e-06,0.9304382804020601
421,2.561791602920017e-06,0.9320931736170958
422,7.676233842627247e-07,0.9455582772248362
423,2.663885654758905e-06,0.9254126470006768
424,1.7683980450484593e-06,0.9330329817933716
425,1.3595475799130346e-06,0.9390138627792833
426,-2.6046497579213143e-08,0.9412475918568277
427,8.087651348719064e-07,0.941066574327115
428,3.5501164274343946e-06,0.9159797141781248
429,1.8517151193708322e-06,0.9294250502504219
430,-6.903638610629285e-09,0.9457577621149247
431,-1.073277004726071e-06,0.942899377229559
432,1.4417784987015854e-06,0.9429685205438187
433,1.831978196924423e-06,0.9328945971611228
434,-2.230853547770276e-06,0.9372330136092822
435,1.0124597341808207e-06,0.9294563395861547
436,1.3120219213993677e-06,0.932825278115735
437,-4.09336040193341e-07,0.9472391554738534
438,6.6087192005441985e-09,0.9550673566245824
439,7.642681695582806e-07,0.9443568268272818
440,1.8590812174203258e-06,0.9326683616763245
441,1.2936363628611026e-06,0.9377718015105776
442,3.346943017455672e-06,0.9207500425839236
443,-1.5926879221280134e-07,0.9428497980229542
444,-3.2491146687190886e-07,0.948889958131874
445,-8.231146014100212e-07,0.9385048700766535
446,-1.2061592967912454e-06,0.9425963190982287
447,2.0135785027568123e-06,0.9342575288111227
448,1.8749347180997688e-07,0.9393312068754682
449,-3.904651091072913e-07,0.9393590712500954
450,-1.2298536317842203e-06,0.9433861705210882
451,5.533424661230217e-07,0.945913302356877
452,2.7204047776118645e-06,0.9176982876448602
453,1.935587623967282e-06,0.9233814231446623
454,1.3549093254761814e-06,0.9417890668669107
455,-8.791861791205756e-07,0.9453509083200193
456,1.3105413145914822e-06,0.9346229265468821
457,-9.773541838301222e-07,0.9414354864628844
458,1.7423113340529566e-06,0.9309897212964799
459,-6.250648720529335e-07,0.947561670555245
460,2.8510109891998827e-06,0.9262581340021588
461,3.500331644013253e-06,0.9117389179212873
462,-1.322035620251295e-06,0.9388326811323365
463,3.0278258590227063e-07,0.9519104131792824
464,-7.149310600656487e-07,0.9380314800138421
465,1.0588492872315734e-06,0.9402864747043396
466,2.0327732861149937e-06,0.9291804518634929
467,-2.1277670676941154e-06,0.9459816216985212
468,1.0033945342362395e-06,0.954408695353083
469,7.474152150731666e-07,0.9372616210265283
470,4.402056302255612e-07,0.9511004833840023
471,1.9435881300772115e-06,0.9321021743081018
472,8.511343522901382e-07,0.9421353661114621
473,7.104484867685903e-07,0.9488796782042391
474,2.4198195759741697e-06,0.9210898935968224
475,-1.421954505556898e-06,0.9296500218997895
476,3.776601950228569e-07,0.9473291422005763
477,8.614522137799089e-07,0.9445363316858676
478,9.262052170047952e-07,0.9487164878194702
479,1.7662293892236443e-06,0.9324274987876253
480,-1.475585066864953e-06,0.9369956045565331
481,1.7507203815443181e-06,0.9289245778126214
482,-9.064463405139407e-07,0.9464091867081054
483,-6.052130321985009e-07,0.9447757100908512
484,9.975226013408525e-07,0.9422576449729743
485,-5.934737184740669e-07,0.9434625972961098
486,-6.034250924298919e-07,0.9443363668881362
487,1.7585859947789529e-06,0.9368912143625938
488,3.3488790612563465e-06,0.91519331966231
489,4.979943575545105e-07,0.9513832357331762
490,1.8725772026670132e-06,0.9374597871507624
491,4.083557815173407e-06,0.9049463563082326
492,2.2484817731129396e-06,0.9245191424352585
493,3.459050411826264e-06,0.9094706370884914
494,2.4223909944283603e-06,0.9230080216120973
495,1.8393365379887422e-06,0.9379472089212572
496,-8.435241484069995e-08,0.9418146987988877
497,5.336542158922178e-07,0.9427263847316018
498,-1.1124230265188467e-06,0.9288282952963709
499,2.9023001950731e-06,0.928435079849214
500,-1.6808122322029982e-08,0.9483688597229186
501,2.245942574257861e-06,0.9316580608491881
502,3.8051106244333257e-06,0.9150569869850024
503,-6.96576309060911e-07,0.9469896216854687
504,-1.7081550376763413e-07,0.947963806620109
505,2.735086487426555e-06,0.9181221402306207
506,8.317581871347739e-07,0.9355535406403683
507,-6.377430337029854e-07,0.9408882527837726
508,3.5660172783689155e-06,0.9145066794792592
509,5.19343572494065e-06,0.9028401401742979
510,2.5256167883503188e-06,0.919274246854712
511,7.028174286052832e-07,0.9372568180127131
512,4.5186847473460315e-07,0.9431962430632946
513,8.819050400381782e-07,0.9453085937686182
514,5.287214785989373e-07,0.9489304543469392
515,-1.4038937932026747e-06,0.938202382094905
516,2.4972717243027824e-07,0.9487701516827415
517,2.3342607284458676e-06,0.9194497851017662
518,3.3072410927513037e-06,0.915959345714576
519,3.937797440734838e-06,0.9109770867873022
520,3.0693197759278266e-06,0.9196055715054597
521,1.377999044836297e-06,0.9368011257179994
522,5.966561879861341e-07,0.9427467043296873
523,1.3110872726753025e-06,0.939630844937187
524,1.3239185351941102e-06,0.9393567008509883
525,-1.4878723747002188e-06,0.9396412084787886
526,-2.429984354311789e-07,0.9393329319348903
527,3.914546505988304e-06,0.9179055278969809
528,9.321065698986046e-07,0.9460270839786599
529,4.1724056764327355e-07,0.9434805678543954
530,-5.093223893010153e-09,0.9467503635910242
531,5.330141316368048e-07,0.9411001089102393
532,-3.6235143117099695e-06,0.9128477212797185
533,-6.06893394817016e-07,0.9454174167108855
534,5.638661829270165e-07,0.9475354029770207
535,9.69758965868014e-07,0.9339702821842792
536,-1.083578298346969e-06,0.9329592418326428
537,-4.377935584693147e-07,0.9421085254217878
538,2.424449268884038e-06,0.9266869220954786
539,-2.0385541292416223e-06,0.9252366314133671
540,8.89890331000091e-07,0.9360797200428392
541,1.0787488377708931e-06,0.9350174341748972
542,7.333195137637319e-07,0.9398216913981899
543,1.1287268793061119e-06,0.9459166158892095
544,2.3819752021726946e-06,0.9207742153480286
545,4.979572982010789e-06,0.9061081949887498
546,-1.524178868733493e-07,0.9441442596689803
547,1.4951103571262391e-06,0.9385709724411273
548,3.7851240714118848e-06,0.9146910319546687
549,-1.1691171839551138e-07,0.9462940855565716
550,1.954319725065438e-06,0.9237545300853758
551,3.3476471301014733e-06,0.9138003825335594
552,2.4886385501743605e-06,0.9311107459161316
553,5.85208539024429e-06,0.9
554,5.02336469729035e-07,0.943328562712275
555,1.2272463253453621e-06,0.9345046880562314
556,2.893703475827244e-06,0.9261037750797754
557,5.358171447710551e-07,0.9410884252795776
558,2.481551857159786e-07,0.9451729191028606
559,1.7409067439207364e-06,0.9335563285274736
560,2.2675550714287667e-06,0.9347612016450949
561,1.4276351522406462e-06,0.9386889340120502
562,4.891002485310032e-06,0.9039433578813948
563,1.6217961337704058e-07,0.9480365829199389
564,-1.72577348712892e-06,0.9354695876408331
565,6.608190696435887e-08,0.9448853088911835
566,-4.404936725117343e-07,0.9513123433270267
567,5.325986406271899e-07,0.9484956312287807
568,1.567242407763663e-06,0.9353293282384231
569,3.328723118763829e-07,0.9491499821560555
570,2.6436509651908834e-07,0.9481386418391721
571,2.7236919264056792e-06,0.9293481498331483
572,2.48042890386721e-07,0.949380494550886
573,1.8857893262887267e-06,0.9323292644499152
574,2.173553529782984e-06,0.9321377308736409
575,3.897609355731953e-06,0.9218052676882971
576,6.832697262298233e-07,0.9514687988473522
577,1.6526428619384301e-06,0.9325861271877688
578,1.922275865160804e-06,0.9296122257056886
579,8.792562707923455e-07,0.9357247449964072
580,1.0768309317537065e-06,0.9438950790975889
581,2.1043293147000513e-06,0.9307751775759788
582,3.735456797767228e-06,0.9233159845702342
583,1.7474589295149789e-06,0.9405139885157522
584,1.5081125799828005e-06,0.9353588298722056
585,2.4899171706244758e-06,0.9247483259847076
586,-2.8400750616188713e-06,0.9203055440450929
587,-1.4692664317738692e-06,0.9333678523363761
588,7.237275134802496e-08,0.9465801998583085
589,-7.405065899909701e-07,0.9366006441825387
590,-9.109144077423612e-08,0.9472341057346528
591,4.6890030544554517e-07,0.9466055788947457
592,2.081225323415245e-06,0.924138760254063
593,-4.5663079653591384e-07,0.9537573344012065
594,2.162980499896047e-06,0.9244921355917836
595,-1.0646734559000709e-06,0.93686082788734
596,5.408829747558603e-07,0.9480004847001209
597,-2.7478429801675514e-06,0.9176984420209294
598,3.836429120735896e-06,0.9117168575404799
599,1.0472274837032186e-06,0.9367055771470676
600,2.213089593779669e-06,0.9188504027979056
601,2.649392303946353e-07,0.9369447025256976
602,9.152593426176899e-07,0.9386171268974024
603,-1.6692032949890515e-06,0.9383606779161823
604,2.0546914762508776e-06,0.9346019393526257
605,-1.4714964488989167e-06,0.930266684647734
606,2.876471990459393e-06,0.9252878239862969
607,3.199822631550317e-06,0.9168020416812876
608,7.713426368571836e-07,0.9453672041761993
609,-1.221963640685963e-06,0.9387594027877608
610,5.015982552443193e-06,0.9
611,-1.6270334047094433e-06,0.9357851574272397
612,-4.997956916738314e-07,0.9444671249579162
613,2.692421742243108e-06,0.9258663343759663
614,1.6249236807168014e-07,0.9525675374543309
615,-1.7306994635970736e-06,0.9336785407696702
616,3.3019843094905727e-07,0.9348995411593481
617,-9.968573594124764e-07,0.9399583549611785
618,2.1451039790536648e-06,0.9286578172294205
619,4.7123204948085376e-07,0.9493365993962429
620,1.386644832523048e-06,0.9411199247425811
621,1.868459589794202e-06,0.9277552768054762
622,2.023286691394153e-06,0.9345718662239831
623,3.1938490319436547e-06,0.9154258188328457
624,3.634097550612282e-07,0.9507678593653461
625,2.2970926382618375e-06,0.924477476650457
626,-1.3314822756556588e-07,0.9465033791360942
627,1.0733995566059973e-06,0.934826947592155
628,1.6198813239463635e-06,0.9251671696513862
629,-3.8890120395473945e-07,0.947031082388428
630,-5.296728610731217e-07,0.9426114180954849
631,7.416873182625753e-07,0.9531883212443594
632,-1.1505334815063585e-06,0.9396730749733524
633,-6.990873445434091e-07,0.9376974394534581
634,-4.5867828835259e-07,0.944630566233322
635,3.2473692157035285e-06,0.9234004881506531
636,2.103741985739917e-07,0.9465638710168915
637,1.894986116046199e-06,0.9313384245824838
638,-7.617778170708202e-08,0.9525453037684918
639,3.5476491505372107e-06,0.9198156432947887
640,3.1232181665771077e-06,0.9180709313017853
641,-7.921829957340286e-07,0.9320767993210166
642,-2.3802782808846966e-06,0.9251804725271054
643,1.7590953849175768e-06,0.9366244565558531
644,1.3357195780934922e-06,0.9330347475671414
645,1.99605522966072e-06,0.9240486813442438
646,-8.262739526345653e-07,0.9448019490611056
647,-1.0340778621506227e-06,0.9358328618200762
648,-6.240081514566507e-07,0.9446055977192516
649,1.8894767013525393e-06,0.9341750120506721
650,1.3760380854748082e-08,0.9490231755386811
651,2.12513520053871e-06,0.9260967718738086
652,-5.202043399669156e-07,0.9415900889767425
653,-3.0588451546916896e-08,0.9498476024002172
654,9.019577798989649e-07,0.9401433443833643
655,-3.392411063281935e-07,0.941946288261852
656,1.9870791333721943e-06,0.9318449573125321
657,2.4701188420705005e-07,0.947245462978177
658,2.8906114311571487e-06,0.9207342729974236
659,9.348445169917303e-07,0.9482885377143365
660,2.6629246597423788e-06,0.9201666112565126
661,2.662959238847124e-06,0.922520730042636
662,-7.416452732923595e-07,0.9491043843546161
663,-1.9417357930183337e-07,0.9455084631115405
664,3.325652064683606e-07,0.956859282988444
665,-5.834474800691551e-07,0.941152348326661
666,3.951268166082262e-07,0.9486847890299507
667,8.329760819814094e-07,0.938333671730507
668,1.9457789141194575e-06,0.9373247089787878
669,-1.6609994607426734e-06,0.9299823436922822
670,1.7661412321550172e-06,0.9261744370151594
671,6.957187463947076e-07,0.9493964763020228
672,1.9437717577327143e-06,0.9331673113798461
673,2.1438665637977643e-06,0.9301859603936831
674,4.028902679958243e-07,0.9507954308844031
675,1.8037326890600467e-07,0.9473886991465092
676,-1.713882603261919e-06,0.9304723518912562
677,1.0702832832917304e-06,0.9394292479457653
678,2.426937524898937e-06,0.9235412577589944
679,3.058330950543667e-07,0.9442358483102503
680,1.3313602018327514e-06,0.9444179147376575
681,-2.764666206474609e-06,0.9199149764294854
682,3.8045233914074046e-07,0.9355374006807199
683,7.44644367144369e-07,0.9407869933860415
684,2.3929074957276303e-07,0.9420903116309973
685,8.034396060468157e-07,0.9361333701463976
686,-4.0799064403083337e-07,0.9449228841388048
687,2.58344537836225e-06,0.9262172086686018
688,1.9289108618734652e-06,0.9405188916812497
689,1.6505659563363336e-06,0.9282602190904712
690,4.0149084974644825e-08,0.9453130200182873
691,7.255472786806004e-07,0.9406875589396311
692,-5.697317881787888e-07,0.9489228100842035
693,2.541342505789118e-06,0.9254836728320298
694,-6.650348378956424e-07,0.9439574600695241
695,-3.88378403188737e-08,0.9560405430842699
696,-9.760986648079499e-07,0.9435270520955136
697,1.964796185509333e-06,0.9348342714369198
698,1.2581553939030345e-06,0.9357679316302083
699,4.7843783601028685e-06,0.9
700,2.0956556162331764e-06,0.9291356042756653
701,1.493322565049076e-06,0.936754477094318
702,-7.947137311913855e-07,0.9353414985030868
703,-1.1072996094783599e-06,0.9366968782201988
704,1.3412021554961208e-06,0.933151185169645
705,-1.3629288526886562e-06,0.9409634726540256
706,-1.5271133717764282e-06,0.9371276699687913
707,-2.635100268022567e-07,0.9534527658408687
708,9.887932527125826e-08,0.9402083712510898
709,8.789996500144561e-07,0.9370081605949648
710,2.244008589954879e-06,0.9292086013415818
711,-6.737467423723637e-08,0.9443127767375324
712,-8.194270178057431e-07,0.9388761893602519
713,3.1313318586549442e-06,0.917967924035324
714,2.462403701707506e-06,0.9179715852083558
715,-2.1412978406227483e-06,0.9238598970119397
716,1.996890904238297e-06,0.9285867300982369
717,2.370189607729068e-06,0.932617154731672
718,-5.94463237795754e-07,0.9482270166540152
719,3.170036412797395e-06,0.9234672294169378
720,-1.616607411213838e-06,0.9245592621541906
721,2.217694676714619e-07,0.9457284273764218
722,2.2947820554431688e-06,0.9222139696235794
723,1.6091244252715613e-06,0.9284927442178132
724,1.495618346856305e-06,0.9327583408006006
725,1.5171402633970123e-06,0.933009466262103
726,-2.601652335169511e-06,0.926528327937446
727,2.819685594199763e-06,0.9176239531006977
728,2.240954608167621e-06,0.9245236589039101
729,-1.2253654008028661e-06,0.9346898014134889
730,6.463603991614281e-07,0.9369342980689312
731,3.107750757664897e-06,0.9112683355238335
732,7.222307506666242e-08,0.9446664953454038
733,3.1143332396904915e-06,0.9113198015901052
734,2.265747914868206e-06,0.9283282778586515
735,-1.0616860876166887e-06,0.9376252805542896
736,6.480329648412018e-07,0.946444430080834
737,-9.424504876507427e-08,0.9522147633602656
738,1.019268760520652e-06,0.9420633743351716
739,-4.7359084230076894e-07,0.9440584641470974
740,1.1178063261375984e-06,0.9392301707096277
741,8.773180579037326e-07,0.9516883156457956
742,1.8625983020078346e-06,0.9350112719869038
743,1.3370124814774582e-06,0.9392961837467197
744,1.259441231438453e-06,0.9464944612084394
745,8.441517838389556e-07,0.9457151948193299
746,4.287822716857054e-06,0.9103870222246103
747,4.838066208202629e-07,0.9414918211375272
748,1.4496578075488196e-07,0.9505088910642729
749,3.8044019482484486e-06,0.914974103803409
750,3.198274572962509e-07,0.9452770994910182
751,7.003677055189067e-07,0.9362931742282328
752,2.0547156852307797e-07,0.9454375143053777
753,5.3994897484519465e-06,0.9006394744421276
754,-7.824052645536185e-07,0.9343299183175391
755,-1.156348177207086e-06,0.9455046572511894
756,-1.225471301921828e-06,0.9457939657960087
757,1.3247267359721078e-06,0.9355228374821145
758,-8.974673336674242e-07,0.9473445284975226
759,1.8165717513593345e-06,0.9363347991560313
760,5.023001922665642e-07,0.9483102294362535
761,3.3179377638506768e-06,0.9197969735959518
762,-7.549626390728321e-07,0.9450500058064656
763,2.151145184368159e-06,0.9368728458672885
764,1.8785145397584852e-06,0.9367224335779625
765,1.928713584289421e-06,0.9239380115926809
766,2.2707006256391107e-06,0.927892840980916
767,4.144811800711375e-06,0.9013555227050752
768,-8.780107675135381e-07,0.9448468800857673
769,3.3656154617883743e-06,0.9157425191526679
770,7.545897172544736e-07,0.9434898457758888
771,1.619694051065797e-07,0.9533179930635529
772,1.643650579012378e-07,0.9518580161050542
773,-1.185070914724613e-06,0.9467419592899045
774,-2.464622649152519e-06,0.9200374966734989
775,4.5560324993286195e-06,0.9049447781512016
776,-1.202883660280411e-07,0.9424115904894409
777,2.3879312177892343e-07,0.9490608899038092
778,1.7199293615225079e-06,0.9344120260620962
779,-1.928596604980861e-06,0.9314086932429791
780,1.482695905672413e-06,0.9369162017715859
781,9.858079404615537e-07,0.9339970225004572
782,-5.407731094452928e-07,0.9506577475140748
783,-3.0672358659616876e-07,0.9433226349741285
784,4.627873889891813e-07,0.939288966785024
785,1.955643545194767e-06,0.924101280287231
786,2.6782314269473224e-06,0.9164937002021017
787,4.893808391729926e-07,0.9468250869668051
788,2.2070934373849526e-06,0.9268040298253958
789,-1.899728282680278e-07,0.9551954958285399
790,1.2292619219719162e-06,0.9368541191118601
791,-1.9813167980881327e-06,0.9311446862249637
792,9.298551499337399e-07,0.9339220410154644
793,-3.160511421778743e-07,0.9473062623199774
794,1.6879841817734856e-06,0.928028165749354
795,-6.816825007356281e-07,0.9437614462954346
796,-4.126876486080177e-07,0.9448696927820766
797,3.787243401926564e-06,0.9119142667740594
798,2.579180415457074e-06,0.9179806845075544
799,-2.950999295280199e-07,0.9431037010874046
800,-8.346401708696486e-07,0.932811529607273
801,1.2472130984658499e-06,0.9394623051442256
802,-5.807295189225652e-07,0.9404668958395337
803,1.0623389093198475e-06,0.9394806509126852
804,2.595410624258094e-06,0.9297144333609273
805,-1.3569541621448476e-07,0.9483048045900985
806,-6.69494104966472e-07,0.9508162601195266
807,1.3644093360931056e-06,0.9413247273602907
808,3.5377330980775376e-07,0.9515660596197629
809,2.1316338556259833e-06,0.9350781742638478
810,-1.220297112148097e-06,0.9381710263556702
811,2.6984341083377153e-06,0.918337311392968
812,1.7743370598908567e-06,0.9351132926184833
813,2.0618702903146305e-06,0.9310499858072845
814,1.9278658648838404e-06,0.9328850764859831
815,2.8384331779296574e-06,0.9180271705247458
816,1.4828032836518672e-06,0.9412659312944955
817,-3.216908009924703e-07,0.9433275375209331
818,1.7779567829912377e-06,0.939130897170973
819,7.206889970303169e-07,0.9432707863828115
820,1.5201758412827402e-06,0.9323643768737925
821,4.4573958523354925e-06,0.9008028996359987
822,1.0805454534486787e-06,0.9397251323377388
823,-2.5767666654932295e-06,0.9200207435526707
824,-1.2346111693691007e-06,0.9412552666288376
825,-1.7820623080558291e-06,0.9368887731273274
826,-9.579755107723904e-07,0.9452278418332071
827,-1.3058582527615773e-06,0.9390615966621951
828,2.436691374843852e-06,0.9284986400782882
829,-1.0245384634119208e-06,0.9454034710357189
830,1.8115853183178953e-06,0.920094884099408
831,1.1131237886672683e-06,0.953037317944087
832,2.7275238292331946e-06,0.9202297063239402
833,1.808581871149547e-06,0.9299499826132974
834,2.5638165358333354e-06,0.9202908192326125
835,2.875157720193254e-06,0.9258504315002274
836,1.966640185056399e-06,0.9406877144879443
837,2.5496159935686103e-06,0.9296117610071332
838,2.7430674249037588e-06,0.9261380795557933
839,1.6800500694112475e-06,0.9298131582497499
840,-1.302151688185503e-07,0.9508581007958326
841,1.9126841058827076e-06,0.9309622815721985
842,1.6172618107237343e-07,0.947702199406517
843,8.498720033791226e-07,0.9428765786529534
844,5.780249110461962e-07,0.9500482941025531
845,7.568693480802359e-07,0.9392147167621108
846,8.047957818091409e-07,0.9364451032034192
847,4.166155394069722e-06,0.9116160229400204
848,9.140964809591694e-07,0.9479413233864122
849,6.051648229190787e-07,0.9437810409039874
850,-1.9605052092946894e-07,0.9433367542469014
851,1.2725802209088836e-06,0.9425942879173407
852,-4.756655065562442e-07,0.944046981304555
853,6.072918969396792e-07,0.9477848232570858
854,2.414492699238022e-07,0.9513511292180679
855,2.0822839607065375e-06,0.9258673417669314
856,4.634697405551966e-07,0.9457677054258625
857,2.3232406751041108e-07,0.9432025053729112
858,3.313244001664838e-06,0.9079543304682871
859,1.3073574162372087e-06,0.9437490916342255
860,-3.5970482634059434e-07,0.9465347064959126
861,2.382653785134272e-06,0.9109611243804674
862,8.525751529737678e-07,0.9336128045068376
863,2.4797266108901875e-06,0.9212405803926602
864,3.7976842597378087e-06,0.9072484936078147
865,1.6550359959002915e-06,0.9290677122685667
866,5.52301207454509e-07,0.9444556746826268
867,9.745477110396266e-07,0.9485287786861687
868,3.2242000963143868e-06,0.9140110984836848
869,1.0017915078734041e-06,0.934163522240431
870,-1.3003948830610072e-06,0.9336614995647987
871,3.6349188723225683e-06,0.9052128458446819
872,1.8578851177962465e-06,0.9337228232840585
873,-2.602286496501444e-07,0.9506226422777262
874,1.960686801951387e-06,0.9302057761055164
875,6.912211916274627e-07,0.9418602111724799
876,-4.2209403929589977e-07,0.9466060154635162
877,1.21700622695857e-07,0.9495906167404369
878,-4.682005993660747e-08,0.9462454094697494
879,5.796419299084287e-08,0.9557654316044326
880,-1.2786477692513993e-06,0.9460764401871494
881,2.1651373205399756e-06,0.9205334762352029
882,3.901351524109053e-09,0.9418479852837807
883,1.9704180652467864e-06,0.9366790450301211
884,1.2999329793046849e-06,0.9430959361179324
885,1.2268014674425501e-06,0.9425868804708638
886,1.4005816102256894e-06,0.9360644011767987
887,2.1737102954444185e-06,0.9274812918994298
888,3.270422563899271e-06,0.9157184826203821
889,1.8421062937292e-06,0.928045605693729
890,-1.5936058263145682e-06,0.9358537110391316
891,-1.9641233926994414e-06,0.9411045889418637
892,3.6302865554419424e-07,0.9459808706007745
893,4.3379652073571626e-07,0.9463659026547789
894,1.4774462741365722e-06,0.9310261460327208
895,-3.168467251992243e-06,0.9128114409320761
896,1.5234978369048947e-07,0.9498776157493848
897,1.2258340811717938e-06,0.9415077860904655
898,-1.706040386003433e-06,0.9284758103029475
899,2.232565646092289e-07,0.9553880037321276
900,5.297891981516751e-06,0.9
901,2.683178521268115e-06,0.9236026772643953
902,1.8236392771690693e-06,0.9251416273642102
903,3.105897536749779e-06,0.907835547753118
904,-1.1795818989365856e-06,0.9368552601767087
905,-2.157441070145134e-08,0.9499133903536513
906,-1.6845679371246506e-07,0.9465322303327773
907,6.345467906530409e-07,0.9425378207928314
908,1.168980380190466e-06,0.9427906170137662
909,-2.791967121507695e-07,0.953946511103499
910,1.0092907262750725e-06,0.9462123050585849
911,3.805011475565151e-07,0.9418637927477674
912,1.059004921884724e-06,0.9522294606266694
913,-1.26116081146927e-06,0.9407750141995852
914,1.2149332120568761e-06,0.9398706820884597
915,-1.0054190014182572e-06,0.9422314799677131
916,1.4041915818702223e-06,0.9285402754061179
917,1.1405698748825754e-06,0.9373794780537354
918,3.6184691283116844e-07,0.9461533687240244
919,2.67566900056356e-06,0.9255340274284889
920,-7.451258381689487e-07,0.9450342799907943
921,8.585124365890011e-07,0.9383336458796767
922,-1.0603414883421877e-06,0.9434315560611634
923,1.3771585231493392e-08,0.9544026468517004
924,-7.985755925673384e-07,0.9519881051549534
925,5.156967623640477e-06,0.901141764920085
926,3.010303402331617e-06,0.9176299702191587
927,4.271542595150724e-08,0.9555431607799846
928,1.172210876005675e-06,0.931417745366777
929,1.0531779125536752e-06,0.9333588582547573
930,6.318457134066506e-07,0.9489256708796889
931,3.2716002065030663e-06,0.9186653743465735
932,3.0766968103168604e-06,0.9169333258516196
933,3.6587650527978105e-06,0.9097976102217572
934,-3.701091328076144e-07,0.9439944410490293
935,-2.7104356056250703e-07,0.9498766644203605
936,2.9387586722840687e-06,0.9206899550674209
937,1.4282919324986647e-06,0.9288049040547249
938,1.0830558004251115e-06,0.9480231364387443
939,3.1960877333465157e-06,0.9125652428401422
940,2.2511128748469506e-07,0.96
941,1.5994675274171275e-06,0.9415818595009197
942,3.4865614985458493e-06,0.9095557016116694
943,2.090165643734447e-06,0.9300347814033101
944,3.7238298956798417e-06,0.9225724709819023
945,-4.070512338042107e-07,0.96
946,1.199346672140433e-06,0.9411680139722169
947,-3.329353831189876e-06,0.9217480077500172
948,-2.529882914616195e-06,0.9239815363285575
949,4.0349963813701604e-08,0.9519271202419402
950,1.2156157354360245e-06,0.9407785419457388
951,2.927639155609336e-06,0.9157037760044794
952,5.995321139987268e-07,0.93977750003053
953,-5.503189996116273e-07,0.954160258354921
954,-1.1093293752863391e-06,0.9347962409105771
955,4.4496152377532095e-06,0.9048696682722072
956,8.239324563568978e-07,0.9437632865522732
957,-1.0068092881613806e-06,0.9353215591046683
958,-6.252200997371344e-08,0.9545858883681314
959,2.005172402502146e-06,0.9267970440923945
960,7.128219384050259e-07,0.9467689735795333
961,-2.901039099333793e-06,0.9225008503294011
962,2.143646583465461e-06,0.9239713655644187
963,1.9705019115278564e-06,0.9303699851766266
964,3.833355957835961e-06,0.9090511266676052
965,1.8752968169178766e-06,0.9238971671763085
966,1.0474570894283473e-06,0.9436019117700318
967,8.33197764276147e-08,0.9547647749000194
968,2.4036928488928924e-06,0.9266821838506822
969,4.911287671404373e-07,0.9296688262962477
970,-1.1465812231931529e-07,0.9543574575957101
971,4.875771633819393e-07,0.9473836421761345
972,1.8157314372374484e-07,0.941049923999314
973,2.1267695769754595e-06,0.9225906824338602
974,5.052811488621046e-07,0.9467689843528448
975,-1.6252514653666333e-07,0.9562265658324799
976,4.092011578323488e-06,0.9050320988795301
977,-3.104104537962072e-07,0.9447033897615621
978,2.776834121206824e-06,0.9246613270064593
979,2.13140210640895e-06,0.9352626081657698
980,-5.277111201633772e-07,0.9472365886895157
981,1.0081768558801015e-06,0.9420687088402907
982,2.7703158700714935e-06,0.9215383115761882
983,-1.9272045386929398e-07,0.9428172881552841
984,3.74138732069294e-06,0.9123760075232736
985,-1.2700783941242687e-06,0.9442141726009055
986,-1.8192413168299706e-06,0.9240580046864915
987,4.1821476751979973e-07,0.9430836521111413
988,1.4260752312479854e-06,0.9261074210632653
989,1.4487121846481936e-06,0.9419049199467348
990,-6.508941305138715e-07,0.9415992309685483
991,-3.6144543025814196e-07,0.9479874594994002
992,-8.011823604265086e-07,0.9359841953036286
993,6.825094048879498e-07,0.9448600648309995
994,1.1665595850674416e-06,0.9361364233462346
995,1.9977218649060462e-06,0.931174607453092
996,-9.518835405856165e-07,0.9271018666671658
997,1.762114767905131e-06,0.9310959709267312
998,-8.569045575716486e-07,0.9495577690292906
999,3.516838395947891e-06,0.921199414977699
1000,1.2877009070038713e-06,0.9213011987785712
1001,2.811076330458258e-06,0.9172864666644897
1002,2.6963506633707683e-08,0.9542264610380135
1003,4.1858604269306514e-06,0.9158467949455313
1004,1.2015363099038404e-06,0.9416794060691343
1005,-8.505517154085743e-07,0.9333815187911869
1006,2.657809465136934e-06,0.9250348508779807
1007,-1.400591571452362e-06,0.9357540939404685
1008,1.9144536556504757e-06,0.9353893878360124
1009,1.9324073170791193e-06,0.9288600216436289
1010,-4.37694364834925e-07,0.946208659022707
1011,2.2115390155343017e-06,0.9324108511355587
1012,3.4605985495939714e-06,0.9155690360294829
1013,-8.583494010906082e-07,0.9468489973895818
1014,1.056970702118472e-06,0.9330167951967523
1015,1.924900203159763e-06,0.9378103682379252
1016,1.5384894349353384e-06,0.9417354816047718
1017,1.458731271874993e-07,0.9449035678712001
1018,2.2952029353170425e-06,0.925284205506707
1019,2.858045798073557e-06,0.9222733727430292
1020,2.879664277514002e-06,0.9243597060287211
1021,-5.213757455545741e-07,0.9348286496170606
1022,2.1784538087832646e-06,0.9310412140749105
1023,-7.107601985199982e-07,0.9468852884381783
1024,3.155359686892783e-06,0.9149098151286162
1025,-2.180517524239104e-06,0.9330479289485871
1026,2.965528475800126e-06,0.9166752886778426
1027,2.1654234190154194e-06,0.9300038494703305
1028,7.471341180930225e-07,0.9454314809461304
1029,1.1700297636722203e-07,0.9433232661491934
1030,1.5742808013999233e-06,0.9355978150523021
1031,-3.1653793399893573e-06,0.9124404475251479
1032,-1.562785031894722e-07,0.9510618302514369
1033,-1.5213716968826953e-06,0.933188158131978
1034,4.032895574051315e-06,0.9100050191010974
1035,1.1297590447491094e-06,0.9383973778778376
1036,2.498855219861969e-06,0.9252201222315393
1037,5.69453731535956e-07,0.9450664211802502
1038,3.0504343084629115e-06,0.9215059583003978
1039,1.0145777681456827e-06,0.9457422013223417
1040,8.407773434380441e-08,0.9331489314678815
1041,1.6408999030010279e-06,0.9357714109239336
1042,-7.663342304832963e-08,0.9478888729282158
1043,2.9413154149744334e-06,0.922856524496013
1044,3.289120671005553e-06,0.9184515869498964
1045,6.753115284736032e-07,0.9467858656032313
1046,1.5128185499130498e-06,0.937065622329803
1047,5.522013952412804e-07,0.9416181058151784
1048,6.407891523440134e-08,0.9519588871390917
1049,1.964283219896741e-06,0.9172139909363687
1050,-2.545644802183799e-07,0.939501553404305
1051,1.2176967622193137e-07,0.9457658383628902
1052,1.1593428359074322e-06,0.939336188610924
1053,4.341146513848237e-06,0.9084528962806578
1054,1.946411526029766e-06,0.9234263765645458
1055,3.8400895924765024e-07,0.9407433310996283
1056,1.8821411857447156e-06,0.931439279873907
1057,3.730482116258419e-07,0.9510517375546088
1058,4.889853982992073e-07,0.9517799723728754
1059,3.041055648135837e-06,0.916411182674289
1060,2.708476206178784e-06,0.9234786762059429
1061,2.885601609340432e-07,0.9490884762891337
1062,-1.6264702055026796e-06,0.93104574498813
1063,1.591589560735723e-06,0.9326124817249803
1064,2.6515074465218676e-06,0.9214945878602486
1065,1.1158448710707897e-06,0.9382400281393303
1066,-1.5318058538897842e-06,0.9366438415487046
1067,1.4298478751051672e-06,0.9260379395968388
1068,-3.0437049184459794e-06,0.9172954745724434
1069,2.895960639782923e-06,0.9346320866409398
1070,-2.0022164667566176e-06,0.9381058392265781
1071,2.7849939854172668e-06,0.919233325696924
1072,3.943318200386075e-06,0.9128995180058824
1073,5.552992325114469e-07,0.9355447681605124
1074,1.0842361267346453e-06,0.9393646770478893
1075,4.513986357129333e-06,0.9001308317950504
1076,-5.020661256063021e-07,0.942426000390441
1077,5.1838742337908624e-06,0.9
1078,3.0198979413196107e-06,0.9120120763052492
1079,1.6129835502352887e-06,0.934361234190846
1080,-2.0313481119064168e-07,0.9515578870399143
1081,-3.648280129366758e-07,0.9382758831414489
1082,4.197432989257433e-07,0.9412160277365484
1083,1.3360202118401306e-06,0.9352092696636912
1084,3.4303751495981185e-06,0.9141003278180222
1085,1.3624054134147795e-06,0.930565015199149
1086,2.3493366601836781e-07,0.9430925084834421
1087,2.8214710785487396e-06,0.917997431631912
1088,-1.2436625663441541e-07,0.950250505211733
1089,-2.2603688699089558e-07,0.9547878941890237
1090,4.062044797924978e-06,0.9048923574491038
1091,2.276867336263931e-06,0.9230063310399819
1092,3.4707146864716756e-07,0.949980151152137
1093,1.1438438922823357e-06,0.9393932765434523
1094,2.682301550629978e-06,0.9286337988885895
1095,1.0013204042134546e-06,0.936814517312059
1096,9.207120752429968e-07,0.9357490936517592
1097,2.180919388362936e-06,0.9272495574634413
1098,-8.55467468574218e-07,0.9481501108735765
1099,8.966793742433797e-07,0.9372930844400043
1100,2.7536957782119197e-06,0.9287505290114202
1101,-2.109943894276094e-06,0.9344374220550584
1102,1.1721524163401038e-06,0.9431355246807016
1103,8.09809936603005e-07,0.9437980806075089
1104,4.3047138806174586e-07,0.9506566909919106
1105,-1.5886827606705567e-07,0.9535423324075238
1106,1.2055275021311548e-06,0.9417283044625853
1107,-7.01347337917621e-07,0.9451004267862928
1108,1.7745262063302837e-06,0.941526319705402
1109,2.0385877459774982e-06,0.9266734413850085
1110,-9.19331560113257e-08,0.9528862252057317
1111,5.174629614884135e-08,0.9468851855069753
1112,-4.606361893962876e-07,0.9460591619799602
1113,1.2703397042109474e-06,0.935665823423441
1114,3.6391179694762382e-06,0.9164642671336922
1115,3.7406098531927935e-06,0.9132482251705824
1116,-2.580547125883158e-07,0.9424465529309684
1117,7.207231553715936e-07,0.9465590755341858
1118,4.412021611662005e-07,0.9498724691377578
1119,3.170683213424969e-06,0.9142597508704956
1120,-8.468180404204293e-07,0.9462726609993266
1121,1.3497741354625288e-06,0.938129579260577
1122,2.037360031079453e-06,0.9219967035752962
1123,1.6262063614111533e-06,0.934640292336224
1124,1.6593027476754722e-06,0.9286330679117871
1125,1.0473044956827213e-06,0.937108773091369
1126,2.5931317442374273e-06,0.9236348552196298
1127,-4.544047696878419e-08,0.944591397172197
1128,2.318769446883142e-06,0.9317182892226651
1129,4.005047794603324e-06,0.9083392109947415
1130,-7.083513398974188e-07,0.9422867559482991
1131,-2.024506443033754e-07,0.9448299409593793
1132,1.679045188362553e-06,0.9386697860978497
1133,1.5807126021604714e-06,0.9347589944908605
1134,2.2345077681278043e-06,0.9265175456668687
1135,3.244756970103385e-06,0.9325479235979592
1136,-9.33146219489487e-08,0.955113051274858
1137,2.86084087537906e-06,0.924027341730182
1138,2.982147301674079e-06,0.9219525688297724
1139,1.9587145215152464e-06,0.9308226335264475
1140,1.1424891989012717e-06,0.9417556404132914
1141,1.593405276883449e-06,0.9288310505024939
1142,1.7342784137983504e-06,0.9314294838309662
1143,2.4557484488133634e-08,0.9546040988148042
1144,-5.820335735597658e-07,0.9428241052679042
1145,-7.942583027322993e-07,0.9400467046228291
1146,4.757837282374653e-06,0.9
1147,6.739595453497574e-07,0.9502205380115747
1148,1.6207055334214333e-06,0.9331001166381306
1149,-1.9545170825900417e-07,0.9514133035858994
1150,3.968210987355135e-07,0.9569052177402613
1151,4.6308342824201815e-07,0.9538191440175285
1152,2.325337541663982e-06,0.9310916328043565
1153,6.626357540417178e-07,0.941076511902268
1154,4.993505212969643e-07,0.9502337539629976
1155,1.757889654914918e-06,0.9230912805925686
1156,-1.1518041759501056e-06,0.9378060769189499
1157,1.7772252875219422e-06,0.9310817713218653
1158,1.0943128312689913e-07,0.9439847436958515
1159,2.3819112118581237e-06,0.9266784691218556
1160,3.613750884261201e-06,0.9073639545061742
1161,2.0258181450050545e-06,0.9324802002492669
1162,2.2760592573995137e-06,0.9313727415017925
1163,1.0231959601047991e-07,0.9480735754613286
1164,1.1832870020250443e-06,0.9331530099026314
1165,2.5720940004781875e-06,0.9119065358292144
1166,-9.495411692976625e-07,0.932114097567352
1167,2.681356733543008e-06,0.9242644794406605
1168,6.056844175066365e-08,0.9498758756529267
1169,1.3401361021067687e-06,0.9304005595821767
1170,1.1502154485684459e-06,0.9454417954835409
1171,3.427916957953181e-06,0.9199873739235132
1172,1.3304704011532777e-06,0.9413180393466327
1173,2.048610306250312e-06,0.9238941228540045
1174,-5.507934225027201e-07,0.9476653426428343
1175,-1.5732259745895186e-07,0.9433006155765938
1176,2.985370459474462e-06,0.9204599342319242
1177,8.114331215589353e-07,0.935870970312116
1178,1.954106443997622e-07,0.9463287540252275
1179,-5.372726705522977e-07,0.9385499461571837
1180,3.721257913872078e-06,0.9198344302131807
1181,7.470265416986888e-07,0.935891703919909
1182,-1.854052127012389e-06,0.9292016350394168
1183,-2.7018170674571033e-06,0.9207178646717625
1184,-2.329297976762706e-06,0.9262357013483068
1185,1.230660487501882e-06,0.9367591658734572
1186,4.401400245797015e-06,0.904954516587227
1187,3.6927103584091837e-06,0.914554161229093
1188,4.14608913961275e-06,0.9
1189,-8.223336114107224e-07,0.9403417991129108
1190,3.488540357108301e-06,0.9139193151921979
1191,-1.7663648483201868e-07,0.9512671274184058
1192,2.369284876826345e-06,0.9224715166425557
1193,-1.9027857978086042e-07,0.9565718857980825
1194,2.919642744571793e-06,0.9283856300641948
1195,2.4249743753585478e-06,0.9214822723849599
1196,8.620888993456976e-07,0.9360718243456729
1197,2.4813418145945415e-06,0.9224691532723606
1198,-1.832631809601756e-06,0.9322420533718224
1199,2.7210700257709818e-06,0.9159038951046905
1200,7.141730288696532e-07,0.9400856204023134
1201,2.5057235495402907e-06,0.9147073692914333
1202,2.7366512676906515e-06,0.9191080041899305
1203,6.579656990650617e-07,0.9477133608518299
1204,3.288631139434588e-06,0.9173703056132344
1205,-2.490317479507728e-07,0.9448521815587237
1206,2.786461837327919e-06,0.9177144082160252
1207,1.4425581447795818e-06,0.9356116111612063
1208,2.1333727357031026e-06,0.9288369700188799
1209,2.181345986951012e-07,0.9452981990829493
1210,7.538411249843708e-08,0.9423488356219627
1211,1.72682336382608e-06,0.9337815597636011
1212,-1.4388811448706854e-06,0.9335830626318372
1213,4.72241688068619e-07,0.942350501137818
1214,7.220056998051842e-07,0.9422452740003713
1215,2.3500028990573894e-06,0.926476572166593
1216,1.867264039222367e-06,0.9243729824652119
1217,-7.896070146297535e-07,0.9352350076466928
1218,2.791016526607167e-07,0.9474869679292732
1219,3.5912605085549477e-06,0.9099390615546274
1220,2.2775539296074925e-06,0.9230629947440134
1221,9.525931881473222e-07,0.9397126061188935
1222,-5.686833915627142e-07,0.9400852049700908
1223,3.4784312378848557e-06,0.9125496472714676
1224,2.5171401391914684e-06,0.92822197835727
1225,-6.673782501998164e-08,0.9493156715680787
1226,1.1078485415077251e-06,0.9413562862750504
1227,2.6390307885253937e-07,0.9398269928629259
1228,-2.1028723041028124e-07,0.9537249503053714
1229,8.636226829897777e-07,0.9392598058708205
1230,-1.4537969571672344e-06,0.9416474074465816
1231,5.812462459352192e-07,0.949625022451848
1232,2.0093129366983544e-06,0.9338831486731238
1233,3.5776164882189385e-06,0.9148283632363953
1234,6.996189241987721e-07,0.9508232432174919
1235,2.2525309028664572e-06,0.9239506291834896
1236,2.5886091665861892e-06,0.9316888589938362
1237,-2.7780674447190977e-06,0.9159968419993746
1238,-3.8654924781303955e-07,0.949749819110676
1239,2.1800687140665644e-06,0.9307970056427912
1240,2.320501012604495e-06,0.9212540053054319
1241,-1.0222001674369004e-06,0.9460437056296538
1242,1.0802816397200416e-06,0.9452405488708645
1243,-2.076875230639765e-07,0.9426425113220368
1244,-1.126317552484443e-06,0.9427418723589192
1245,2.730673718075899e-06,0.9254021157161952
1246,1.3769631879398746e-07,0.951808728333876
1247,1.8922462583041443e-06,0.9209513598781185
1248,3.5108444303599944e-07,0.9478863791954077
1249,2.6921420754844426e-06,0.9226529196207379
1250,1.1527409938488525e-06,0.9381357550478235
1251,1.3393076085198717e-06,0.9297629731983744
1252,-5.839515445778027e-08,0.938258819101948
1253,2.0402415849626447e-07,0.9504381205161158
1254,-3.5791830136778583e-07,0.945163182904076
1255,1.5405412179495068e-06,0.9482072481165553
1256,7.823575253202093e-07,0.9457724652929889
1257,6.134381045780379e-07,0.9456454568546415
1258,8.677848369249224e-07,0.9392121089572218
1259,5.882349419060908e-07,0.9503532085348929
1260,1.3774208115168908e-06,0.9302408989556036
1261,2.322960349955822e-07,0.9432175247135649
1262,2.4019292084249534e-06,0.9221837210495104
1263,2.296615329982378e-06,0.9319167532418832
1264,1.1448590186843264e-06,0.9412735535217195
1265,1.082663110720182e-07,0.9531630992801526
1266,-1.07685466213044e-06,0.9369180333988607
1267,4.193154297938719e-07,0.950739309863886
1268,3.6503526717544126e-06,0.9112217078609418
1269,7.578383559119698e-07,0.9365157807892284
1270,7.796802857944018e-07,0.947710685271638
1271,-1.969435358588896e-06,0.9303980808621739
1272,2.065617967920796e-06,0.9296290334467289
1273,6.091052303502239e-07,0.9482914042185278
1274,-3.851512556989586e-07,0.9422513111879744
1275,-2.0505062718722636e-06,0.9311216593591015
1276,1.2679856179159442e-06,0.9344528211375024
1277,-5.214894142787318e-07,0.944548011626349
1278,1.0672732530485244e-06,0.9333395716385952
1279,-2.210698141081358e-06,0.9192661171167893
1280,-1.4202849660803185e-06,0.9297692343147884
1281,7.780692147204773e-07,0.9426437505319729
1282,6.432658391976176e-07,0.9453610249165265
1283,1.556243471613331e-06,0.9360872430555005
1284,1.055918498119409e-06,0.9341589189341083
1285,-1.2301378113056933e-06,0.9348883053096069
1286,2.735381009857594e-06,0.9343672483268136
1287,1.8072637964432202e-06,0.9337169819030946
1288,2.6254867674648454e-06,0.9313106154973432
1289,-5.675185821939358e-07,0.9588399828939727
1290,3.461662850893925e-06,0.9085509516606676
1291,-6.899642106767944e-07,0.957184895326228
1292,2.577050146884811e-06,0.9212435976792654
1293,1.0398668913242206e-06,0.9433718448537641
1294,2.339270547123322e-06,0.9334486169809798
1295,1.3015638144052299e-06,0.9383865939719618
1296,3.287205396337766e-07,0.9420680004213517
1297,-6.524886555671438e-07,0.9427562551331924
1298,1.465178753292325e-06,0.9280718063452856
1299,4.197374337123679e-06,0.9045480456271818
1300,-4.6337764694692354e-07,0.9452248990756568
1301,-2.891518099777077e-06,0.9228934151685818
1302,-6.768687614846468e-07,0.9336212410660758
1303,1.1428939130858524e-06,0.9392819159981843
1304,4.035093470844552e-06,0.910547199529627
1305,1.1889999745780016e-06,0.9383165227527346
1306,-3.2262046992571625e-06,0.9181220740262074
1307,8.348102326370069e-07,0.940928208294553
1308,-4.258535231002654e-07,0.9485667069294506
1309,-6.55091481267212e-07,0.9469760705895417
1310,1.535650578525194e-06,0.9416553381085861
1311,1.6771947299165473e-07,0.9550087576172717
1312,1.2533399116692312e-06,0.9370905473331197
1313,-4.568872834509619e-07,0.9474090796519214
1314,1.4832268665153917e-07,0.9483773916338689
1315,2.160407298188258e-06,0.9282422678751785
1316,1.421723783632159e-06,0.9433509756080276
1317,1.815932260817862e-06,0.9284449394560985
1318,2.6162682995098716e-07,0.9480872873930504
1319,4.317959822817472e-06,0.9001469364947416
1320,1.2177097989741838e-06,0.9446450921815299
1321,1.8990518872709087e-06,0.9303487622533291
1322,-1.8478333843157e-06,0.9390788816103522
1323,1.5288248591465523e-07,0.943706250205146
1324,1.3152281940262791e-06,0.9439834271178317
1325,1.5623517334193116e-06,0.9325534293509706
1326,1.3105294625765094e-06,0.9374870047944956
1327,1.6103206809688754e-07,0.9487259691259461
1328,-4.106850980264994e-07,0.9409482029130979
1329,1.799360699012999e-06,0.9300341283542134
1330,8.711990405739705e-07,0.937428613119741
1331,2.3409801536567144e-09,0.9475593106028082
1332,-3.027616501680629e-08,0.9476479441629525
1333,1.229332313307582e-06,0.9446563959529843
1334,2.1337993909140954e-06,0.9269891459451481
1335,-1.0298890260971495e-07,0.940075073684559
1336,-1.6811123948089516e-07,0.9428268750501537
1337,9.999076688500012e-07,0.9483437966795931
1338,2.780501212805721e-07,0.939955854941952
1339,5.977874473710088e-07,0.9418180315608534
1340,2.9366614516409157e-06,0.911209391419616
1341,-6.793588133512315e-07,0.9470113887855164
1342,-1.6070249177626872e-06,0.936798691929834
1343,-1.5561899465444753e-07,0.9535751282441064
1344,8.337919223240468e-07,0.9408637466950049
1345,1.8735672647475858e-06,0.9313596161731907
1346,-1.0718026558520974e-06,0.9366777680101381
1347,-1.6994746380601793e-06,0.9286835717262474
1348,-2.5207757637298446e-06,0.9364833203750458
1349,8.701316546906983e-07,0.9439639809560018
1350,-4.283292203016606e-07,0.9483449618604256
1351,2.1544462046186644e-06,0.9331367036513196
1352,7.797519474316181e-07,0.9472796525010982
1353,-6.300680916082953e-08,0.9512406829213088
1354,9.89864673552144e-07,0.934225595978641
1355,-2.0247885755156265e-06,0.928257203531641
1356,4.3834090234914993e-07,0.9442684181051325
1357,2.5977920527310846e-06,0.9309030433863683
1358,1.967329614511447e-06,0.9332629273375589
1359,7.841041083467268e-07,0.9430418761776217
1360,1.601932399952991e-06,0.9346809784098866
1361,1.8635369826406785e-06,0.9315936200938955
1362,1.1747556461811914e-07,0.9501326197304081
1363,5.335729419650863e-07,0.9519258315993293
1364,2.2636819379997232e-07,0.96
1365,3.5443700283194115e-06,0.9088932764008634
1366,2.9215404592970564e-06,0.9201571814986905
1367,1.8202106759675994e-06,0.9396813112131892
1368,-3.316124992174674e-07,0.9443669086553849
1369,2.121797316254793e-06,0.9269481791209226
1370,-2.6588388041494145e-06,0.9282301039544049
1371,1.505390879997763e-06,0.9348294187154333
1372,1.1133044114684137e-06,0.9500585199304916
1373,2.5379394922302862e-06,0.9203157815970561
1374,1.109991615742269e-06,0.9448299153839288
1375,2.782297281326534e-06,0.914664776163644
1376,1.0781502222731793e-07,0.9432521170569619
1377,1.9392349895737015e-06,0.9260721069963798
1378,3.407987252774307e-06,0.9223966742466622
1379,5.163035511830093e-07,0.9385129086327653
1380,-3.53978021725276e-07,0.9487155803477502
1381,2.2803957842071167e-06,0.927003772401986
1382,-3.20963047686029e-06,0.9213039211094085
1383,-2.3306103188286605e-06,0.9160983165371384
1384,2.514927002004141e-06,0.9189208634771817
1385,1.3147895902895386e-06,0.9373118245526622
1386,-3.8015040208423547e-07,0.9472291290596203
1387,2.9152117713848156e-08,0.9499462985174707
1388,2.9262838171866616e-07,0.9445664365289973
1389,-1.462887874533953e-07,0.9440448617959516
1390,2.280987319142304e-06,0.9249255569675991
1391,-9.038157271006475e-07,0.9389169455099687
1392,6.532805451103747e-08,0.947376355191647
1393,2.057760613600701e-06,0.9262835347713878
1394,3.033424455446798e-07,0.9501823176886273
1395,1.625194375836558e-06,0.9303126190583102
1396,2.463261893315844e-06,0.9299144654497403
1397,2.2596393094096464e-06,0.9289164235666462
1398,6.338902049155327e-07,0.9382901949515219
1399,-1.308264855842663e-06,0.9364933912976791
1400,9.354597040778011e-07,0.9393394405657218
1401,7.344982989828818e-07,0.9494730837691544
1402,3.5248874730330793e-06,0.9092213950879187
1403,1.3758131683845169e-06,0.936501712645026
1404,1.996144724964494e-06,0.9387062722665196
1405,4.424839291498748e-06,0.9093497082190075
1406,9.77055139832111e-07,0.9384166283812123
1407,4.904456974288921e-06,0.9
1408,2.233350529816849e-06,0.9263454808837819
1409,-1.2359590706298915e-06,0.9462179811086983
1410,-1.8838376585487813e-06,0.9204178004711578
1411,2.036606804644042e-06,0.9281123253584624
1412,1.605597592874546e-06,0.9339083464707111
1413,1.876919586874788e-06,0.9297523228636112
1414,2.361087592640402e-06,0.9310443507931029
1415,3.3991285206284496e-06,0.9223288609104551
1416,7.420033515296584e-07,0.9460607672019277
1417,1.5828300845607049e-06,0.9362771720300376
1418,-1.2119743951647839e-06,0.941646353319352
1419,1.8900489531877907e-06,0.9402009304707135
1420,2.7838945917784852e-06,0.9229089203228421
1421,7.496203547281063e-07,0.9374834166685615
1422,3.830708897174952e-06,0.9063658304613413
1423,-2.087073618168028e-06,0.9336286629839556
1424,1.0525813365231957e-06,0.9407962468087171
1425,1.2124901464112877e-06,0.9325848704746527
1426,1.5051031102339071e-06,0.9333350465685737
1427,1.7022096269779114e-07,0.9554129605908049
1428,2.182903948762181e-06,0.9166663440445578
1429,1.2602946127526756e-06,0.9427273323468671
1430,-1.086865694357554e-06,0.9348130037464658
1431,2.5187174946722776e-06,0.9225428918040411
1432,-2.2622478139158178e-06,0.9333762313225832
1433,6.333648068478768e-07,0.9455348635354257
1434,8.340683302009938e-07,0.9472642019364781
1435,-8.508547106790737e-07,0.9448120349914126
1436,3.0299548938633514e-06,0.9129536021269434
1437,-2.738612082376583e-07,0.955484565791916
1438,2.6487044576483446e-06,0.919416373966586
1439,-1.036211617051886e-06,0.9410512972975374
1440,1.4423768735555052e-06,0.9352805174439218
1441,4.6587338381007055e-06,0.9066464168550716
1442,-4.357257030433344e-07,0.9509309939490879
1443,1.00673746946563e-06,0.9365490463068948
1444,2.3596955942540166e-06,0.9337810009953261
1445,1.2598698347687784e-06,0.9325149743288493
1446,1.0949861779144738e-06,0.9342692563963286
1447,1.2770149020907368e-06,0.9410022516163346
1448,-2.259360048323536e-06,0.9309839954075027
1449,3.1352948589686576e-07,0.9440533133989383
1450,-1.2170965211358714e-06,0.9324615250213629
1451,3.7460908724287104e-06,0.9167858219163213
1452,2.9917553641607276e-06,0.9157957904424915
1453,3.800725910077217e-06,0.9116597358195416
1454,-3.5260871590728873e-07,0.9410836870147439
1455,-7.691727137372201e-07,0.9385750577714523
1456,-5.211844869701649e-07,0.9493095852334442
1457,5.088976841646964e-06,0.9
1458,5.482025139688045e-07,0.9352287361572678
1459,-5.714930123919008e-07,0.9361807636787287
1460,2.2194581867265326e-06,0.9374725174541081
1461,-8.214942787988586e-07,0.9407697833305808
1462,5.149542753972805e-07,0.9482674196235188
1463,1.0828512032123678e-06,0.9497437535271168
1464,-2.88702118641393e-07,0.9516107542676259
1465,-4.158159403827921e-08,0.9415748277326308
1466,3.2038593848327545e-06,0.9273285903270756
1467,1.5720139566705737e-06,0.931129327931365
1468,-9.135793688213145e-07,0.9436672302711997
1469,-2.4999002513370956e-06,0.9293596761935754
1470,2.432137121096423e-07,0.9453709184639727
1471,-8.08487904564398e-07,0.9347289926695409
1472,8.207111706285663e-07,0.9427704490443137
1473,7.668311684364067e-07,0.9478053981926018
1474,1.0102486466194006e-06,0.9434754009051567
1475,-1.443380979994483e-06,0.9333567107792733
1476,3.2954419831716624e-06,0.9219040742857976
1477,1.449725753168962e-06,0.9336098019007149
1478,-5.885958736650826e-07,0.941465892828189
1479,1.9375061062355243e-06,0.9207108651899
1480,3.795605884009169e-06,0.9182381073349825
1481,2.8660444115121907e-06,0.9244125382227112
1482,1.0876158915572686e-06,0.9410127985142572
1483,3.2677565254518807e-07,0.9573211198358866
1484,6.920700994081463e-07,0.9407009906987843
1485,4.882769110754366e-07,0.941501113031812
1486,2.213086510053427e-06,0.925273882356917
1487,7.124600064609564e-07,0.9495571140967395
1488,2.6333510326929063e-06,0.9185473712819503
1489,2.809851667096754e-06,0.9148193081076865
1490,-1.49504983550129e-06,0.9334165169965166
1491,1.3847951166751934e-06,0.9350289340264705
1492,1.619156564560249e-06,0.9319251641783285
1493,-2.3909165976384763e-06,0.9251376378905685
1494,-1.5261308839103046e-06,0.934754418269261
1495,-1.096373382753486e-06,0.9416228636082711
1496,3.0892339477445983e-06,0.9104625018882498
1497,-2.3627900193884984e-06,0.9248701601710465
1498,2.727629391669465e-06,0.9235036775202775
1499,2.299575653718312e-07,0.9423215398870343
1500,2.0761908518186803e-06,0.9369249511248434
1501,-2.085763689848579e-06,0.9306113753341836
1502,4.999943434468193e-06,0.9
1503,6.087913610301663e-07,0.9437390776832464
1504,2.593027853034585e-07,0.9528923105408946
1505,3.8068345698210147e-06,0.9034088289942664
1506,-5.847703245533692e-07,0.9503831921188984
1507,1.8787155492533917e-06,0.9333964223663446
1508,2.0332158707663823e-06,0.9301484872743833
1509,1.687558873516195e-06,0.9314972254430521
1510,5.492112461081696e-07,0.9440317071288197
1511,2.613710399247005e-07,0.9497303746209433
1512,1.393024332267663e-06,0.9267389265114879
1513,5.890157622377621e-07,0.9442133990462953
1514,3.3714937480406656e-06,0.914851455741554
1515,1.0701984545380796e-06,0.9389141955361153
1516,3.0377447575143406e-06,0.9136483661596955
1517,-3.445001844951427e-07,0.9422954909275971
1518,9.379822440536872e-07,0.9331511068934831
1519,3.2673525549482346e-06,0.9194040829846275
1520,1.855219477483393e-06,0.9419593202182366
1521,3.63407218279971e-07,0.9506458219929592
1522,1.8503019284854537e-06,0.9391939980271958
1523,2.0252378501986017e-06,0.9272017577054545
1524,1.5963091954704346e-06,0.9308029049286728
1525,1.6594871370401786e-07,0.9482724568028023
1526,6.17584100986881e-07,0.939354696286121
1527,-2.727031027729438e-06,0.9242119326358182
1528,1.5059711636428325e-06,0.9367588289544733
1529,3.975282790522654e-06,0.9025663921727642
1530,3.4090338536111866e-06,0.9283697378728947
1531,3.7471468632220115e-06,0.9107818129833509
1532,1.6431828012945002e-06,0.9297120751716714
1533,-1.6906778081187664e-07,0.9569258776486216
1534,2.0382330594321282e-06,0.9334174679881864
1535,-8.864768813791565e-07,0.9337687488957306
1536,2.609209875798907e-06,0.9260162675127681
1537,4.3723602409013494e-07,0.9543096412538746
1538,1.8685935544913368e-06,0.9270636617520264
1539,-2.19466205981232e-06,0.9310445883899902
1540,1.6285805115193954e-07,0.9476773029917949
1541,5.604698455758673e-07,0.9515495947328342
1542,2.269244145503366e-06,0.9268262630565489
1543,7.187163833924951e-07,0.9442532387300695
1544,3.032190293379696e-06,0.9200928711157698
1545,-5.814988904921785e-09,0.9439174722973356
1546,7.791044301928052e-07,0.9362174900784368
1547,1.4646751378449878e-06,0.9376183296208306
1548,2.828022594063699e-06,0.9206725426473203
1549,2.5737746145789172e-06,0.9323200265057638
1550,1.0350749651461792e-06,0.9508251914710685
1551,3.223293141442608e-06,0.9153700585986125
1552,5.6431215266399365e-06,0.9
1553,3.163413327936383e-06,0.9215084488669874
1554,1.4039090141907742e-06,0.9425050974419502
1555,1.159084634115973e-06,0.9380270549479027
1556,8.428262151402115e-07,0.9358525661233406
1557,2.629171524191884e-06,0.920409560449174
1558,1.2543807940021614e-06,0.9375569365990968
1559,1.8921168114249731e-06,0.9310133828307107
1560,4.86385106267685e-07,0.9472094704557132
1561,1.4452192168655914e-06,0.9302390790308867
1562,7.407516660026865e-07,0.9489423068857268
1563,4.86164119650585e-06,0.9
1564,2.2459885158456825e-06,0.9280690302937761
1565,-3.284436561552627e-08,0.9475316301553105
1566,-5.910281251981496e-07,0.9372784578844945
1567,1.5359245278192555e-06,0.9435570755876911
1568,1.4835943867358072e-06,0.93602191479088
1569,-8.338253001255108e-08,0.9445145195158511
1570,9.52603814724081e-07,0.9353275196509966
1571,2.7204125635000554e-06,0.9199081361786583
1572,-4.3619109540222126e-07,0.9568914761866332
1573,3.002636857653996e-06,0.9139984040927065
1574,-4.983380959223445e-07,0.9440421487497438
1575,6.595669866810466e-07,0.9411103913261069
1576,3.06357638697153e-06,0.9204168030411543
1577,8.586645606134413e-07,0.9383730169580042
1578,-7.700521499100139e-07,0.9391768315797788
1579,-4.878110911962079e-07,0.9388251757711644
1580,2.64851134283262e-06,0.928165601392205
1581,3.167737232699162e-07,0.9534208192663924
1582,1.865654989990621e-06,0.9259411337887301
1583,-1.4220179899507755e-06,0.9373098861096572
1584,1.6823411008295006e-06,0.926712874947218
1585,7.454610897496749e-08,0.9535202504241682
1586,3.4398881246464627e-06,0.916023166790688
1587,1.0087011149089485e-06,0.9376575884151688
1588,3.3057029224714206e-06,0.9197223781264687
1589,-4.3159313907818794e-07,0.9495946454785865
1590,-2.0657806175693966e-07,0.9431752915746726
1591,2.0074529880889353e-07,0.943689935250379
1592,-5.336257154403982e-07,0.9376680746172804
1593,-2.0279520629364088e-07,0.9453069206715657
1594,-1.2504100787639037e-06,0.940196646972104
1595,-1.9165702303516315e-06,0.9289285360079218
1596,1.980188168608512e-06,0.9358589102841516
1597,-3.6922530786319963e-09,0.9550298018153145
1598,3.290880288157021e-07,0.9579845292097532
1599,-1.4242622172197073e-06,0.9307224718522881
1600,1.1775242716903136e-06,0.9319179738540628
1601,-2.1745344708709377e-07,0.950089977455282
1602,1.225956776880546e-06,0.9375651065476228
1603,8.79579971154969e-07,0.9288980036888017
1604,1.1577559814072073e-06,0.9352424290699872
1605,3.258428915082119e-07,0.9387907017103668
1606,1.999913865486317e-06,0.9327599387667415
1607,-9.503772939735102e-07,0.9413932499930351
1608,3.5622452321721926e-06,0.9150780891493075
1609,-2.3137281745183667e-06,0.9240103397141655
1610,1.1233458838449486e-06,0.9493471277916995
1611,-1.0213100972336978e-06,0.9390499191175097
1612,-7.937298470259326e-07,0.9464588632611447
1613,3.31694241829736e-07,0.9330252608019536
1614,2.884945614102456e-07,0.9465545729009546
1615,1.5425448778978654e-06,0.9354829503566271
1616,1.974811365904914e-06,0.9296343268715986
1617,1.055749408931036e-06,0.9395035493205964
1618,2.5358032323437696e-07,0.9503050316329836
1619,2.2791077367054904e-06,0.9269903383583077
1620,1.3083270997887981e-07,0.943279079798962
1621,1.4898539057792766e-06,0.9300838670365471
1622,1.1760951982156675e-06,0.9388946787740123
1623,2.6330143847401015e-06,0.930605833857649
1624,-3.956431822583826e-06,0.9094281652154033
1625,-2.4520256531901354e-06,0.9312875778443289
1626,8.831525822784932e-07,0.9469268013554452
1627,1.3348189701239215e-06,0.9299003148050993
1628,-6.327730490824086e-07,0.9430008433427319
1629,1.8347441374465053e-06,0.9319364521150213
1630,1.205514445845862e-06,0.9361576413090851
1631,2.734439067233202e-06,0.9233859501144394
1632,9.984226232097925e-07,0.9414929291758425
1633,2.545992353154545e-07,0.9457030180269775
1634,1.6933983024194204e-06,0.9369475711504773
1635,2.33469470785627e-06,0.9256768469212946
1636,1.118797551878536e-06,0.935779554986858
1637,2.183610388355595e-06,0.9234397657431607
1638,1.2775930204277082e-06,0.9416189735341344
1639,1.1228628978304881e-06,0.9402713843949112
1640,4.832743175093308e-07,0.935897688579424
1641,-1.6006223093441547e-07,0.948621156595803
1642,-1.848128165392895e-07,0.9505779249965677
1643,-1.428711045293461e-06,0.9260254267633004
1644,2.0370132734403478e-06,0.928071660960913
1645,1.4774090014410536e-06,0.9326207397192632
1646,1.8279719304260124e-06,0.9385073714286857
1647,3.2142917609555845e-06,0.9146172758519566
1648,2.443219893888638e-07,0.9484074846476578
1649,3.924777577088283e-06,0.9049880905745104
1650,-9.174674099495362e-07,0.945170055394847
1651,-1.4692453831060115e-07,0.9518265393727409
1652,-1.7244572458048448e-08,0.9515889651731633
1653,1.0325506294259665e-07,0.9439440193574026
1654,1.1567629939031199e-06,0.9323697035212513
1655,1.6544175124892473e-06,0.932284441949058
1656,-1.262640722203484e-06,0.9388732704402173
1657,1.3697288424398835e-06,0.9245417870628669
1658,8.404301785233519e-07,0.9416451796144214
1659,1.070960164613164e-06,0.9301965723515943
1660,1.4900159377087542e-06,0.9376649715516338
1661,-5.833200665331722e-07,0.9371710917110153
1662,-6.497248875709624e-07,0.9441466529656019
1663,-1.0644755442108057e-06,0.9325871828264849
1664,4.2925014977920485e-06,0.9070484339151355
1665,4.230319262691914e-07,0.9424173341976518
1666,2.4345279375614244e-07,0.9565747775317872
1667,2.2328982742360403e-06,0.9396046710833523
1668,1.5518519282043008e-06,0.9297002462630561
1669,1.3580515977192553e-06,0.9391625906910869
1670,1.908273378807152e-06,0.9287064620500856
1671,3.818427868065843e-06,0.9054678711081976
1672,1.4678319812147e-06,0.9338597052087362
1673,-3.2412584798833356e-07,0.9479942695129745
1674,2.9400959082268646e-06,0.9226189362802856
1675,1.361491228265408e-06,0.9262869785423696
1676,2.4018803747232276e-06,0.9239509196592827
1677,1.7806931001259277e-06,0.9367940078923794
1678,1.2329130069719972e-06,0.9276650449196449
1679,3.197131657032094e-06,0.9270547389327305
1680,2.2286028984715537e-06,0.9240816342651925
1681,2.897572223696698e-06,0.9196139716947225
1682,8.160433104371714e-07,0.9478271771751617
1683,1.962946668512956e-06,0.9186058106314173
1684,1.2573064950580626e-06,0.9433536542927812
1685,-1.265069521979123e-06,0.942236706919486
1686,-1.7564643739999807e-06,0.9313613889761446
1687,1.7929352105594945e-06,0.9308050722236031
1688,2.814211558058149e-06,0.9147844420605479
1689,2.2325551707134773e-06,0.9279389718233424
1690,-4.4447431527996053e-07,0.9477490401824271
1691,8.111871323217951e-07,0.9492859208185029
1692,1.8606155504772301e-06,0.933457097652681
1693,-1.5600141187580952e-07,0.9491728233681039
1694,1.0313853001887922e-09,0.949678208057529
1695,2.923329952068967e-06,0.9193379363416826
1696,-1.396944565922933e-06,0.938503198905253
1697,2.1874739671514376e-06,0.9360700859781033
1698,2.311977799369981e-06,0.9255218533506369
1699,1.3431913089206324e-06,0.9385146517740357
1700,1.6215736461035387e-06,0.9214138458912615
1701,4.155899388086573e-09,0.9523436717184028
1702,2.689439533027133e-06,0.9199342629197877
1703,2.5874830159968804e-07,0.9462200892311537
1704,7.083522705565256e-07,0.9471887188244631
1705,-2.604222494011635e-07,0.9517197936243469
1706,3.2023931065133954e-06,0.9160076712253752
1707,2.3501959943260686e-07,0.9484375164025713
1708,-1.6290556007474855e-08,0.949397576060985
1709,-1.4338710523744432e-06,0.9399398202249247
1710,3.594682697979241e-06,0.9106871087806379
1711,-1.7171677923293316e-06,0.9374327376208259
1712,2.536143620645547e-07,0.9441246660509078
1713,7.296159793706167e-07,0.9365996068031454
1714,1.6991929961994155e-06,0.9266850324400803
1715,-9.75565694479891e-07,0.9342553275446092
1716,1.1888634543986886e-06,0.9290429174950006
1717,4.277717800059275e-06,0.9053451824287946
1718,-2.471127861120158e-06,0.9199850349882949
1719,1.8869581440782757e-06,0.9378721417806821
1720,1.1878132134214601e-06,0.9385500618385925
1721,-1.5302657785636843e-06,0.9421416296885613
1722,1.8183552505846087e-06,0.9334218562807485
1723,9.532048368950808e-07,0.9431230986585899
1724,-3.581050914131891e-07,0.9511156510180034
1725,2.2157600443469086e-06,0.9273516761219065
1726,4.894905755667895e-07,0.934312911966758
1727,-1.8541847173668046e-06,0.9341869850299616
1728,2.3786189615002585e-06,0.9315640616230778
1729,-1.2360157451548016e-06,0.9491070998786271
1730,2.5321350334578363e-06,0.9218113900229278
1731,1.1887207039170836e-06,0.9296258952015112
1732,-6.3613628242087e-08,0.952055177292236
1733,1.027312773910227e-06,0.9484425899121639
1734,-1.4480184692241193e-06,0.9349341522901805
1735,-8.976529057810084e-07,0.9486987427934368
1736,1.3528181242350509e-06,0.9365140361479259
1737,7.132288806950878e-07,0.9384822923200208
1738,2.8507156243388996e-06,0.9223458716872313
1739,1.319934162900857e-06,0.9397122659073951
1740,-4.5618001993371154e-07,0.9554146359391458
1741,3.4465304418420064e-06,0.9153549021795455
1742,4.4395939902010655e-07,0.9487586144414127
1743,2.7254154698415313e-06,0.9314972218814814
1744,1.9624213159684437e-06,0.9310586241478953
1745,1.147572533704659e-06,0.9291208385723345
1746,2.3681099179644037e-07,0.9494379986491555
1747,-2.696472316932548e-06,0.9239349601067064
1748,-3.7580283717393587e-07,0.9541270662309513
1749,4.70740068961427e-07,0.9439744556629555
1750,7.071938288608901e-07,0.9429048100268639
1751,2.2004605213312278e-06,0.9262738862277401
1752,9.655068050753333e-07,0.9443388957254567
1753,9.416512020799753e-07,0.9438606421591106
1754,2.1281319148241776e-07,0.9496269002773372
1755,3.029244411455746e-06,0.922719823239054
1756,-2.0751557627238077e-06,0.9320252670439393
1757,-9.241347549221704e-07,0.936133760819526
1758,1.7178316417312154e-06,0.9279738632210147
1759,-8.53084982617579e-07,0.9414516741391123
1760,-5.6237069565526935e-08,0.9412888370834047
1761,1.819962056110238e-06,0.9367274796199188
1762,2.3807444643090314e-06,0.92170097914208
1763,1.5881688823361726e-06,0.9316479196404186
1764,-1.1058848677387327e-06,0.9352045120008672
1765,-3.5967912105705005e-06,0.9087455925722395
1766,-1.4255225763955253e-06,0.9367593122281905
1767,1.3967617355689977e-06,0.927583760657515
1768,2.2579745434533777e-06,0.9243814475121137
1769,-7.875811638156818e-07,0.9331725719018625
1770,-3.564767272555986e-07,0.9457391283891309
1771,2.5275446584312236e-06,0.9241980856163143
1772,4.237617154189534e-07,0.9486648530722563
1773,1.1541217762999027e-06,0.9309334597848347
1774,2.2829455833224746e-07,0.9448420180248615
1775,6.886980163772455e-07,0.9407365018376921
1776,-3.6508508073990794e-07,0.9536735343932392
1777,8.569331220230152e-07,0.9438149645479743
1778,7.412043706955709e-07,0.9466640382970274
1779,7.838111639563107e-07,0.9470237353307607
1780,-3.6775756206301402e-06,0.9137226910366302
1781,1.3488642619799845e-06,0.9380345343319555
1782,-8.098758840258346e-07,0.938287857782082
1783,-7.447971907368581e-07,0.944987466058919
1784,2.3814737247077273e-06,0.9179658979589378
1785,1.2593637412306782e-06,0.9330832977518925
1786,3.735248653414058e-06,0.915460598848571
1787,3.65220609707393e-07,0.945673290734555
1788,3.0122196616174004e-06,0.9201637745808232
1789,-1.9407633334027083e-06,0.9381789925026608
1790,2.2350940650492287e-06,0.924962253989424
1791,1.894664934947693e-06,0.927985946973876
1792,-9.683107452511959e-08,0.9484259650071316
1793,1.8936528191030897e-06,0.9334157488206501
1794,2.436804120148964e-06,0.9280060406181768
1795,3.263527043593505e-06,0.9259866573145437
1796,1.415757131885774e-06,0.9341604520470951
1797,6.427497318842783e-07,0.9339451834630251
1798,9.639994051675409e-07,0.9372753363385143
1799,-2.0059919589257375e-07,0.9478046060331389
1800,-2.4381678721681663e-06,0.9247239182461927
1801,1.2585755667479794e-06,0.9297365794529403
1802,3.1051342719586745e-06,0.9211630280404471
1803,3.002989358913947e-06,0.9221411527495245
1804,1.510475887678471e-06,0.9425057069069611
1805,3.042857135201578e-06,0.9292795439434088
1806,7.322798845707786e-07,0.9387039358245775
1807,-9.268685212330458e-07,0.9358444178767829
1808,2.0204237292227e-06,0.9434275667535913
1809,3.3531391752435017e-06,0.9155704921909223
1810,2.161802981626495e-06,0.9256149774703408
1811,1.4325572415340632e-07,0.9433953124852662
1812,-6.217472344932515e-07,0.9465595396425244
1813,3.311803052135204e-06,0.922087473316109
1814,3.2716908752721318e-06,0.9212021117782639
1815,8.76878788163196e-07,0.9386035680992829
1816,1.8579899094645677e-06,0.9230219533345935
1817,-3.824947968806766e-08,0.9456793622004431
1818,2.929138239208384e-06,0.9138207000758507
1819,2.424396030527152e-06,0.9276931352954516
1820,1.573792130099731e-06,0.931924424431531
1821,-1.416383600211559e-06,0.9383375275661987
1822,2.3544206751799763e-06,0.9289415493745445
1823,7.012977869695514e-07,0.9372974173744634
1824,-6.757906173585517e-08,0.9515754180934728
1825,-3.3561809143536455e-07,0.9418338414368872
1826,-1.3893698887160493e-06,0.9387824748071036
1827,1.7581354367917187e-06,0.9381894170511234
1828,-2.5088183855832988e-06,0.9307711225086246
1829,2.720203042925396e-06,0.928841224215065
1830,1.1249518551892523e-06,0.9398594357287046
1831,1.2815099677423121e-06,0.932619881060362
1832,-4.6425318555001614e-07,0.9464862002570907
1833,5.332778686908338e-07,0.9482477640458504
1834,3.609236602794262e-07,0.9390472984066421
1835,-1.349292194447662e-06,0.9327007361396261
1836,2.09889646644541e-06,0.9264147214966144
1837,1.4124981548813512e-06,0.9275136419212945
1838,1.1935632180522718e-06,0.9382532807378304
1839,2.844008753961037e-06,0.9223311313146337
1840,2.1581245939386865e-06,0.9381474687883463
1841,9.977026489267767e-07,0.9476919675704844
1842,1.132700557224149e-06,0.9360016489206131
1843,7.593831607949921e-07,0.93987279091639
1844,1.78486503873183e-07,0.9453477372260215
1845,4.4698205370165237e-07,0.9490839160408536
1846,-1.796854407738024e-06,0.9334671167001867
1847,1.127025356355892e-06,0.9456518218220111
1848,3.471416166970649e-07,0.9521870917003155
1849,-4.461173024662181e-07,0.9432638447160973
1850,1.603038858928486e-06,0.9370084528502512
1851,5.086616646600101e-07,0.9460275947646651
1852,6.705531436242969e-07,0.9472513665318315
1853,6.991195513600494e-07,0.9418940872385566
1854,2.5256583739738362e-06,0.9257946935893601
1855,2.007333639224525e-06,0.9424195011765824
1856,-2.251968386929274e-06,0.922342989416946
1857,-5.545700077396133e-07,0.9401864503875214
1858,3.2191186565476357e-06,0.904473133959568
1859,1.7079668200112468e-06,0.9252567411311242
1860,9.759194434209537e-07,0.9415377989852005
1861,2.389684566030754e-06,0.924775527627439
1862,6.57132838460637e-07,0.9331811362673245
1863,4.59508343750805e-06,0.9055813010543602
1864,1.6394536520965988e-06,0.9389706414812868
1865,8.269176770423415e-07,0.9438501219339689
1866,2.0835074845266183e-06,0.9217911400375584
1867,1.7870703592433275e-06,0.9425051282399877
1868,3.7393473709291634e-06,0.9202668483417831
1869,4.0021705170624865e-06,0.9036803289112217
1870,9.299070929392802e-08,0.9445129360642892
1871,6.545826936997582e-06,0.9
1872,-1.3345014239421415e-06,0.9311466472633916
1873,1.1076221069445003e-06,0.9321090454243725
1874,3.935314357657939e-06,0.9145994505313091
1875,1.4383774161166831e-06,0.9303482069809332
1876,-1.1846366353420826e-06,0.939899467923574
1877,1.156580146143926e-06,0.9320174154889336
1878,8.495665364138594e-07,0.9412479426679694
1879,2.120792711988234e-06,0.9393240658736512
1880,-2.4018635693093103e-06,0.9299872382861036
1881,-1.8179799281262077e-07,0.9502897291185182
1882,1.1460681807193066e-06,0.9410399888833629
1883,-1.0590649033946818e-06,0.9442574573865116
1884,1.001965565640775e-06,0.9469390091503426
1885,3.4925958755937466e-06,0.9162582274224947
1886,2.5254474261317575e-06,0.9292624079923714
1887,3.0854243685414565e-06,0.9254773515925044
1888,-9.317667735793758e-07,0.94207350534419
1889,-1.291819442769538e-06,0.9344722631045703
1890,1.641242306696228e-07,0.9512842762315928
1891,5.673659889376269e-07,0.9435281935079544
1892,2.5406862646609896e-06,0.9289902696091296
1893,1.3799054854312548e-06,0.9399467910042101
1894,1.973847435280652e-06,0.9400857874263181
1895,6.019333353199053e-07,0.9402208659443955
1896,1.2644120965136018e-06,0.9326040166833833
1897,3.465624795653309e-07,0.9487849865231235
1898,1.2285278961016397e-07,0.9476309902832001
1899,4.991454955489213e-07,0.9428421385916942
1900,-8.22658232963844e-07,0.946834587571719
1901,3.1366418872281023e-06,0.9233916485107214
1902,2.4507411558557396e-06,0.923414101999142
1903,1.2188079602017069e-06,0.9339150537699353
1904,7.212294483109255e-07,0.9425581183997621
1905,-1.2856863827501791e-06,0.9378038735890231
1906,8.564158763986336e-08,0.9504697295496248
1907,5.604288975705145e-07,0.9461277988928605
1908,2.057928629039824e-06,0.9231538236988786
1909,4.2488384817439044e-07,0.9425112407531296
1910,2.829380293870538e-06,0.9301951165932341
1911,1.0061288490951626e-06,0.9419612095325923
1912,-1.4278970362851945e-06,0.937236497856876
1913,5.227932039622431e-07,0.9515648371641574
1914,5.730601085087218e-07,0.9401664205778909
1915,-1.2171546421978277e-06,0.9387337388971282
1916,6.602232804996126e-08,0.9554262427697015
1917,1.9548588578841184e-06,0.9299465603441721
1918,1.945332015195537e-06,0.9392626785030012
1919,-9.233405937405484e-07,0.9375911499422863
1920,4.055263467924783e-06,0.9056752091386858
1921,2.0017825817928866e-06,0.935917391430822
1922,9.133731129531031e-07,0.9443135215951949
1923,4.669466979579539e-07,0.9544138568580545
1924,2.2952096563630344e-07,0.9429318360137573
1925,2.3654138940778585e-06,0.9298956382646238
1926,1.1781893622016152e-06,0.9383833535140609
1927,1.4282774361108587e-07,0.9448983080518276
1928,-3.325350933075163e-08,0.9512309823663407
1929,6.072482160173759e-07,0.9364723821283407
1930,2.6417536930905285e-07,0.9462947788818169
1931,1.7575305805363062e-06,0.9338847272979837
1932,3.7570438164884135e-06,0.9075319866596953
1933,1.8270760092992143e-06,0.9349032342220217
1934,1.3876529313804397e-06,0.9346378970602899
1935,-1.5778040168380753e-07,0.9482182312688957
1936,-1.930405063471699e-06,0.9260764035505726
1937,-6.252015950024007e-07,0.9462665016364531
1938,1.9434764455149546e-06,0.9252038460211952
1939,-1.1592439559534387e-06,0.9310917537585206
1940,2.5092224048599252e-06,0.9294830839789544
1941,1.982355808121867e-06,0.9376928792058854
1942,3.7936580245828484e-06,0.9070964683572575
1943,3.0682120886192763e-07,0.9508331762785597
1944,-3.4914248543024533e-06,0.9138321246676476
1945,2.4852838268000562e-06,0.9234040542034333
1946,2.114644621039078e-06,0.918851640750801
1947,1.3960696774436471e-06,0.9337348674136736
1948,5.785918641813916e-07,0.9394747441464145
1949,3.507266669958248e-06,0.915272011759125
1950,1.1742263738076232e-06,0.9485656943854415
1951,-5.442284323774504e-07,0.9452572814500468
1952,-1.5304282002254914e-07,0.9448214559131916
1953,1.43456712791227e-06,0.9342450498748188
1954,4.115908603592391e-06,0.9177522045408726
1955,6.797782319807685e-07,0.9354971178293112
1956,4.7327675577951314e-07,0.9505048291623645
1957,-4.823056774064402e-07,0.9532001669161606
1958,1.8736261102110664e-06,0.9254094601746896
1959,-1.187685603269272e-07,0.946218257123106
1960,-3.529399000664251e-07,0.940743298844988
1961,1.7837733858659363e-08,0.9479181387393937
1962,3.026246681754322e-06,0.9219309044790699
1963,1.7406987636943554e-06,0.9343410053634963
1964,-3.368086162714276e-07,0.9523674635222809
1965,2.439172543506237e-07,0.9458816114747428
1966,1.5497404469678577e-06,0.9470012798837777
1967,3.372819115463145e-08,0.9415152870694414
1968,1.4057374170699023e-06,0.9393619048170966
1969,2.441391262180417e-07,0.9445898623591036
1970,-1.099299490042866e-06,0.9406922383696442
1971,4.0624549262900425e-06,0.9179377301285894
1972,1.4243901682392292e-06,0.9336751333251576
1973,1.5547072754373485e-06,0.9328285180623825
1974,-8.668348189218907e-08,0.9499474605702848
1975,2.992965340374782e-06,0.9191238133272074
1976,6.189657820706033e-07,0.9424865446657161
1977,2.2141054438930443e-06,0.9321197250809664
1978,-7.859534412158394e-07,0.941257536760628
1979,2.7176263645725735e-06,0.921150555942282
1980,3.1771451353633636e-06,0.9216609551705367
1981,3.7612991450044034e-06,0.9108307732580818
1982,2.0684813253158443e-06,0.9329795773704205
1983,2.6716038437181485e-06,0.9250508964746129
1984,2.7293576526774025e-06,0.9195525228739261
1985,8.526244491314088e-07,0.9340334935101801
1986,5.092687612751407e-07,0.9406520704879475
1987,1.4737032250483738e-06,0.9401932859570621
1988,1.8486743060326444e-06,0.9354143692727543
1989,1.0957781139494279e-06,0.9383384438261962
1990,-9.403757679723922e-07,0.930973425629254
1991,-1.477985447714086e-06,0.931904636198934
1992,2.4070908989337793e-06,0.9197852758540416
1993,-3.7634301995819055e-07,0.9438844435420152
1994,3.0104665232772157e-06,0.9197040222872214
1995,1.1593979934854224e-06,0.9404595196989429
1996,3.1818545425643764e-06,0.9186000445403802
1997,-1.8907580748937777e-06,0.9317270638726438
1998,3.255091292783378e-06,0.9206542354025429
1999,1.2880755106108726e-06,0.9388879528236496
2000,-2.005996646157712e-06,0.9200571134339468
2001,2.378225893325022e-06,0.932646117915374
2002,-6.737725446870256e-08,0.9502926871679797
2003,1.9396000611414555e-06,0.9389043282396412
2004,8.148482605147964e-07,0.9455403874680247
2005,4.14262303503848e-06,0.9071715252707623
2006,1.0472707059649391e-06,0.9339994077518432
2007,-7.505951354531809e-07,0.9468712828133886
2008,2.8597472776950056e-06,0.927220660244205
2009,-7.149481281843419e-07,0.9418220484635242
2010,1.71149551903875e-06,0.9215035013463889
2011,1.6770385858383507e-06,0.9426319566116057
2012,2.768142341050417e-06,0.910267011199447
2013,1.5814096080457863e-06,0.9352657215531138
2014,1.3797140912383892e-06,0.9367385256754479
2015,4.196795741531462e-07,0.9341764684092377
2016,1.4428289379178193e-06,0.9387086255785052
2017,5.234394881381452e-08,0.9557694312627235
2018,-1.6889410490000466e-06,0.9244839824621488
2019,1.0803069402284465e-06,0.9357883945023626
2020,2.504228290762323e-06,0.9228198834516559
2021,3.1238657743226166e-06,0.9151512097198732
2022,1.1747037875400612e-06,0.928330463837511
2023,8.58591140584125e-07,0.9417775599210626
2024,2.8857033230624353e-06,0.9135875473488071
2025,4.899262749596496e-07,0.9523649020086479
2026,3.4890316766703585e-06,0.9109378478335184
2027,-1.563924830540919e-07,0.9399377282020888
2028,-2.4634826542117262e-06,0.9234207591346993
2029,-9.143427829423174e-08,0.9593932546412879
2030,1.502527374402323e-06,0.9339315320622867
2031,1.9974315415578386e-06,0.9351679691621954
2032,2.892642238581681e-06,0.9223714795814947
2033,9.065994391357051e-07,0.9417249517948029
2034,8.507159392416139e-07,0.938846702284708
2035,2.6191184236681397e-06,0.9228445302604332
2036,-6.835331038633109e-07,0.9432675355269898
2037,2.0950753379124843e-06,0.9217695515521475
2038,5.131638202768898e-07,0.9408578069934656
2039,4.448391171231797e-06,0.9059748884533637
2040,3.436377565512466e-06,0.9168568234470134
2041,1.480124186858884e-06,0.9348916787920774
2042,5.869506109635524e-07,0.9437611350466764
2043,-1.102500247571618e-07,0.9488422020207622
2044,-1.6612951848300304e-06,0.9342542757418572
2045,-9.889104314994701e-07,0.9405830508249021
2046,1.460288470565754e-06,0.9424824611842745
2047,1.4536087753257974e-06,0.9341321474837498
2048,-6.425964426696996e-08,0.9529390131270737
2049,7.861148711068662e-07,0.9383768273340549
2050,1.1914743009145496e-06,0.9288005414823499
2051,1.073715404602092e-06,0.9353606927604393
2052,4.21502561514983e-07,0.9557559436310732
2053,1.6641591038999114e-07,0.9522850216385517
2054,2.629598725159531e-06,0.9279728175147048
2055,1.541252586342327e-06,0.9290493400765764
2056,-9.873023208685558e-08,0.9431838678939863
2057,3.8060198480026763e-07,0.944492381092564
2058,-5.21148150036199e-07,0.9475252850474978
2059,1.535982536405385e-07,0.9466502125031768
2060,-1.572611941049268e-06,0.934620268398146
2061,7.94469539243748e-07,0.9390579226236341
2062,1.557517619926449e-06,0.9350191581321853
2063,1.888950194151276e-06,0.9342737835888377
2064,2.0936219631683087e-06,0.9374072584614872
2065,1.152292790329959e-06,0.9337467366743148
2066,2.5576493183895204e-07,0.945426117671055
2067,-5.305116214442385e-07,0.9321281512319265
2068,1.3171412420663277e-06,0.9369969208283084
2069,4.01817506547789e-06,0.919070304012149
2070,2.037299531427475e-06,0.9324404085857034
2071,-3.8560516020896805e-07,0.9470871124212582
2072,7.59082173986731e-07,0.943138051604368
2073,-2.880912241315692e-07,0.949214663618429
2074,-1.251814935578721e-06,0.952659317700047
2075,3.2690448793862612e-06,0.9239456786561162
2076,-1.1009075050906358e-06,0.9308873782726093
2077,1.387381783978762e-06,0.934603929691192
2078,3.912282343282716e-06,0.9140160239602221
2079,8.801995492322347e-07,0.9485974208453244
2080,1.2387813811846807e-06,0.9387571681094073
2081,2.6192581536080106e-06,0.9204199298127855
2082,2.5816887974757082e-06,0.9270132517405805
2083,-5.313873173958416e-07,0.9544763973032719
2084,2.1226321956980896e-07,0.9397049593003364
2085,-3.015454848849054e-07,0.9418058973479805
2086,1.2607731631625027e-06,0.9455048572282704
2087,1.3458914869777436e-06,0.944470398636707
2088,2.658815867033845e-06,0.9100793931700609
2089,2.3905590577911576e-06,0.9231894915634278
2090,1.7697693816926817e-06,0.9320129256183535
2091,5.41905600923951e-06,0.9
2092,1.8839638158801414e-06,0.9365516320548353
2093,-1.4433906267611107e-06,0.9409833819137686
2094,6.008443647105425e-07,0.9405343042630596
2095,2.263251533403141e-06,0.9199258685462806
2096,2.4541526711127215e-06,0.9246710470368864
2097,7.862839998531964e-07,0.9309161397935689
2098,2.3923900742172525e-06,0.9273142316941126
2099,1.9719198829166112e-07,0.9433908893193524
2100,2.2016978713250413e-06,0.9297239351724664
2101,9.554780879270994e-07,0.935503952565038
2102,1.4332146758169466e-06,0.9368840537429404
2103,3.0594524886762954e-06,0.9134182329739595
2104,-2.017801750158914e-07,0.957700264095336
2105,1.2547449280184197e-06,0.9387161975101809
2106,2.4978472096578457e-06,0.9340834124136507
2107,-9.176272254943829e-07,0.9517328983213277
2108,8.773186405731172e-07,0.9425460610744099
2109,1.0438242382687363e-06,0.9470508276857285
2110,2.485931002517841e-06,0.9244158955703018
2111,-8.614273729521304e-07,0.9401712426601454
2112,-1.199267905111598e-06,0.942462893416914
2113,-1.4148629591214234e-07,0.9480728834178156
2114,2.8306922858779134e-06,0.9257284047610415
2115,1.5626841737745049e-06,0.9303949674955365
2116,1.7264466933160127e-06,0.9287589541948755
2117,1.7411725522557592e-06,0.9260530190005024
2118,2.885394135663263e-06,0.9221438083207647
2119,9.272064947548391e-07,0.9426838635300171
2120,7.623930474228251e-07,0.9427161030089998
2121,3.020520751167854e-06,0.9250804511908196
2122,2.0922578220771164e-06,0.9303373543542466
2123,4.398500499425632e-07,0.9509659730866846
2124,-5.137199588184875e-07,0.9537827228877543
2125,2.0901032378514836e-06,0.9350081363937806
2126,1.698839780092875e-06,0.9323999187212797
2127,2.4701994978221656e-06,0.918261240946856
2128,3.1105061413615554e-09,0.9490135153186358
2129,-1.2686463275775708e-06,0.9404987144152774
2130,2.9799722414495452e-06,0.9116560837271575
2131,2.810934220992298e-07,0.9463411545981361
2132,1.4664283025042722e-06,0.9396105022898084
2133,5.004744320678557e-07,0.949699549298814
2134,1.0899827703086032e-06,0.9360859423748596
2135,1.3182969913314958e-06,0.9305007042251721
2136,5.395366724695321e-07,0.9437271632530297
2137,-2.2645967605264958e-08,0.96
2138,3.03742750141261e-06,0.920624763405528
2139,1.6347057671710918e-06,0.9362376171959842
2140,1.9508000200854636e-06,0.9383024081978428
2141,2.4370062528202764e-06,0.9157014460817652
2142,2.2863511323748193e-06,0.9229529637233408
2143,5.8725040231891526e-08,0.954319354427496
2144,-2.0423505263125823e-06,0.9381393595875234
2145,2.260338028463843e-06,0.929065186881645
2146,2.286886920255771e-06,0.9328735813108756
2147,1.3062048547798426e-06,0.9408081647460081
2148,-6.244149204272858e-07,0.947815512040737
2149,1.923933916730898e-06,0.9379567884749695
2150,1.2280260279099669e-06,0.9392518664864794
2151,-5.335678415591657e-07,0.9446615829511313
2152,1.9299038640855016e-06,0.9342313984739049
2153,3.698458073271155e-06,0.9153228464309296
2154,7.996866276997001e-07,0.9447864644695803
2155,5.384723536190409e-08,0.9560868248031963
2156,-1.6460376819713685e-07,0.9463281521953474
2157,-7.777124843893807e-07,0.9426371565647412
2158,1.98430119511765e-06,0.9384233612404336
2159,8.565712681409994e-07,0.9403122130865953
2160,-3.3347866638228733e-06,0.9177678025330371
2161,9.930308529812379e-07,0.9401486825218515
2162,3.3658271433197527e-06,0.9190723786942772
2163,2.8085915828498233e-07,0.9426626278070468
2164,-9.089149300587454e-07,0.9386829951961031
2165,1.5491586156110178e-06,0.923959935046341
2166,7.320514139965084e-07,0.9466886301960213
2167,-7.13011691089864e-07,0.9419790544695876
2168,-6.42795190318727e-07,0.9300311779166247
2169,-3.358358630650422e-07,0.9413239506379959
2170,2.1930732994936835e-06,0.9304719486471889
2171,-7.23356214560179e-07,0.9492296834061128
2172,2.1130127541015705e-06,0.9275876572172614
2173,1.478747645564326e-06,0.930485664000575
2174,-3.002889347035693e-06,0.9204254869691266
2175,-1.2406406304357896e-06,0.9364594205007912
2176,1.6087416068959426e-06,0.9241943046589643
2177,1.2807320052512023e-06,0.9413249086809993
2178,-2.3880549731352086e-06,0.9296466390654092
2179,3.997242814771061e-06,0.9087521863821713
2180,2.137566396992638e-06,0.923600938207598
2181,2.426214237559315e-06,0.9282885498194576
2182,1.2986304041801448e-06,0.9378179971793645
2183,1.5822713031083637e-06,0.9338572868337244
2184,-6.12592573377132e-07,0.9431348177552024
2185,8.726011960911216e-07,0.9354044560806725
2186,7.718123962225902e-07,0.9419731186521172
2187,1.134853479523912e-07,0.9506266000582713
2188,1.895478785135781e-06,0.92772679232206
2189,1.1885790234887096e-06,0.942660170577036
2190,-6.726034436893806e-07,0.9349578672381348
2191,-5.61480262228537e-07,0.9470196587196045
2192,2.1613627022786425e-07,0.9416459289505054
2193,2.986855396139791e-06,0.914229728841774
2194,6.754595467850022e-07,0.9469282727777263
2195,2.024960705655878e-06,0.9318369679574248
2196,-1.2288781548426914e-07,0.9515606195357136
2197,9.730066038800968e-07,0.9423027291339713
2198,3.1494293541136797e-06,0.9125369688976938
2199,1.5676907535213954e-06,0.9350337999866248
2200,2.465187030304655e-06,0.9342397101719805
2201,3.7538406356809735e-06,0.9166366203464041
2202,-1.1635338437780502e-08,0.9477721241634981
2203,2.1073241624144807e-06,0.9224939972257832
2204,5.745851557782829e-07,0.9405631715014092
2205,-9.394913751020497e-07,0.9418440946621192
2206,2.2168192064308654e-06,0.9308333054348492
2207,1.1391025228945916e-06,0.9368476535575564
2208,1.0731437052302606e-07,0.9532840973510261
2209,1.283827582535279e-07,0.9460156800638395
2210,1.609418674503129e-06,0.9290003980315504
2211,1.0861571603319356e-06,0.9364924583737494
2212,-1.283345569566427e-07,0.9474668721543849
2213,2.160486912522722e-06,0.9292789118685777
2214,1.4199889242389696e-06,0.9395948330680629
2215,1.950614485602122e-06,0.9296009156906588
2216,1.8428017306693725e-06,0.9307297844197577
2217,1.6529293367507393e-06,0.9386787992381694
2218,1.7852179831932734e-06,0.9259157781308766
2219,1.520875528310496e-07,0.9517169567235353
2220,-2.509759067891893e-06,0.9265203346770142
2221,1.3786751393445651e-06,0.9498499870505116
2222,1.6434143910229495e-06,0.9330233993778644
2223,2.817434141655028e-06,0.9201036609325836
2224,1.0173920496639096e-06,0.9402703269045721
2225,1.913006552968944e-06,0.926253506057831
2226,2.2874758618137896e-06,0.924496549241969
2227,4.255311161318549e-06,0.9
2228,-2.661272394014137e-07,0.9371922813868113
2229,5.7086675611316124e-06,0.9
2230,2.169587016870775e-06,0.931939307550195
2231,-5.047105998409246e-07,0.9488180669581876
2232,-7.663298591201386e-07,0.9382689356822994
2233,-1.5575322151789586e-06,0.9377729716323
2234,-2.194713149498418e-06,0.9300201586367739
2235,7.511875273900106e-07,0.9512032511218945
2236,1.0019451312154509e-06,0.9442203866016021
2237,1.7703835370519133e-06,0.9317801922963932
2238,2.7392455618764957e-06,0.9245070402798045
2239,2.39216528074251e-06,0.9214394957808408
2240,1.7975856490269239e-06,0.9360329137916658
2241,-7.984280155229677e-07,0.941646343729765
2242,-1.8407217766639567e-06,0.9236577823435855
2243,8.535016434674223e-07,0.950466154252001
2244,3.96339859087175e-06,0.9088414627871336
2245,-5.776715135791937e-07,0.9488589905996173
2246,-2.2664341269225226e-06,0.9253197806979842
2247,-2.5133007460731666e-07,0.9470551086394008
2248,3.1572428831454456e-06,0.905486077395849
2249,1.4477947603949376e-06,0.9372382321759095
2250,8.517232753683547e-07,0.9429396584388483
2251,1.7751009996469052e-06,0.933040648543387
2252,-2.3169158461883254e-06,0.9223848427253841
2253,3.5140332044485403e-06,0.9090245153295845
2254,1.0790178165098353e-06,0.9356031835877229
2255,1.9043839600814704e-06,0.929942955200032
2256,2.0005830419495063e-06,0.9319093535232986
2257,3.239555139401879e-07,0.9356149727160009
2258,-4.4110708976993176e-07,0.9395574753656142
2259,-9.987956844051982e-07,0.9425296712120926
2260,4.19946055118152e-06,0.9
2261,-1.4681963082100328e-06,0.9364784955643047
2262,5.428308121064994e-07,0.9468382816123816
2263,8.745030068531965e-07,0.9478426929408073
2264,1.86508515660625e-06,0.935733936275935
2265,2.583572098639202e-06,0.9182012022001039
2266,1.892113714277963e-06,0.9342931557924229
2267,4.0111718527035146e-07,0.9442484934985427
2268,4.358210805650285e-07,0.9412445883727605
2269,-1.2662378867926598e-06,0.9480657176830684
2270,2.683383635459366e-06,0.9232959713306287
2271,-1.4058943956452704e-06,0.9386700169575577
2272,3.650420366658149e-07,0.9455664841341324
2273,4.557754514969791e-06,0.9139121352566291
2274,-2.8467621170228645e-06,0.9233589498157645
2275,1.2153244787937153e-06,0.9396225265985676
2276,5.414676056843528e-08,0.9494730057202827
2277,-8.063468848450543e-07,0.9471240440794458
2278,2.5658482778211067e-06,0.9325464264525832
2279,-2.9244264308274416e-07,0.9484239978924692
2280,4.229584992614444e-06,0.9043275362417562
2281,-6.707516504609138e-07,0.9447939854838264
2282,2.819717866164562e-06,0.9184672750435433
2283,4.052057654344899e-06,0.9049006589438205
2284,2.0059715657299353e-06,0.9265569784427932
2285,2.0159413783611122e-07,0.9520972037203447
2286,6.136416813376301e-07,0.9362678940762376
2287,-3.3251507735169385e-07,0.9502833177895562
2288,1.587479959106457e-06,0.9377530349565413
2289,-1.7949457508440646e-08,0.9445207150041346
2290,-3.648837531921251e-07,0.9425994114590429
2291,8.742524656779822e-07,0.9353376120666639
2292,2.659597653185346e-06,0.925982746781195
2293,-4.3847394100869165e-07,0.9446223233136036
2294,-4.7392988536853717e-07,0.9445141422587447
2295,-3.906457293107856e-07,0.9568052209201757
2296,-1.6040900526531127e-06,0.9276113171278806
2297,5.67671181075532e-07,0.9447919568292149
2298,1.1100939819377536e-06,0.9434879306455489
2299,1.6596515681958849e-06,0.9287949655654361
2300,2.6542279366687885e-06,0.9265990293478324
2301,3.175452580390532e-06,0.918502285832831
2302,2.6991210905971093e-06,0.9093954461908812
2303,1.6973429617758527e-07,0.9437394664686369
2304,2.075926335731821e-06,0.9255428564759803
2305,2.5153259961256698e-06,0.9287836894938711
2306,-2.571163919880382e-08,0.9509366675209845
2307,6.050110603941812e-07,0.9445316887063038
2308,2.1525463130091995e-06,0.9268448072605769
2309,-1.7090757130117727e-06,0.9358872576780954
2310,2.6707117539720985e-06,0.914794145529452
2311,8.905404825882544e-07,0.9364359498155532
2312,2.758115012838648e-06,0.9283311435215195
2313,-3.5050762054580577e-07,0.9399168422727252
2314,1.3419375328479837e-06,0.931034929774363
2315,2.3259958495811204e-06,0.9260841651953331
2316,3.526234808238064e-06,0.9229873844027201
2317,3.4404170939941966e-06,0.917610516763404
2318,-5.690061428853707e-07,0.9368943219965794
2319,1.9035393479472325e-06,0.9343114391600097
2320,1.369662016863294e-06,0.9296590494981348
2321,-3.3130418381615334e-07,0.9471035658191855
2322,-3.514751786619875e-08,0.9457691196719921
2323,-6.024412076552295e-07,0.9432990112181718
2324,6.160039100300488e-07,0.9397067342961274
2325,9.65442821214711e-07,0.9415927552324346
2326,1.5155167485462947e-06,0.9300577202752504
2327,4.5595532057560725e-07,0.9455206592240362
2328,1.1498651447092075e-06,0.9318263715406319
2329,4.012137384994398e-07,0.948951462501385
2330,-4.363539140803234e-09,0.9517346460615447
2331,9.723308967816613e-07,0.937977171442872
2332,2.9741202158053032e-06,0.9187454176899308
2333,6.111183226026382e-07,0.9414649508736268
2334,3.325245701659963e-06,0.9237012185611144
2335,2.789573904168864e-06,0.9264516297458252
2336,-4.705001824714704e-07,0.9430459794727486
2337,-2.882964201822768e-07,0.952268678156296
2338,4.697767223455567e-06,0.9064186332268087
2339,3.6390127458324858e-06,0.9158966962513119
2340,1.457184912856022e-06,0.9325276223323895
2341,1.9327026705467702e-06,0.9352378581131932
2342,2.640064553407436e-06,0.9241164887670733
2343,1.2663192206919034e-06,0.9370318052773989
2344,4.233025112169306e-08,0.9539828847362248
2345,-2.0936071363073635e-06,0.9207020258195814
2346,7.060495940021873e-08,0.9429259780322546
2347,2.6917757074882775e-06,0.9208686242807522
2348,2.356366833033698e-06,0.9329601165741347
2349,1.0470263467495947e-06,0.9411651494769763
2350,2.917602857774701e-06,0.9258201919360692
2351,-2.3757189559874695e-06,0.9241816010755812
2352,1.7712718711542782e-06,0.9333656885862944
2353,-6.448212393392307e-07,0.9350140597534178
2354,1.9295184558174787e-06,0.926487827395166
2355,7.327502073758258e-07,0.9433961601708629
2356,6.870938012843689e-07,0.9384702996051723
2357,8.155614092550279e-07,0.9391220954090302
2358,3.6061374753921836e-06,0.9150054499853432
2359,5.067864572368921e-06,0.9
2360,4.6529524858448856e-07,0.9438254242014579
2361,-2.9874968792982473e-07,0.9452562899825748
2362,1.7778262872087046e-07,0.9433286504085193
2363,3.82888755342185e-06,0.9112939268572786
2364,2.4361190466343253e-06,0.9305899875406192
2365,3.240504891090467e-06,0.912683391724991
2366,2.9808683188128816e-06,0.9198211692271118
2367,4.215716289325909e-06,0.9104670128081317
2368,-9.023571889417328e-07,0.9472656858463165
2369,2.8088457210290277e-06,0.9154527388683382
2370,2.1437000507391886e-06,0.9365805966436486
2371,1.716643566807456e-06,0.9279645383157177
2372,2.569657136036992e-06,0.9276308911531993
2373,5.77541233359189e-07,0.9419233774634149
2374,2.008617283945244e-06,0.9253603333086313
2375,1.2718545457247487e-06,0.9432747421302918
2376,3.3874792491057747e-06,0.9134985942032219
2377,-1.5991624818974137e-06,0.9304721754111147
2378,2.2582422907704664e-06,0.9237136289239811
2379,2.685717994219697e-06,0.9194282285442514
2380,5.309291805266682e-08,0.9486047040184822
2381,2.4639250118684765e-06,0.9174426762381158
2382,1.3970984004867139e-06,0.9373393958292
2383,-6.437457886090143e-07,0.9453428524137701
2384,6.588210372333572e-07,0.9377557562281381
2385,8.289095544871407e-07,0.9364996008402823
2386,-8.055086464727407e-08,0.9535942899101135
2387,4.465970800333821e-07,0.9498313836074376
2388,6.955975654764474e-07,0.9382308532523228
2389,1.7178015545625525e-06,0.9356227906828608
2390,-1.0276189195611814e-06,0.9454024595076058
2391,3.3886514826936897e-06,0.9192468633324801
2392,1.0715787076976409e-06,0.9493426904392599
2393,1.8126244679421439e-06,0.9328598728339075
2394,3.675946536319068e-06,0.9212538783400811
2395,-1.3628380481055258e-06,0.9338507674710428
2396,1.88734919093573e-06,0.9372632564279281
2397,-9.236508013191866e-07,0.945302808104009
2398,2.9778332480526564e-07,0.9506094956002209
2399,3.707315033857934e-08,0.9379647711913929
2400,-1.8958929326993887e-06,0.9254106679441304
2401,-2.4548697471641156e-09,0.9499395331578759
2402,1.1623855106122685e-07,0.9486007504558934
2403,1.5024483856420417e-07,0.948474098699144
2404,2.4408784516773456e-06,0.9255163503404252
2405,1.8151197321894283e-06,0.9354206175241849
2406,6.9357060953054e-07,0.9341100413268107
2407,1.3525133234642786e-06,0.9331043864293349
2408,2.331174872414411e-06,0.9335165460970354
2409,5.334270889081429e-07,0.945485371758868
2410,2.0188248566871902e-06,0.9257473039951801
2411,9.615674957626307e-07,0.9326467854130601
2412,2.623029898815823e-06,0.9322001852419649
2413,1.1071109288765393e-06,0.9351698770877044
2414,1.366415674828589e-06,0.9299613483345478
2415,2.468601765113273e-07,0.945440442622161
2416,1.091212517580487e-07,0.9500048088778064
2417,1.6430890176026956e-06,0.9336403989311968
2418,2.392622716340877e-06,0.9280255027511134
2419,1.5342428364011464e-07,0.9479256168898034
2420,8.165843825843172e-07,0.9399179254867176
2421,1.7644744201625098e-06,0.921698027271442
2422,9.97905042980598e-07,0.9415674837587725
2423,1.907909856497091e-06,0.9364625772600019
2424,7.204789968149697e-07,0.946954041105001
2425,1.926307108314834e-06,0.9320581438840054
2426,-1.2871946273456274e-06,0.9425804182898002
2427,1.1008096387278373e-06,0.9377316978095604
2428,-9.110128896449754e-07,0.9286690905185435
2429,3.999592593342383e-06,0.9115383517943673
2430,-8.308475599172217e-07,0.9353881437750345
2431,4.987202732589706e-07,0.9490529658868129
2432,1.9591254955742213e-06,0.9338185552927601
2433,-4.784586091304365e-07,0.9443211992635938
2434,1.149905132154049e-06,0.9382173486874869
2435,1.822069908257152e-06,0.9396477957424887
2436,1.2835141580834912e-06,0.9342403987311387
2437,-1.3862062600068311e-06,0.9370171865177115
2438,-1.1315477772989178e-07,0.9510114918987501
2439,1.531025255566058e-06,0.9425073395458874
2440,1.2888994400165169e-06,0.9393889704128408
2441,-1.0618180470117027e-07,0.9417773294941203
2442,2.6702984197357057e-06,0.9293296031047078
2443,4.1461874998429956e-07,0.9361841248389631
2444,3.1299360005723567e-06,0.92464164661278
2445,7.580607160534086e-07,0.9477634890537451
2446,8.795713004769858e-07,0.9422895109430791
2447,-1.664691450328354e-06,0.9394632248856031
2448,-1.8685757181700211e-06,0.9399215095205958
2449,3.871328380223379e-06,0.9
2450,3.444454319964128e-06,0.9143616470443588
2451,1.6230040090921241e-06,0.9267173303129055
2452,4.2737524708918645e-07,0.9398207869022102
2453,-3.217950565379138e-07,0.9528932179719846
2454,2.548903422272661e-06,0.9286133596299491
2455,7.969849898941295e-08,0.9457513278853095
2456,-1.702506359232029e-06,0.9363649394181156
2457,4.053603136868845e-06,0.9167428808099287
2458,9.941817593963826e-07,0.9425248805763272
2459,1.3420471126107269e-06,0.941126810905638
2460,3.7412082466345745e-06,0.909739973574399
2461,9.019744248626969e-08,0.9476623531131882
2462,8.920204049503128e-07,0.9447214290916189
2463,8.368251894749032e-07,0.9373646469982181
2464,-4.0402880354925655e-07,0.9400835471836401
2465,7.728154327141912e-07,0.9474408485960768
2466,1.6192869286419946e-06,0.9366240576696618
2467,-7.958133495351424e-07,0.9361778925473241
2468,1.2308046112869396e-06,0.9439235762612745
2469,2.300548883125387e-06,0.9236266815636929
2470,4.622206734964363e-06,0.9
2471,9.9092092482412e-07,0.9406044219466022
2472,6.086009104038506e-07,0.9465423080309601
2473,6.195725439998325e-07,0.9363274065440325
2474,8.02073543138745e-07,0.942802216281981
2475,2.4073761788049496e-06,0.9330140202189668
2476,-4.290852169489796e-07,0.9540701233777276
2477,2.5688346528434386e-07,0.9448786647456836
2478,2.843304608388701e-07,0.9374002830884581
2479,2.6577372704028165e-07,0.9538972927991549
2480,1.7101685032432593e-06,0.9340361260894882
2481,1.5068225321104168e-06,0.9412390103424421
2482,-4.654846391074111e-07,0.9498645466278628
2483,1.0505736538831712e-06,0.9355749434187056
2484,1.687980141649241e-06,0.933539316095042
2485,-3.512422472276565e-07,0.9411399012439227
2486,2.4557356319726153e-07,0.9449892126282097
2487,2.903457715146171e-06,0.9198941740154392
2488,3.44680352569894e-07,0.9521972221578813
2489,3.1099468596131387e-06,0.914743174055132
2490,-1.0530103877741708e-06,0.9420460263576046
2491,6.105221591815972e-07,0.9411686886159228
2492,2.610022977416537e-06,0.9225968509437993
2493,4.022350720001432e-06,0.9100149224402502
2494,1.2067172720552386e-06,0.9491316475320529
2495,1.4402529061461723e-06,0.9320662329926298
2496,-6.948608028930936e-07,0.9407417643104793
2497,1.3219658596350434e-06,0.941335369336438
2498,-1.4712908072748145e-06,0.9353028907104264
2499,2.995629067589587e-06,0.9213546198817237
2500,3.1193738793937796e-06,0.9112664588483363
2501,5.79226666881341e-07,0.9448100688261144
2502,1.8308013964432575e-06,0.9274350479620577
2503,1.6105090052708534e-06,0.9363645892169236
2504,8.247797817846875e-07,0.9441019020259583
2505,1.4504552398737326e-06,0.9322035698584596
2506,6.888542566665353e-07,0.93686655415325
2507,-1.4585582496070172e-06,0.9366860777774086
2508,-2.0976420869899346e-06,0.9278143918513561
2509,1.6060969346163934e-06,0.934021230456521
2510,4.450459403022905e-06,0.9076292050272348
2511,5.112627350879833e-07,0.9479275988472562
2512,-1.1638867570976776e-06,0.9433621446188296
2513,1.3173182608157105e-07,0.954215433362183
2514,1.584882027772723e-06,0.9372793492890391
2515,5.3166088518719684e-08,0.9437446358243716
2516,-9.238555943581405e-07,0.9321828270466302
2517,3.265999511157223e-07,0.9437969306063846
2518,2.5661826835671445e-06,0.9191702013216514
2519,4.463663169047524e-06,0.9003555242333489
2520,-5.147209135765521e-07,0.9374527825751828
2521,9.574534346437819e-07,0.9388159151194196
2522,7.686774555210257e-07,0.9443475968314569
2523,2.5191144918655244e-06,0.9189597185983894
2524,9.732006524920462e-07,0.944544664049488
2525,-8.145838376025835e-07,0.9556758446809042
2526,4.699734237203446e-06,0.9026269664145392
2527,-8.348040707151388e-07,0.9367622762690597
2528,1.316706346178283e-06,0.9400315464845117
2529,-2.015587991379699e-06,0.9251141607400212
2530,1.1690291518791047e-06,0.9312876560402128
2531,4.645087196279907e-07,0.9475108987855738
2532,6.812361001468953e-07,0.9395163555504511
2533,1.0809195096993399e-06,0.9417252395057218
2534,-5.369160770094481e-07,0.9463525981485186
2535,1.4620709950419763e-06,0.9379751899073191
2536,1.3630473656211683e-06,0.9370198768691206
2537,6.906801144889663e-07,0.9415976714918989
2538,2.101505551785755e-06,0.9285076640239545
2539,1.7998293186029546e-06,0.9345988305142934
2540,-5.676238662979828e-07,0.9427305145800773
2541,8.560002657622296e-07,0.9418905583020102
2542,1.6297996154676825e-06,0.934595509254807
2543,1.008052033516156e-06,0.9377433031001216
2544,2.637198419595027e-06,0.9253655585218642
2545,7.606468630351561e-07,0.9404454056449235
2546,1.3897263922357107e-06,0.9362507336971515
2547,-1.5055946002976738e-06,0.9299912733972838
2548,3.034492265029044e-06,0.9215073258774477
2549,-8.64913440779447e-08,0.9472706633571908
2550,-4.4329657514644715e-07,0.9429437975343608
2551,2.584753930490919e-06,0.9232471874611985
2552,2.2776218403828526e-06,0.935362121176976
2553,3.058608496902161e-07,0.9404658623604705
2554,1.6350065293713487e-06,0.9295483991651946
2555,9.410013977340671e-07,0.9414325946552398
2556,3.921088955211414e-06,0.9124036272393399
2557,2.0618696299428673e-07,0.9510673435307256
2558,2.248322269629821e-06,0.9335410057477103
2559,-5.415986912484404e-07,0.9510385983540975
2560,4.609435970163395e-06,0.910248666293094
2561,3.2680155566107107e-06,0.9151461709623746
2562,3.6514449226188906e-06,0.9111051463417913
2563,8.773387791579367e-07,0.938903981926068
2564,6.618052682196117e-09,0.9499076188055717
2565,-9.125227872457331e-07,0.9374390202359706
2566,-6.218337613345059e-07,0.951452626356944
2567,3.5397795407905662e-06,0.9273290212638802
2568,8.318684114069188e-07,0.9418284802113872
2569,2.177547561057295e-06,0.9218425868609468
2570,-6.313815564301214e-07,0.9357003497970183
2571,2.2822956579351586e-06,0.9228714442439819
2572,2.5468604112491143e-06,0.9222224036911166
2573,9.449881292498123e-07,0.9396943948111649
2574,1.244441408963273e-06,0.9351104967029982
2575,2.6077326066711766e-06,0.9230845313100006
2576,1.523073863192514e-06,0.9353170365684431
2577,-6.882401873745334e-07,0.9498637967228746
2578,-1.0729967394073151e-07,0.9529707430101138
2579,2.1087613430889864e-06,0.9214177421148463
2580,6.500856765246802e-07,0.9463982480908878
2581,4.7377465252595714e-07,0.9446224081478607
2582,1.286852316820864e-06,0.9352517073255008
2583,1.5117597772475024e-06,0.9350953141966756
2584,6.221293551451012e-07,0.9389260729401442
2585,1.5892939698741429e-06,0.922061860151081
2586,1.3592420901171235e-06,0.9364818559771345
2587,-3.6692594137883793e-07,0.9393833361940009
2588,1.6094751629844506e-06,0.9326697235835901
2589,1.1605622353652508e-06,0.9292071558588357
2590,1.7029724802158394e-06,0.9376685819271754
2591,6.92861126046737e-07,0.9385868468208346
2592,1.6347128056228989e-06,0.932231858906624
2593,2.323619253928521e-06,0.9268674976013823
2594,-2.5009948664375112e-06,0.9132445829323594
2595,-2.026919407343823e-07,0.9502375778051252
2596,1.4734094246652777e-07,0.9509872546551212
2597,-1.2519407623417336e-07,0.9590611707614738
2598,6.357422258776511e-07,0.9449886253703211
2599,-6.012111690606485e-07,0.9418968851870574
2600,1.7301245811767773e-06,0.9324677688787616
2601,-3.527669014740125e-06,0.9172188250207561
2602,1.9150352608361307e-06,0.9345038160797093
2603,2.7019021924801913e-06,0.9238847459639827
2604,4.782448625783546e-06,0.9033434970456479
2605,-2.7588557507934e-06,0.9235298183817039
2606,2.7361391607782586e-06,0.915749799751161
2607,5.027370587796122e-07,0.9510368557646612
2608,3.053071479259307e-08,0.9485068121820843
2609,2.190140799089755e-06,0.9216883358930293
2610,9.178808669831953e-07,0.9359624888015823
2611,5.062512459823736e-07,0.9461214447595291
2612,2.6386157245658954e-06,0.9251761666512168
2613,2.9403415658110704e-08,0.9556920568715237
2614,1.924270191088196e-06,0.9210490453825108
2615,2.281524535451128e-06,0.9275093332706994
2616,8.836114296160219e-07,0.9471160340282866
2617,6.083663335367766e-07,0.9483870817601058
2618,2.986687690263553e-06,0.9204442070318084
2619,1.6542913570914631e-06,0.9369271159570769
2620,1.6784937135627105e-06,0.937661771651756
2621,-7.403703623418692e-07,0.9393892394594866
2622,-1.085834267232772e-06,0.947571792636948
2623,-1.7539174954963786e-06,0.9390643980452398
2624,1.6939438376816295e-06,0.9286795199451354
2625,-1.104936911001296e-06,0.9387605825649542
2626,5.755007881634164e-07,0.9462224754513995
2627,-2.594818777683888e-06,0.9231090006640359
2628,-4.7140331680686507e-07,0.9516685541456936
2629,1.5925730812013337e-06,0.9315367292238352
2630,3.216925735454797e-06,0.9156522798529684
2631,7.684101167064573e-07,0.9436687908873539
2632,2.39487909652612e-06,0.9261106444587198
2633,3.2152897216234516e-06,0.915838097008253
2634,-6.392910837095558e-07,0.9515698849906585
2635,4.320922459082699e-07,0.9486453663477092
2636,2.168372717698433e-06,0.9387298358575127
2637,4.581555713626476e-07,0.9480567959665553
2638,-3.218313947973965e-07,0.944375542177317
2639,-2.8144793223386123e-07,0.9514202695682126
2640,2.411325244706338e-06,0.927731050787269
2641,-3.1039594280607586e-07,0.9436413626566913
2642,-1.9185167316568446e-07,0.9498660728421088
2643,-1.6031271619128573e-06,0.9319853271236067
2644,-1.2148674010822293e-06,0.9403831775536485
2645,-6.563481408125968e-07,0.9532271351417707
2646,2.6124756324341905e-06,0.923429869509953
2647,1.598095010213753e-06,0.9363610042385737
2648,-6.069896806471403e-07,0.9501209422650665
2649,7.806827816241033e-07,0.9383535919834102
2650,1.8035735684006921e-06,0.926350136381012
2651,1.9868957147438765e-06,0.9318461366461326
2652,-1.0927999028069825e-07,0.9536896499663419
2653,2.066178083488261e-06,0.9277289170823195
2654,1.7992595335549607e-06,0.9253465076981058
2655,1.7228588003150837e-06,0.9254764274528671
2656,1.1399422985659501e-06,0.9420468611499352
2657,1.477006391445893e-06,0.9429968210356008
2658,-3.398227475918817e-07,0.9486454285551718
2659,-2.4892044791990007e-06,0.922547050810175
2660,4.477820062475668e-07,0.9533589879185795
2661,8.956272503720486e-07,0.9456092499325175
2662,-5.182624052003556e-07,0.9431528001226354
2663,-4.0969257521222626e-07,0.9409339648330343
2664,-5.518357399477775e-07,0.9414119652493569
2665,4.212215173453349e-06,0.9075853980268224
2666,-1.2382420745334158e-06,0.9349961477543015
2667,2.5648657907526387e-06,0.9208427545289275
2668,3.320962579424859e-06,0.9219385466355571
2669,6.210757161410914e-07,0.9405093050787351
2670,-5.932364821738241e-07,0.9450296289776084
2671,1.5989961327914822e-06,0.9407101082030064
2672,1.5055423268516457e-06,0.9331826826061598
2673,3.1388421860566215e-06,0.9227079113045674
2674,-1.711251851425041e-07,0.9478732783321019
2675,1.9927735551073886e-06,0.9315967227942105
2676,-6.852251763892145e-07,0.9440270714972887
2677,-1.520252812928572e-07,0.9487972396393142
2678,-1.153757625358609e-06,0.9340078913936798
2679,4.301042208639455e-06,0.9048583897216477
2680,2.719588665200927e-06,0.9221747815760669
2681,-9.98658921324e-07,0.9346135445602836
2682,-3.406710217241868e-07,0.9573219594577983
2683,5.611266609843402e-07,0.9452940618175945
2684,2.026423865672836e-06,0.932258718944291
2685,2.320431934215868e-06,0.9241685935555267
2686,-9.683534634701122e-07,0.9355937131782734
2687,-1.527061067604999e-06,0.9321285239894639
2688,-5.049319459883876e-06,0.9031297985117215
2689,1.8500221927818128e-06,0.9266224347198843
2690,-1.2784507090336335e-06,0.9448550934683672
2691,2.4829608615899665e-06,0.923883494094715
2692,-1.5215823855354368e-07,0.9486686136373946
2693,-1.3814295400532551e-06,0.9376505383370295
2694,-9.982134287397177e-07,0.9280634940588859
2695,-3.750169165515301e-07,0.9411744126102827
2696,3.831669872901132e-06,0.9200567921542452
2697,-8.606983996150747e-07,0.940892555693613
2698,-1.223520114910507e-07,0.9579655083152492
2699,-1.9906389965015367e-06,0.9324192097797668
2700,2.98238075003439e-06,0.917447824794617
2701,9.688243242759128e-07,0.9455772371984331
2702,-8.459500218834847e-07,0.9447232144388443
2703,-1.5546700800736004e-06,0.9264765471715981
2704,2.2961024865828034e-06,0.922204185333088
2705,1.2185430206075702e-06,0.9319239342458754
2706,1.3810320667608188e-06,0.9278940795489943
2707,3.010266990832283e-06,0.9239644444420944
2708,-3.468544374151603e-08,0.9403380877561424
2709,6.018496192805702e-07,0.9421898191129815
2710,5.6524779862348895e-08,0.9546879044576877
2711,2.8782089728771845e-06,0.9233557056079051
2712,3.322875274202948e-06,0.9027554375715011
2713,4.420422642694732e-07,0.9438207771960864
2714,2.2818077763172826e-06,0.9255897702081374
2715,1.8215896546719114e-06,0.9293760088251481
2716,-1.519752319035073e-07,0.9524856063844132
2717,9.269551386154076e-07,0.9422660016246813
2718,-1.0610566749441237e-06,0.9427785981536075
2719,-7.991317818377375e-07,0.9505745054391332
2720,5.179860527419803e-07,0.9427499927610016
2721,2.3617508813723802e-06,0.9261239618043802
2722,2.0812758736271575e-06,0.9276927269481962
2723,2.0748362910290783e-06,0.9288694334144675
2724,2.3208883114265083e-06,0.932544848545336
2725,-1.6141138991011218e-06,0.9356478163539312
2726,3.866190599239156e-06,0.9144270058708577
2727,4.843434201618195e-06,0.9
2728,1.3431157577856868e-06,0.9390071185295256
2729,8.340196692185005e-08,0.9429877832792789
2730,4.411968064383059e-06,0.9114913403053813
2731,1.8244666539577881e-06,0.9319946970720568
2732,1.1542688230036084e-06,0.9415974654066263
2733,3.2440755657152755e-06,0.9140247711352705
2734,1.0983793104651855e-06,0.9371662858686352
2735,-7.677678714372146e-07,0.9392538504977536
2736,1.2758414612011806e-06,0.9357450904116671
2737,9.723965027319373e-07,0.943899224383346
2738,2.7826398049172785e-06,0.9354426517616667
2739,2.1664509541837724e-06,0.9252510044895651
2740,2.6984745288195213e-06,0.921425815253817
2741,-1.9396030931874282e-07,0.9511744796973018
2742,3.197577497665035e-06,0.9149965915504825
2743,1.434487305052895e-06,0.9379368784985449
2744,-5.944577813641531e-07,0.9368982014121867
2745,-1.3237354428209619e-06,0.9431568921962189
2746,1.8346023214672217e-07,0.9450140062456756
2747,1.4391320673706539e-06,0.9421127480908115
2748,-9.416483525521568e-07,0.9311425908653693
2749,3.2963861445210553e-06,0.9196051092907203
2750,-7.941058150167306e-07,0.9398674158196585
2751,-6.812673876817238e-07,0.9463870390817234
2752,2.569454747000321e-06,0.9276518634519638
2753,1.1946965198285345e-06,0.9399435278009212
2754,-2.630084949950351e-07,0.9451490656390051
2755,9.370744891931216e-07,0.9392458692359806
2756,9.28287227469378e-07,0.9326293081159946
2757,2.341848990963773e-06,0.9212208897759699
2758,-2.4566829844478363e-06,0.9218566321343801
2759,5.810514004103054e-07,0.9542778337669959
2760,1.4244656180759554e-07,0.9496241592238268
2761,1.4418221284701483e-06,0.9280073946796523
2762,7.580513401625689e-07,0.9410972650768136
2763,1.061222460532089e-06,0.9415030696388749
2764,2.2925532286937154e-06,0.9227921548720301
2765,1.7024355246654353e-06,0.9293333731402718
2766,-5.34318067629228e-07,0.9534197073004821
2767,-1.9838869704727237e-06,0.9275779311646976
2768,1.2834612683884298e-06,0.9341680545033096
2769,1.167873248875932e-06,0.9316069021462206
2770,-2.035423869581486e-06,0.9252739173122875
2771,1.1706218702465878e-06,0.9374360308755293
2772,1.9475108569111516e-06,0.9234014835504277
2773,2.3361298336398145e-09,0.9496169172781106
2774,-6.291431871796846e-07,0.9443984475946717
2775,4.747558018331691e-07,0.9476866293929612
2776,1.3896449903666765e-06,0.926836352425313
2777,3.2897671327210804e-06,0.9062408159593798
2778,-1.5650659520218261e-06,0.9339746106130993
2779,1.4010026053379058e-06,0.9345785774568693
2780,5.587181188324211e-08,0.9490301854347836
2781,1.7720453245202119e-06,0.9265469333904252
2782,-8.628891150091642e-07,0.9370433607931489
2783,3.044641893896572e-06,0.9214182425733938
2784,1.8443876294066095e-06,0.9395112804035218
2785,2.18947946350011e-06,0.9288873864113438
2786,3.4268530160524987e-06,0.9108731228229617
2787,4.995556426896064e-07,0.9507857335942803
2788,-2.5963160631395423e-06,0.9200530028441266
2789,2.1927275439951966e-06,0.9286056930383146
2790,1.7500136847508842e-06,0.9229177680006556
2791,-4.247250228422895e-07,0.948998690842097
2792,-5.226869286184049e-07,0.9488973745727678
2793,1.3864803421865927e-06,0.93027505037374
2794,1.4795894299124538e-06,0.938948859687922
2795,1.5052056616590519e-06,0.9376331381277485
2796,-1.8500311288704364e-06,0.9427749215736081
2797,5.452710199684918e-06,0.9026164728599962
2798,1.1102319630522376e-06,0.9368730408162923
2799,3.086046219907319e-07,0.9508335236118373
2800,2.6405773020582316e-06,0.9203461316563366
2801,8.900350467618181e-07,0.9473843420957558
2802,7.599065392768369e-07,0.9429605846811225
2803,3.134119570954218e-06,0.924736485603783
2804,2.216385769520447e-06,0.9224906905742344
2805,-7.719431424268051e-07,0.9386019134564451
2806,8.650136352036506e-08,0.9502148406527025
2807,7.747249435419387e-07,0.9414448777087714
2808,5.101358964325236e-07,0.9405116663967545
2809,1.837308504918097e-07,0.96
2810,2.0463873501073242e-06,0.929636345579672
2811,-1.4844930379282913e-06,0.9302028521850276
2812,8.560399233350209e-07,0.9482375372331003
2813,1.2915120355832169e-06,0.9381626394682175
2814,2.7055327336361605e-06,0.9180882837843962
2815,3.180878864942125e-06,0.9162741337236481
2816,2.7826321231363596e-06,0.9305243038118967
2817,-5.32704341166133e-07,0.9446731389629507
2818,2.190208229666122e-06,0.926664507966835
2819,5.080471355633371e-07,0.9429275433830017
2820,-2.0631460387007704e-06,0.934655963500988
2821,-6.973416441420402e-07,0.9315802665535742
2822,2.6037460191450823e-06,0.9263866064567426
2823,-1.1924943686100271e-06,0.9435061031504829
2824,1.991396237942466e-06,0.9300876432448868
2825,3.607295258686044e-07,0.9457809114268781
2826,1.2545393152264411e-06,0.9335113651584933
2827,2.7176748945485847e-06,0.925601438187911
2828,7.062190529748017e-07,0.9516532856594766
2829,4.3883000513060373e-07,0.9533581195274854
2830,1.3926327842228386e-06,0.9398616582464538
2831,3.3349781572169015e-07,0.937316645399727
2832,1.692078457375343e-06,0.9271395939339456
2833,-6.082206779824006e-08,0.949770865919632
2834,-1.0753251576643663e-07,0.9487661124134565
2835,1.2428797158015896e-06,0.9302001678111057
2836,1.3626014706651683e-06,0.9332679798561532
2837,-7.91976968049102e-07,0.9320733330564038
2838,-1.5726702968180234e-06,0.9343930901269372
2839,9.904713037249927e-07,0.9426872651507621
2840,3.676324019883017e-06,0.9200173234495772
2841,2.520582681308707e-06,0.9307263299900027
2842,1.2124002844546176e-06,0.93868966516927
2843,3.389656827844118e-06,0.9171855087011515
2844,1.3036749504956687e-06,0.9427917542792474
2845,4.781064386422252e-07,0.9445463047117038
2846,-1.2632554233012236e-06,0.9350546281041393
2847,3.926238859148302e-07,0.9447073709816142
2848,2.2227549193230323e-06,0.9227287856293886
2849,3.3120494833525028e-06,0.9065786661719667
2850,1.8818930900400683e-06,0.9352642956923825
2851,2.0323504665010135e-06,0.9351543036503267
2852,5.81871219712057e-07,0.950446365573646
2853,-1.8732409659895854e-07,0.9450922065478541
2854,4.242568877512297e-06,0.9084583952807174
2855,2.4491345661877828e-06,0.9279893106707704
2856,2.0824074835464166e-06,0.9191496411638308
2857,1.5253402019396883e-06,0.9348254637325053
2858,2.4835645889872085e-06,0.9211858220548431
2859,2.836582688663412e-06,0.9156021542629075
2860,1.96066000874512e-07,0.9401478766593172
2861,-8.134034432227936e-07,0.9419007028315353
2862,3.1175512122158266e-06,0.9189993447727081
2863,-1.139982942677959e-06,0.9280457341004832
2864,2.0021597245773386e-06,0.9266914696713061
2865,8.021991765663702e-08,0.9545810643841814
2866,7.042920850581369e-07,0.9414638920370518
2867,1.1800781871248136e-06,0.945608967591579
2868,1.3284316908237137e-06,0.92591918263553
2869,-3.923175521616344e-07,0.9446542803254897
2870,2.3065565391631717e-06,0.9207214146805264
2871,1.1594365037419249e-06,0.9379964573192355
2872,2.552187741160405e-06,0.9194934900821008
2873,1.1889414260491358e-06,0.9457761405617867
2874,2.3633320410521763e-06,0.929363082927061
2875,4.2184194239004324e-07,0.9465385153381917
2876,7.392020324241905e-07,0.9468908229905801
2877,1.765265756868115e-06,0.9292097174522623
2878,3.721884995918656e-06,0.9188029190370374
2879,-4.7091653195448696e-07,0.9435713617021431
2880,6.657650101731638e-07,0.9474237427952152
2881,-3.787613065685428e-07,0.9428664455584002
2882,2.3298768663137843e-06,0.9294945952154514
2883,-2.2077336441512967e-06,0.9312106447923666
2884,-1.4466139725821815e-06,0.9323607386397869
2885,3.341605884830757e-07,0.9443119796598446
2886,-1.2258257819744212e-07,0.9435853016374559
2887,1.7422063278345138e-06,0.9245125117281061
2888,6.619075600124157e-08,0.953293530141399
2889,1.557585680220557e-06,0.9275012586370227
2890,-2.1777440813992e-06,0.922776447451011
2891,-2.576710153178192e-06,0.924691286854445
2892,1.8185457471265612e-07,0.9462688517873511
2893,1.7386529641022568e-06,0.9369815825842932
2894,1.301804589009808e-06,0.9358674942021794
2895,-2.0819420238216973e-07,0.9461637591341474
2896,1.2519805229661022e-06,0.9421074592967164
2897,-1.3112341402274135e-06,0.9312480698454028
2898,9.092606782528725e-07,0.9303519184220028
2899,1.3770806064023566e-06,0.9415113634889731
2900,4.704682231097696e-06,0.9033635272755465
2901,2.2983227380059324e-06,0.9271262142083593
2902,3.5186430283229507e-06,0.9126974315090478
2903,1.447534187564719e-06,0.9385430263736766
2904,1.5425415548249675e-06,0.93071634367621
2905,-1.2863709770175282e-06,0.9422423388006578
2906,1.3219569213877875e-06,0.9371569027895267
2907,2.3503592303314932e-06,0.9307221759487111
2908,1.4936658806152099e-06,0.9382412667182267
2909,7.564691427685335e-08,0.9519126263475297
2910,-1.6005974495073583e-06,0.9340928278738194
2911,2.117913293251287e-06,0.9252267212587644
2912,1.1470594785820516e-06,0.9400357941479333
2913,-5.113530057066484e-07,0.9505318911615884
2914,1.4325606798292167e-06,0.9272947134962987
2915,1.0638955118195054e-06,0.9466298892600207
2916,9.118791868775799e-07,0.9376279220379448
2917,4.397100562085332e-08,0.9487596966866272
2918,-1.0279232059217194e-06,0.9467329481899525
2919,2.401395808138365e-06,0.9313724566638668
2920,-1.4953851742830148e-06,0.9356888708383225
2921,2.6485892530937117e-06,0.9187797005649819
2922,8.020133062925544e-07,0.9364826518242817
2923,2.256519157844691e-06,0.926361624641434
2924,7.694418371407258e-07,0.9366624775079497
2925,3.4026303091382535e-06,0.9162283202454962
2926,2.188291730858215e-06,0.9300373270566313
2927,-5.414589804385086e-07,0.9363794668502426
2928,6.104770556118824e-07,0.9494276389724096
2929,-2.2438152606685524e-06,0.93730293971801
2930,2.2558498394950117e-06,0.9283950036818447
2931,7.316187498530385e-07,0.9469774947885325
2932,-1.041920799968994e-06,0.9417928329693245
2933,1.412155642154647e-06,0.9448555409911404
2934,3.3113763744624834e-07,0.9469118453678411
2935,8.105125720582259e-07,0.9393103979371474
2936,3.290172180376435e-06,0.9122250370927665
2937,-1.5187767091104993e-06,0.9360318382130085
2938,-2.460386380397873e-07,0.9488103324457726
2939,1.9339086905686863e-06,0.9313915291038025
2940,9.556509062463117e-07,0.9301344623917499
2941,1.8152611533536026e-06,0.9328285219046369
2942,3.925520484945869e-06,0.9164309099917282
2943,-1.4618075048631006e-06,0.9406854349712219
2944,-1.1691183208718948e-06,0.942477315286689
2945,3.2502216293114335e-06,0.9268328415583671
2946,2.811490544580243e-07,0.9507185711831474
2947,2.5372641883754926e-06,0.9269804566867357
2948,-1.7661309252668609e-06,0.9331109584443262
2949,1.8301816272486438e-06,0.9316902063642546
2950,-4.615839516036233e-07,0.9443797207924117
2951,2.3632645527931685e-06,0.928334990245231
2952,1.6637988844333927e-06,0.9321189505465595
2953,1.6011825851198412e-06,0.9234561574691994
2954,8.458889895392457e-07,0.9396363953547268
2955,9.601048866079063e-07,0.9345349301480268
2956,1.5108041969337765e-06,0.94450390076815
2957,1.0460869447085559e-06,0.9397717417120771
2958,4.941760934436003e-06,0.9
2959,1.7107743673725315e-06,0.9407941675926619
2960,2.897554823994666e-07,0.951366770919355
2961,1.184021027777852e-06,0.9327866343177549
2962,6.525037020988962e-07,0.943316022786525
2963,-1.0459381109223831e-07,0.9409210459382148
2964,2.5497611340452394e-07,0.9399748120637365
2965,1.7856433970531997e-06,0.9348895263189515
2966,-1.1300618559693756e-06,0.9391093638918453
2967,-1.2413559191611194e-06,0.9357770372424992
2968,-1.5755819437222244e-07,0.9508254829044176
2969,-1.6832935721553696e-06,0.9380825083475366
2970,2.8867087291000965e-06,0.9204118282984066
2971,-1.2438585964561813e-06,0.927094278135648
2972,2.6739534451711453e-06,0.9331800055220163
2973,9.857350676750226e-07,0.9343288963432488
2974,-8.421262031912274e-07,0.9474868189295179
2975,1.186931384660039e-06,0.9332841850779962
2976,4.606306548800244e-06,0.9091639967142795
2977,1.7976673445296415e-06,0.9292334690843342
2978,2.9044161963359332e-06,0.9253652759776061
2979,7.446604574945311e-07,0.9479951524457911
2980,2.594166235007926e-06,0.9254280539720247
2981,-9.254053720981546e-07,0.9356391747859022
2982,-1.628358103180663e-06,0.9403394757333078
2983,-1.429380893623373e-06,0.9358767006204014
2984,-1.6382678507149793e-06,0.9420355764320661
2985,-9.506715763674711e-07,0.9421071998151864
2986,-1.6014863919200556e-06,0.9383391375114847
2987,2.6565493651703164e-06,0.9235224267316625
2988,8.096524598730182e-07,0.9459582716998552
2989,-6.327683408762812e-08,0.9548115380936708
2990,1.3911880752891592e-06,0.9282229397287916
2991,3.8794301724932055e-06,0.9121257566247192
2992,3.722745411694986e-07,0.947104098890622
2993,-2.380389419872438e-07,0.9468551854067493
2994,2.182089259078856e-06,0.9316175839587066
2995,1.909756614538541e-06,0.92789727714708
2996,-4.667248014721446e-07,0.9472722147957007
2997,2.152207416270067e-06,0.9248149099707228
2998,5.492963922436865e-07,0.9464694563094205
2999,7.612100982726028e-07,0.9481738975680419
3000,-1.1846114663402637e-06,0.930888942745788
3001,2.6738998469161343e-06,0.9263465459267881
3002,1.0601289583095438e-06,0.9377292308966162
3003,1.6702814314646027e-06,0.9342414710615253
3004,1.3954220080244966e-06,0.935707793455834
3005,1.7736172327466876e-06,0.9368555673592324
3006,2.3656730631904014e-06,0.9286295578411594
3007,9.087306120545237e-07,0.9431352680053035
3008,2.8328737781211274e-06,0.9208988391555362
3009,4.772359046792967e-07,0.947695520832632
3010,2.099678536618578e-06,0.9285007393421371
3011,1.6376744378040663e-06,0.92942165313966
3012,8.968986964740217e-07,0.9487956957491329
3013,1.889971572912458e-06,0.927865112102862
3014,9.075681387761135e-08,0.9428749306987387
3015,3.520397046100809e-06,0.9098231122876016
3016,-3.145146665743538e-06,0.9115156800073135
3017,9.994375409391604e-07,0.936420548456324
3018,1.1219581608081165e-06,0.940487974467651
3019,-8.730962966836594e-08,0.9445283635913382
3020,2.3763733182364296e-06,0.9277282978720314
3021,-3.381288990978278e-06,0.9085010688174067
3022,-1.9635292115456143e-06,0.9295672968313613
3023,1.2397370503538547e-06,0.9367451436228511
3024,-9.455772403845198e-08,0.9541641048141286
3025,1.4285644967795347e-06,0.9311537579003647
3026,-4.4574082426489006e-07,0.9417317269843358
3027,3.563907038984769e-07,0.9466120175228889
3028,1.5775973150933198e-06,0.9301073897168808
3029,-1.2631829297385965e-06,0.9393356345682924
3030,2.2445252990018337e-06,0.9361055262947734
3031,1.5636530864079694e-06,0.9307138014698386
3032,1.894155058172704e-06,0.9303042804369724
3033,-1.2454066519111811e-06,0.9373036196503265
3034,1.3675295442532561e-06,0.9434925918123255
3035,1.0283838070635211e-06,0.9356394770873194
3036,-2.1149852679659916e-06,0.9227047051493308
3037,-6.435749499098467e-07,0.9518955129718705
3038,6.072358013716167e-07,0.9434796459726037
3039,2.6813612303824193e-06,0.9261995743755229
3040,4.930535075773588e-07,0.9508018099485028
3041,-1.8424216528717978e-07,0.9495758915706646
3042,-1.101218813595053e-06,0.9402888681680486
3043,2.547315836518985e-06,0.9288833495008906
3044,2.361739488669371e-06,0.9408214678302603
3045,4.841268564044114e-07,0.9406399997812709
3046,1.6456234352779852e-06,0.9291421066919376
3047,-9.049455965966319e-07,0.9396885334957554
3048,4.09223649211095e-06,0.9125228030899913
3049,1.5242836862779334e-06,0.9263932614197863
3050,-8.639414351463484e-08,0.9562988583282384
3051,4.801350798065434e-07,0.9561733445628107
3052,1.6326538104339394e-06,0.9329211368310025
3053,4.094504570746918e-07,0.9455802422895024
3054,-1.417006641831772e-06,0.9406952424144512
3055,1.6223961711571588e-06,0.932495074426676
3056,7.34379087017052e-07,0.9467051599074248
3057,4.171477652242032e-06,0.9159430858469266
3058,1.2115035417127378e-06,0.9337719141471156
3059,-1.547916091509482e-06,0.9351343101745665
3060,-3.4393925703672163e-07,0.9473365980772325
3061,1.3798120887136212e-06,0.9397865125126864
3062,-9.672570937504942e-07,0.9358917568540213
3063,4.0890498820225347e-07,0.9472134538785978
3064,1.2367888763096916e-06,0.9505224738378276
3065,-2.713310075765213e-06,0.9284180712002408
3066,2.6126022153660803e-06,0.9192974843590318
3067,1.549990481648318e-07,0.9572578815391839
3068,-8.554719211956161e-08,0.9461167783957819
3069,1.1056337733699584e-06,0.9415053883966934
3070,2.5143570735311985e-06,0.9300598368119515
3071,2.168089040966629e-06,0.9187790187335428
3072,8.467009062348205e-07,0.9448573370970539
3073,2.012193038324098e-06,0.9263282301914351
3074,-7.285439317680755e-07,0.9372567730436484
3075,1.6602663689428292e-06,0.9384336167922476
3076,1.1407301590728952e-06,0.9332430668694298
3077,1.201277334964447e-06,0.933227803779969
3078,-2.7002477825453134e-07,0.9454566733271519
3079,-3.688157759564383e-07,0.9406607535823778
3080,3.39994252066866e-06,0.9065613099773001
3081,-3.666957418502266e-08,0.9485543948239507
3082,2.8839935953736254e-06,0.9226333994549092
3083,4.6095998166586817e-07,0.9416844431155662
3084,2.7544414140579023e-06,0.9184224619859246
3085,1.251788837254566e-06,0.9366351446788921
3086,1.6834111170280692e-06,0.9410214273597639
3087,2.045269336467146e-06,0.9289027218048895
3088,3.6026123391484535e-06,0.9218729508470652
3089,2.7419288905720762e-06,0.9239908898651936
3090,-3.249770187558882e-07,0.9349200289596339
3091,1.252166360795396e-06,0.9413483042335924
3092,-1.2335453286098618e-06,0.9397419702244807
3093,1.9774907398738372e-07,0.9505737606949802
3094,-7.693349685902166e-08,0.9456003946346863
3095,8.146683824995376e-07,0.9359713885036555
3096,2.456187082570391e-06,0.9255393385902813
3097,-9.245510096129705e-07,0.9376765909102578
3098,1.8600966532182086e-06,0.9298918665075921
3099,2.0522145479448207e-06,0.9245022408958733
3100,4.636697731450067e-07,0.9450022873278825
3101,4.48722030471684e-06,0.9014880336974026
3102,1.9183362160242336e-06,0.9331739580745515
3103,3.718149783655257e-06,0.9196163778582878
3104,1.701333771695054e-07,0.9430521392858079
3105,-1.3599136425128842e-06,0.9375807309805967
3106,2.5399349783056515e-06,0.9303197222796621
3107,4.934899763114871e-07,0.9452869729712657
3108,3.201636577079265e-06,0.9141676556497429
3109,-3.0607594869850157e-06,0.9251583945580426
3110,-9.500315041353094e-07,0.9390467550580994
3111,1.6454596777551963e-06,0.9312345016861052
3112,2.64667342843553e-06,0.9368899024071228
3113,-3.8291117421496315e-07,0.9468403451490611
3114,9.205328504582178e-07,0.9423586906072791
3115,-5.60462668099709e-08,0.9461886087605291
3116,-9.315699300687396e-08,0.9467611168655561
3117,1.9716041352519533e-07,0.935502308297101
3118,1.0547371211792458e-06,0.9379466606427276
3119,-2.407356501658463e-07,0.9480578184988298
3120,9.036633907737748e-07,0.9389750044383299
3121,9.265567937535399e-07,0.9378249618211223
3122,-9.639697050178581e-07,0.9501657190866909
3123,1.1639800907333393e-07,0.9501637282820549
3124,5.0802226345429945e-06,0.9
3125,1.6511500202720311e-06,0.9451219567824773
3126,-1.7360183751089738e-06,0.9393089284166812
3127,1.2689875491698937e-06,0.9347842252024612
3128,9.902505250440775e-07,0.9382883137224384
3129,3.442586993355587e-06,0.9154940772695519
3130,2.03254808760485e-06,0.9270299935294383
3131,1.3817269384118125e-06,0.9342686955643891
3132,-1.3667969215110742e-06,0.9428740701161021
3133,1.4712119541401318e-06,0.9391440046831825
3134,-2.56829453070142e-07,0.9533552729665463
3135,1.6633580948175937e-06,0.9341175794270655
3136,2.564558811757277e-06,0.9227081685194013
3137,2.9906671737083273e-06,0.9167820677327221
3138,9.658069646958255e-07,0.9356594297240696
3139,-9.306935637607867e-07,0.9383642605710772
3140,6.54137900698254e-07,0.9462175102430092
3141,-1.1981464984012686e-07,0.9517363932780509
3142,3.988149254404917e-07,0.9435414995181648
3143,1.922748399435024e-06,0.9280503255178741
3144,3.842152685318778e-06,0.9137401327335681
3145,-1.2828454807714152e-06,0.9365755879173087
3146,-1.2650479903252863e-07,0.9405284837815927
3147,2.6104611137899756e-06,0.9292998965180654
3148,-2.509915143980261e-07,0.9510431973221689
3149,2.320062905157373e-06,0.9267361445926574
3150,2.4409539999930395e-06,0.9270630263362275
3151,2.751015099058622e-06,0.916627490047928
3152,1.1498953786994721e-06,0.9395087059185112
3153,-9.43980937776814e-07,0.9352559439932596
3154,-1.6302919091908912e-06,0.9339230955115823
3155,2.0555563558796823e-07,0.941490620554017
3156,2.866294222358418e-06,0.9233385738547685
3157,-2.506410299141344e-07,0.9485097994997104
3158,5.303839255606783e-07,0.9368842314358384
3159,1.3519893487295315e-06,0.9446793954899972
3160,3.1789065894999233e-06,0.9187278465501648
3161,2.12553600352088e-07,0.9506887916696943
3162,1.340243483846931e-06,0.9359045046471429
3163,3.898219621780497e-06,0.9090372699189683
3164,2.4487428770554954e-06,0.926231863852991
3165,1.151073477656808e-06,0.9302346308067109
3166,2.680373618678313e-06,0.9273800393674342
3167,1.2142158097608876e-06,0.9430318376855678
3168,1.5794398508566993e-06,0.9277185824891033
3169,-6.455501394280207e-07,0.9432414225824473
3170,-1.8026467915918286e-06,0.9375857009674715
3171,5.664348600417035e-07,0.9450203022521788
3172,-6.630242946284133e-07,0.946602243985253
3173,6.833590956708021e-07,0.9415359995318512
3174,3.177268544894463e-06,0.9247744788578218
3175,2.1158758765619645e-06,0.9298865160510308
3176,8.404344563325465e-08,0.9477154240674058
3177,3.75126722564774e-07,0.9482095857060487
3178,8.615412659721387e-07,0.9413505811123184
3179,3.3858680631036226e-06,0.9218599311957887
3180,-3.414689216225516e-07,0.948070195798182
3181,-3.3269048003650393e-07,0.949686619873567
3182,4.009207317629787e-06,0.9081276288468774
3183,2.181549128145965e-06,0.9362523035895366
3184,6.938347737514745e-07,0.9455331651487876
3185,3.665119899361936e-06,0.9086684976210099
3186,-7.515170077240444e-07,0.9362635070280508
3187,2.124366199996884e-06,0.9236906495902182
3188,1.8111961125269117e-06,0.938686110146252
3189,-1.4987610171800988e-07,0.9446908192915344
3190,1.9878988686801825e-06,0.9303603148448167
3191,-2.880288685993863e-06,0.9288564953179329
3192,1.798631557888214e-06,0.9301118499406218
3193,2.370198800477693e-07,0.9511311570503513
3194,8.405605647390703e-07,0.9418806390874738
3195,1.1545241447048204e-06,0.9343595053224053
3196,3.335525595346358e-07,0.9457228470361385
3197,-3.083256468429861e-07,0.9482903665187957
3198,1.6900744380037155e-06,0.9415317308099396
3199,-3.0884091831054356e-07,0.9513638762922795
3200,3.1999220510142108e-06,0.9227487233646033
3201,1.1318712134801122e-07,0.9473217607993428
3202,3.349227469248168e-06,0.9155752766204676
3203,8.643384345443517e-07,0.9389230747332376
3204,2.15482169359742e-06,0.9161477293258209
3205,-3.8747739767596486e-07,0.9412257497511783
3206,3.4623654436194214e-06,0.9165374131476047
3207,5.88899214489872e-07,0.9430909446690027
3208,-1.3048847406105165e-06,0.9437321278282111
3209,3.48768778865622e-07,0.9494778974863423
3210,-1.410260653241952e-07,0.9482899304734401
3211,-5.621469490722535e-07,0.943138320328349
3212,2.5834495199121523e-06,0.9246946126381821
3213,1.5133628587257852e-06,0.9351796283202143
3214,3.5311317920557323e-06,0.9106059848726942
3215,6.91184923751622e-07,0.9440276904214903
3216,-6.858257945867239e-07,0.9437740610164157
3217,9.604722374468007e-07,0.9409648384146416
3218,1.1027870710818266e-06,0.9356141337906742
3219,-1.6948034452686568e-06,0.9339673737686334
3220,-5.210926717091094e-07,0.9443268484201388
3221,-2.88430206212311e-07,0.9397119108362888
3222,1.4918449557536276e-06,0.938583299773073
3223,2.6839494102112476e-06,0.9209252512242255
3224,9.76707045597583e-07,0.9419360535147069
3225,2.552252258032637e-06,0.9157271124963964
3226,-1.4445169442274944e-06,0.9424962598159826
3227,-1.7917707355303237e-06,0.9366691392462765
3228,3.0495686351550183e-06,0.9235213218071381
3229,-6.972634916600695e-07,0.9385683226300502
3230,8.206696692794568e-07,0.9505507994029734
3231,3.711549939135618e-06,0.9143791670973586
3232,-1.6461290315892374e-06,0.9343502565731272
3233,5.79682192668768e-07,0.9443169078091506
3234,-1.7456819439144431e-06,0.9337623596010809
3235,-1.4998816749047517e-06,0.9223512771229557
3236,1.2734175736307427e-06,0.9468589587764914
3237,-4.2810625911721996e-07,0.9433550264944831
3238,2.3510842741030913e-06,0.9323023326227327
3239,1.08265314807458e-06,0.9356313894597931
3240,3.0419378851602893e-06,0.9134293301490302
3241,7.675358205359148e-08,0.9521738649559596
3242,-1.6046806798361274e-06,0.9358948757001164
3243,2.7410336324581505e-06,0.930972360379757
3244,2.872464824319427e-07,0.944926806430366
3245,2.061028587377998e-06,0.9263006953498143
3246,4.1784427430054786e-07,0.9474320779322376
3247,1.5110437869657e-06,0.9253539849834141
3248,-9.588261970594826e-07,0.9312466716778737
3249,-1.7635838183147614e-06,0.9267706098739606
3250,5.567308536781608e-07,0.9438053356853174
3251,-2.540418593211761e-06,0.9199299415326194
3252,-1.5234310093017464e-06,0.9337645360761294
3253,-1.39839298172885e-07,0.9548942814838652
3254,6.897252724065303e-07,0.9400677689010697
3255,4.925967257851284e-07,0.9418558290001723
3256,3.066886044348908e-06,0.9176549045632925
3257,1.6456983728541296e-06,0.9374913429278228
3258,-1.4729224425427895e-07,0.9395088915472897
3259,1.4209241164901515e-07,0.9517655757725741
3260,-1.8078127315252485e-06,0.9331859118767268
3261,2.2616754518639705e-06,0.9343413133755787
3262,2.0018047765621245e-06,0.9314454632664021
3263,1.2125002115936065e-06,0.9318354300870171
3264,-6.055429080899032e-07,0.9352834634442914
3265,1.0293437808037562e-06,0.9419101674609114
3266,1.102827797273145e-06,0.9403901114127109
3267,2.133306296871737e-06,0.922031364569035
3268,1.014815068548587e-06,0.9410843688022366
3269,1.6127765729184827e-07,0.9377584791312833
3270,-7.300273885125702e-07,0.9401583892104594
3271,1.1541456673711487e-06,0.9386258300510788
3272,4.001302276425022e-06,0.914705334081143
3273,8.771192833258168e-07,0.9418347064223668
3274,2.953753076299031e-06,0.9270078797587087
3275,1.4504036645421598e-06,0.944162527526404
3276,-5.27286281425923e-07,0.9445828808509271
3277,5.996541530042189e-06,0.9
3278,6.87933723064213e-07,0.9436403463878161
3279,1.2025952570186849e-06,0.9463237420354043
3280,2.205141540779846e-06,0.927554986224356
3281,-1.7760247392025866e-06,0.9286062865287306
3282,1.0107372027321272e-06,0.9392446025251681
3283,2.673398795206023e-06,0.9221092468671992
3284,2.260588774320801e-06,0.9200337393316511
3285,7.252309958014566e-08,0.9527481669726717
3286,4.232789641225538e-06,0.9069620279846642
3287,2.24482369888823e-06,0.9342324941272664
3288,2.4445519044754704e-06,0.9292958477643816
3289,3.4636247643385294e-07,0.9541337736685663
3290,-1.2011115852952772e-06,0.9316541979449136
3291,3.91208262789379e-06,0.9126872732166151
3292,-1.0725503587212653e-06,0.9321064568901467
3293,-1.4542392696723972e-06,0.945629389570307
3294,7.842709499104821e-07,0.9395707637138658
3295,3.5291912375549805e-06,0.9159644693076066
3296,3.891702691296125e-07,0.9514126633437503
3297,1.874202854359028e-06,0.9342602596820726
3298,4.810639356049809e-07,0.9407126462688182
3299,-7.07134824977057e-07,0.9434431984201066
3300,9.269565614795884e-07,0.9431444762882483
3301,2.3299825133931064e-07,0.9540715511357895
3302,-1.2127853886712372e-06,0.9399623902615872
3303,-5.44901130101527e-07,0.9433351357076788
3304,-5.629342730027453e-07,0.9425324684008708
3305,-8.029613336626868e-07,0.936966222085955
3306,2.462080996898353e-06,0.9184320370664069
3307,1.958401311588468e-06,0.9346751396729268
3308,2.087581606862977e-06,0.9289910358323884
3309,-8.378085397258548e-07,0.9338958230656721
3310,-9.790141808533574e-07,0.9343407547501748
3311,1.3566677229538867e-06,0.9293556603657476
3312,5.834437819956846e-07,0.9443664115469655
3313,4.2884288664422314e-07,0.9443588848512869
3314,2.9641410549872467e-06,0.9228571482018573
3315,2.0438892052907904e-06,0.9277030489766928
3316,2.17471985831042e-06,0.9297713143609744
3317,1.2528249600365203e-06,0.9355149266661591
3318,1.295589635642349e-06,0.9475856440294578
3319,1.8843553285971085e-06,0.9397020053674118
3320,-2.113310137449686e-06,0.9292284031814433
3321,2.233401927400321e-06,0.9295993789366617
3322,1.7423323945445806e-06,0.9306329433875811
3323,2.8600175354039436e-06,0.9133959636593448
3324,6.755867794462696e-07,0.9438651262040005
3325,-3.7106787531513582e-09,0.9501025791190355
3326,-2.2379761671272197e-06,0.9211382643535533
3327,2.9547753047918054e-06,0.921669303928074
3328,3.0781997082836366e-07,0.9518205875515082
3329,3.142568589016714e-06,0.9276229573565431
3330,-2.1129577440472856e-06,0.9357847699556783
3331,-9.475757108588308e-07,0.9420325179134585
3332,1.897300326043792e-06,0.9390713874476913
3333,1.6693399875932625e-06,0.9347015455773139
3334,-4.2871511148022204e-07,0.9372745705271794
3335,-4.705605215967173e-07,0.9523273977209044
3336,9.68837107004591e-07,0.9486178787498122
3337,-2.353869902324553e-07,0.9515730063032978
3338,1.1855376762452677e-06,0.9446209122644126
3339,5.578241587070482e-07,0.9437842500189826
3340,2.870011750348686e-06,0.9108517480284977
3341,6.866107707899271e-07,0.9348285158733565
3342,8.691173543624955e-07,0.9392068368193792
3343,1.8831621572244954e-06,0.9334994775365454
3344,4.5804847934146957e-07,0.9406108600051938
3345,1.0422625640118319e-06,0.9461025951998042
3346,-6.569446873284558e-07,0.9359142845862594
3347,-2.042011038598391e-06,0.9219066750043309
3348,9.050074314880205e-07,0.9339228943627195
3349,3.1482629219934223e-07,0.9491599168955438
3350,-2.499973372249275e-06,0.9299343792667144
3351,3.2080788868263057e-06,0.9272421426595027
3352,3.2829342722329037e-06,0.9292341698707868
3353,1.286138428415274e-06,0.9411686344233433
3354,5.137213038289464e-07,0.9481767321443757
3355,1.1376257624929113e-06,0.9303087658349116
3356,-1.4976419097640067e-06,0.9440685348354799
3357,1.1660649575765787e-06,0.9454409851689008
3358,7.300861477207105e-09,0.9454646825638886
3359,7.793669345083269e-07,0.9461322408653187
3360,3.151698859731268e-06,0.9194141371471178
3361,1.9664340135027445e-06,0.9296174090167667
3362,3.254097404763634e-06,0.9248141700530381
3363,-3.431645668856248e-07,0.9484837330912183
3364,-6.807338764680247e-07,0.947274009198398
3365,2.8436651619219703e-07,0.9431699428188963
3366,-2.357140884452698e-06,0.9318435935975725
3367,1.2269639070612774e-06,0.9389857337424279
3368,2.2527134330697646e-06,0.9236637051663997
3369,-5.56317377657162e-07,0.9471833704541531
3370,2.7765816641724366e-06,0.9248947509237851
3371,3.490377435719023e-06,0.9179181913476987
3372,1.7360994880972627e-06,0.936750128083208
3373,5.454494174558616e-07,0.9383330817713601
3374,9.483023893051832e-07,0.9440862203787136
3375,-4.6177248914264153e-07,0.9383519522140087
3376,-2.4746145178727974e-07,0.9542021369453162
3377,1.7135301627256672e-06,0.9322347876650997
3378,-6.353455603856509e-07,0.9450230477078434
3379,1.2152328137712995e-06,0.9401289503459554
3380,4.937674978114584e-06,0.9030926018047014
3381,-1.9599639287022444e-07,0.941114643043251
3382,2.0012424919381403e-08,0.9475153344103571
3383,2.248538985139747e-06,0.9244238393968373
3384,-6.738709995183706e-07,0.9459514986978828
3385,-7.515511721607235e-08,0.952131241533305
3386,-4.3965627233328416e-07,0.9432437630562571
3387,-1.5744115981852063e-08,0.9518991694954899
3388,6.8741977706446e-07,0.93701736649818
3389,-1.1768079533030934e-06,0.9366521867184063
3390,-1.353484270731798e-06,0.9343940970759026
3391,1.330130104294577e-06,0.9307863388654949
3392,2.280496268927935e-06,0.9341129966446127
3393,2.657863081241931e-06,0.9267654365597598
3394,1.5958514145011746e-06,0.9352408864781057
3395,1.5125905449707173e-06,0.9318492043776724
3396,8.785641569070254e-07,0.9419573794215664
3397,1.9478790137459e-06,0.9225707971974384
3398,1.2576370362899785e-06,0.9427333879534002
3399,-4.815562467221274e-08,0.9489711606574609
3400,-2.072184963870227e-06,0.9296100511885236
3401,-1.4704786427485763e-06,0.9325284320334001
3402,8.407281583047719e-07,0.9385586283533028
3403,6.559000435496639e-07,0.9453074919188251
3404,8.576171039593766e-07,0.9421300685222401
3405,-2.0819088617263606e-06,0.9283926535158773
3406,-2.644568303972819e-06,0.9215748451361375
3407,3.87479977553155e-06,0.9159344211312868
3408,-1.3720990397732496e-06,0.9335632790962851
3409,6.370269384780855e-07,0.9461621679942501
3410,2.2848917221523285e-06,0.9352980578373542
3411,-6.124872751908166e-07,0.9449650427363497
3412,-1.910585257327353e-06,0.9329431481339368
3413,1.7104994963653082e-06,0.9329952515453116
3414,1.9688414388182286e-06,0.9260057146121258
3415,-1.1982903216060628e-06,0.9332636106752998
3416,1.5138074926141623e-06,0.9414145566407814
3417,-4.581436738467107e-07,0.9420015218117864
3418,1.1049711499043278e-06,0.9561813519457266
3419,2.0144145849350186e-07,0.9528058245032504
3420,6.334833151910861e-07,0.9409635009419681
3421,-1.21376689922235e-06,0.9363425726122505
3422,2.2833878241883648e-06,0.9228168723066795
3423,1.0748632174695323e-06,0.934982570440252
3424,2.49890096372295e-07,0.9399289273812484
3425,4.64149625099014e-06,0.9051172200215564
3426,3.9638456271350703e-07,0.9524899659846793
3427,7.751810119426878e-07,0.9445438117439472
3428,3.428551769488722e-06,0.9230830527561034
3429,-9.150851633354927e-07,0.9409126297603879
3430,2.9705230071575146e-06,0.914888066855614
3431,5.068514519647014e-07,0.9434601464985992
3432,1.7250388718773174e-06,0.9367622185775883
3433,2.76680192106766e-06,0.9227452518604233
3434,-7.49785382811269e-07,0.9407291485057572
3435,-7.770455328754521e-07,0.9388189771128186
3436,2.058886218953876e-06,0.9222358564693195
3437,3.3645003420374794e-08,0.9541175227820055
3438,2.0198268662412748e-06,0.9257901069599138
3439,-5.233071729453474e-07,0.9526440675705456
3440,1.522733943921306e-06,0.9307082059340868
3441,8.552415479201705e-07,0.9468799902561971
3442,-5.138443285355334e-07,0.9402872293771257
3443,1.2754199976153524e-06,0.9304844559008218
3444,-1.593389557928623e-07,0.9462314904235734
3445,-3.3434342041775873e-06,0.916981300318398
3446,1.9046919064510216e-06,0.9407042986980044
3447,1.8793596039435374e-06,0.9260759634894237
3448,1.962750672291525e-07,0.9573431547583794
3449,1.650192397563022e-06,0.9387387360155599
3450,1.3218743453617326e-09,0.9489061233714956
3451,8.110226441026644e-07,0.9464915083649994
3452,2.3403286046908725e-07,0.9506732138052206
3453,9.207543177324417e-07,0.9347268149321133
3454,9.172938596210787e-07,0.9463482288026064
3455,9.317676196752537e-07,0.939039113513741
3456,3.2073429723756026e-06,0.919876024565047
3457,-1.2956564361249108e-06,0.9355991580224826
3458,1.3521041828273224e-06,0.9376556311672057
3459,1.7423834932058101e-06,0.9317695152358507
3460,5.821516814366672e-07,0.9442488872907421
3461,2.1975981577765136e-06,0.9246019859126845
3462,8.067037085871365e-07,0.9431726696130456
3463,5.862394278409955e-08,0.9517257365006077
3464,1.4825523821982968e-06,0.9248302397397897
3465,9.769795227930773e-07,0.9473164966498799
3466,3.3246629070617474e-06,0.920165754627071
3467,2.9612474831936894e-06,0.9196225643923333
3468,1.8369250701323091e-06,0.9324498945719961
3469,1.9961510784966504e-06,0.9392626163763279
3470,2.531731452790109e-06,0.9229702784785813
3471,3.459620653216802e-06,0.9166436017910246
3472,1.9692479108379825e-06,0.9291271262535807
3473,2.106621958542937e-06,0.9309286657666562
3474,2.739634675676182e-06,0.9200918136188931
3475,2.4490511922481023e-06,0.9133159158183418
3476,-6.547991869955747e-08,0.9426185523736184
3477,1.4648503979073816e-06,0.9401583309346082
3478,9.085678495569355e-07,0.9476929218112821
3479,-3.195927059705227e-07,0.9397968542781949
3480,2.0841992978063103e-06,0.9350101635743256
3481,1.0927444009404078e-06,0.9481835448488108
3482,1.7395937393238013e-06,0.9345924944604628
3483,2.3286641724367017e-07,0.9411554279423702
3484,4.955517728398021e-07,0.9529489718682841
3485,1.2301787649949867e-06,0.9357420995513379
3486,-5.288916757123944e-07,0.9474050527745124
3487,-8.81973328656521e-07,0.9429650999807864
3488,1.8361895405491025e-07,0.9468605021558423
3489,1.954677816918304e-06,0.9257035618538546
3490,9.345163662698312e-07,0.9330188334919298
3491,7.426094858462312e-07,0.9450588584070697
3492,2.194476464428904e-06,0.9337265251700204
3493,1.9813290900764454e-06,0.9281527629448367
3494,-1.9817027612870673e-06,0.9351362569291193
3495,8.225615189626823e-08,0.9419443555764402
3496,3.928568526201606e-06,0.910411551145316
3497,1.7093338877658238e-06,0.9340472405508394
3498,9.013732545852841e-07,0.9390511680708535
3499,-1.2511786996095464e-08,0.96
3500,-1.4150600340521273e-06,0.9336841887750286
3501,-5.043536150692154e-07,0.9475455010179835
3502,2.602468421589728e-07,0.9449026810077873
3503,1.954970819420242e-06,0.9401259010657524
3504,-4.0807804959217625e-07,0.9381625504484402
3505,1.025320599483121e-06,0.9439348568660791
3506,5.794071765296125e-07,0.9473703722778305
3507,4.5016157865534315e-08,0.96
3508,1.9111310342903688e-06,0.9284663559439208
3509,-2.819436395046016e-07,0.9485324374758679
3510,2.006809521864678e-06,0.9233936466334929
3511,9.431576049677254e-07,0.9442827493108618
3512,1.4611026778565224e-06,0.9385085674940397
3513,3.318610628716848e-06,0.9012669479843776
3514,1.2760802421871062e-06,0.9254821824533856
3515,8.53221855637432e-07,0.9479632722142871
3516,7.192040407566322e-07,0.9381358020172109
3517,2.250866322860596e-06,0.928190564459788
3518,1.2292718220337527e-06,0.9484943806715925
3519,-1.4932204126315506e-06,0.9318860077993185
3520,1.5295905493282073e-06,0.9407991069489918
3521,-6.157799828450434e-07,0.9417878835821766
3522,8.16096661805238e-07,0.9410783271675768
3523,2.045619829490542e-06,0.9292930364921379
3524,1.9688189601187047e-06,0.9242973750357328
3525,1.1583719593593624e-06,0.938589150430178
3526,2.2804933065493746e-06,0.9397940889263802
3527,2.461315743038839e-06,0.9218691301092681
3528,1.942870277577594e-06,0.930320406382193
3529,3.827598208304686e-07,0.9435280317144035
3530,-7.68624444340472e-09,0.9442011702245203
3531,-1.1528809098299594e-06,0.941746355160311
3532,3.5472615898539206e-07,0.9473630672171005
3533,-4.695008823800414e-07,0.9482002918474187
3534,-2.0273322431347176e-07,0.9412782769770469
3535,3.4439145034596614e-06,0.9165995812218407
3536,4.2570440158882055e-07,0.9447821314346829
3537,3.503096973725004e-07,0.9489630948935005
3538,-1.5568856115139418e-06,0.9254050435237737
3539,1.107736384250021e-06,0.9302099857606477
3540,-2.133292310810141e-06,0.9331818021489455
3541,1.19491074186021e-06,0.938952297718222
3542,-8.686585366664699e-07,0.9482642240707174
3543,2.5420445572607897e-06,0.9177839352038062
3544,7.528120265395763e-07,0.9404238448202845
3545,8.557929919693174e-07,0.9468804177913305
3546,3.161222299643414e-07,0.9517573983214219
3547,-1.8502763499586236e-06,0.9284214665585763
3548,2.8276968095743436e-07,0.9444694810874142
3549,9.668087861962102e-07,0.9411214430558642
3550,1.2976400208369441e-06,0.9414548933899081
3551,2.1051554818333474e-06,0.9214380853993835
3552,1.1685395477238283e-06,0.9352543258468974
3553,2.2435844548799018e-06,0.9340418261013206
3554,2.278969046739468e-06,0.9367404639857514
3555,2.1368555643783366e-06,0.9336259300978902
3556,-3.464226440270504e-07,0.9464113810457069
3557,2.0356560479353867e-06,0.9310862243498171
3558,-5.381372847472069e-07,0.9400010673904965
3559,-1.9777746282027016e-06,0.9320825482716135
3560,-7.256169868794494e-07,0.9461021500835195
3561,2.090815094360531e-06,0.9302009660270594
3562,1.5624569822684803e-06,0.9394681405324905
3563,2.7746420311597044e-06,0.9111002758939334
3564,2.060661184010691e-06,0.9318285176422332
3565,1.4037279402779519e-06,0.9383279056718147
3566,4.223593160401633e-07,0.9337902578822719
3567,-4.322968015889073e-08,0.9404270894554733
3568,-1.7225514690739492e-06,0.9381224675584594
3569,5.469631754946102e-08,0.9507971299204369
3570,9.360807407475724e-07,0.9473333420378419
3571,1.0490400009677795e-06,0.9365218602289911
3572,3.3062839939656547e-06,0.9144433533799019
3573,1.5989850236123674e-06,0.9364986714776485
3574,-1.0643066004710004e-06,0.943959285291041
3575,3.1027144091875043e-06,0.9133043280069205
3576,9.768649450668626e-07,0.946930739676849
3577,-1.6794766688711222e-06,0.9363480589879971
3578,-1.075587191660931e-06,0.9376466154963414
3579,5.907609715553695e-07,0.9382017165844031
3580,-5.321287408189109e-07,0.9443153592919709
3581,3.1397501982956695e-06,0.9210073992181478
3582,-1.7012982338735463e-06,0.9353155601987184
3583,9.957188462456254e-07,0.9368774817550011
3584,2.2810330012985946e-07,0.950206738131137
3585,-1.593304674871247e-06,0.9308322389837836
3586,-9.085589308567979e-07,0.9369185970720101
3587,1.4588156321045873e-06,0.9356556603281345
3588,2.0075943370299364e-06,0.9186563242780632
3589,4.970345069440789e-07,0.9444950478908076
3590,-1.6993348357842945e-06,0.9295647480273053
3591,8.962422673874604e-07,0.9426411675363491
3592,1.4880190333587162e-06,0.9252638658249243
3593,-8.110103765217843e-08,0.9415408611309402
3594,9.211967458578796e-07,0.9386328965662611
3595,-7.30576333583404e-08,0.96
3596,-7.576350498137301e-07,0.9423410718505489
3597,1.6990076663736243e-06,0.9347993791332995
3598,1.8593527521742358e-06,0.9331832368692801
3599,4.0065657366439946e-07,0.9460486582868035
