scenario,geometry,run_id,beta_hat,deltaBIC_dbu_vs_null,deltaBIC_dbu_vs_nuis,eps_eff,phys_scale,temporal_tau
MZI_null,MZI,MZI_null_00001,-0.2644560233044101,-1.027748091815615,-2.1552468412489496,0.0,0.0,300
MZI_null,MZI,MZI_null_00002,-0.1015383000458938,-0.16497113347739623,2.092998567487853,0.0,0.0,300
MZI_null,MZI,MZI_null_00003,0.13969201786742977,-4.5176525696679155,-1.9276371275536437,0.0,0.0,300
MZI_null,MZI,MZI_null_00004,0.049689514710534594,0.9266353813670776,-2.43752271353587,0.0,0.0,300
MZI_null,MZI,MZI_null_00005,-0.027848846499572567,-5.319004922018085,-4.588619872242012,0.0,0.0,300
MZI_null,MZI,MZI_null_00006,0.1218788733591297,2.068720085712469,-1.2160303647410016,0.0,0.0,300
MZI_null,MZI,MZI_null_00007,0.15052993468380363,-0.9150919248570974,-2.9353592638153727,0.0,0.0,300
MZI_null,MZI,MZI_null_00008,0.05420934082626209,2.6141096993979076,-1.1074781173298547,0.0,0.0,300
MZI_null,MZI,MZI_null_00009,0.2346965483721009,-9.859235312269233,1.4657075131256714,0.0,0.0,300
MZI_null,MZI,MZI_null_00010,0.013057060235725683,-2.8970220513976024,-0.7247176703934931,0.0,0.0,300
MZI_null,MZI,MZI_null_00011,-0.2981353371901339,-2.6590156635125357,0.07133771453523918,0.0,0.0,300
MZI_null,MZI,MZI_null_00012,0.2216841067112274,-3.554810654820942,-3.4254808086795627,0.0,0.0,300
MZI_null,MZI,MZI_null_00013,-0.07526355653768048,0.7462063531062224,-0.013746671020946621,0.0,0.0,300
MZI_null,MZI,MZI_null_00014,-0.07946403056505581,-0.4601977006599318,-0.7087673519558788,0.0,0.0,300
MZI_null,MZI,MZI_null_00015,0.14529674857993338,-4.106159281632057,-1.9829864397933046,0.0,0.0,300
MZI_null,MZI,MZI_null_00016,-0.05881622296982364,-6.390544844396356,-0.1116391688062719,0.0,0.0,300
MZI_null,MZI,MZI_null_00017,0.0391582908269834,-1.9846596300726174,-1.7037614001254409,0.0,0.0,300
MZI_null,MZI,MZI_null_00018,-0.21230561130756212,-3.2619359682960773,-2.0281435495803084,0.0,0.0,300
MZI_null,MZI,MZI_null_00019,-0.12034159038324282,-2.4838571349980274,0.21215257044361513,0.0,0.0,300
MZI_null,MZI,MZI_null_00020,0.2829278851815795,-1.4762665615044832,-0.22734882783170685,0.0,0.0,300
MZI_null,MZI,MZI_null_00021,-0.011166887364925082,-7.756313645897125,-1.0795416263476507,0.0,0.0,300
MZI_null,MZI,MZI_null_00022,0.009034531491153965,5.389726337455858,-1.5770828943433677,0.0,0.0,300
MZI_null,MZI,MZI_null_00023,0.04523210135004187,-2.1041353091157298,-4.506034112858596,0.0,0.0,300
MZI_null,MZI,MZI_null_00024,0.17142342217725307,0.2557990980603222,1.3730958411291407,0.0,0.0,300
MZI_null,MZI,MZI_null_00025,-0.13640811821921084,2.2083829328082976,-5.205553188376843,0.0,0.0,300
MZI_null,MZI,MZI_null_00026,0.08802856407004055,4.571366877429936,-3.971608975392065,0.0,0.0,300
MZI_null,MZI,MZI_null_00027,-0.08494465944041578,-1.7010459047370763,-2.5104269623485975,0.0,0.0,300
MZI_null,MZI,MZI_null_00028,-0.2325995146599199,-1.794311075581918,-4.186911141178315,0.0,0.0,300
MZI_null,MZI,MZI_null_00029,0.07103886459527724,-4.75827270270141,3.649803215052618,0.0,0.0,300
MZI_null,MZI,MZI_null_00030,-0.11748799385043555,-2.9661845486170266,1.4405516521090092,0.0,0.0,300
MZI_null,MZI,MZI_null_00031,-0.18462964746509328,-1.3176201961876117,2.921428262847284,0.0,0.0,300
MZI_null,MZI,MZI_null_00032,-0.2411224851841841,-1.4460984244030874,-0.2203516172547294,0.0,0.0,300
MZI_null,MZI,MZI_null_00033,0.11727343076659655,-5.710852132634246,-4.9613698392528285,0.0,0.0,300
MZI_null,MZI,MZI_null_00034,0.07829123484253464,-1.1090459803004418,-0.24852144896237038,0.0,0.0,300
MZI_null,MZI,MZI_null_00035,0.05196723142454635,-4.040074164735472,-0.3032389085169893,0.0,0.0,300
MZI_null,MZI,MZI_null_00036,0.043960870994802184,-4.143054254079104,4.5973235334342695,0.0,0.0,300
MZI_null,MZI,MZI_null_00037,0.07107493813676813,-5.573910491607946,0.9696608259014892,0.0,0.0,300
MZI_null,MZI,MZI_null_00038,-0.14620225053409822,0.361253811227356,2.4757867370222124,0.0,0.0,300
MZI_null,MZI,MZI_null_00039,-0.12310234775275657,0.8901283877329655,0.2383427808094949,0.0,0.0,300
MZI_null,MZI,MZI_null_00040,0.1233090239991735,3.6903789479618423,-1.7361643480086115,0.0,0.0,300
MZI_null,MZI,MZI_null_00041,-0.11306042465362343,-4.66854328887657,-3.447430854896315,0.0,0.0,300
MZI_null,MZI,MZI_null_00042,-0.01156525641211563,-0.9765440755500683,-0.16992760200994284,0.0,0.0,300
MZI_null,MZI,MZI_null_00043,0.12407748735540357,-1.9609943243662789,3.360602231471951,0.0,0.0,300
MZI_null,MZI,MZI_null_00044,-0.03969852498569341,6.1605074997688565,0.8770020432950187,0.0,0.0,300
MZI_null,MZI,MZI_null_00045,-0.12857363346244238,-5.212677494183337,0.447417245729556,0.0,0.0,300
MZI_null,MZI,MZI_null_00046,-0.03351941779887763,0.14200148227627585,0.4197128737206346,0.0,0.0,300
MZI_null,MZI,MZI_null_00047,-0.010924336898530916,-4.540381154205215,-5.544541674057594,0.0,0.0,300
MZI_null,MZI,MZI_null_00048,-0.06697724281005316,0.569196382970417,-0.35771876760938814,0.0,0.0,300
MZI_null,MZI,MZI_null_00049,-0.1868608168067982,-1.480457222446454,0.1559521391865104,0.0,0.0,300
MZI_null,MZI,MZI_null_00050,-0.13257861543016994,-1.5388246821634164,-0.8253738446620003,0.0,0.0,300
MZI_null,MZI,MZI_null_00051,-0.17144554467459347,-0.9266379189551501,0.6823535791047033,0.0,0.0,300
MZI_null,MZI,MZI_null_00052,0.16245768647629155,1.161406156104709,-5.133008103871273,0.0,0.0,300
MZI_null,MZI,MZI_null_00053,-0.14067375598726842,-0.4548941983740207,0.5413578527366263,0.0,0.0,300
MZI_null,MZI,MZI_null_00054,0.07725715294590718,9.558194471964164,0.712671532079501,0.0,0.0,300
MZI_null,MZI,MZI_null_00055,0.17033484602708984,0.862005290479607,0.954173753917394,0.0,0.0,300
MZI_null,MZI,MZI_null_00056,-0.04729038669605184,0.27690766147980206,-3.3184756436127154,0.0,0.0,300
MZI_null,MZI,MZI_null_00057,-0.03552279101100133,-3.45609064348731,-0.7543775818410323,0.0,0.0,300
MZI_null,MZI,MZI_null_00058,0.3471987850010263,-7.601795577775244,1.0587805711235405,0.0,0.0,300
MZI_null,MZI,MZI_null_00059,-0.24190738067844775,-3.4157955973683003,2.2668517909020984,0.0,0.0,300
MZI_null,MZI,MZI_null_00060,0.009642002864319415,-5.233234333787919,-3.145911127779905,0.0,0.0,300
MZI_null,MZI,MZI_null_00061,0.10193966234020137,-4.19109989515141,-0.3506242312540754,0.0,0.0,300
MZI_null,MZI,MZI_null_00062,0.006835775985572067,-3.954801042817451,5.431832267975977,0.0,0.0,300
MZI_null,MZI,MZI_null_00063,0.09508785334770169,-8.075427759972822,-0.44063705569171707,0.0,0.0,300
MZI_null,MZI,MZI_null_00064,-0.0992679697152582,0.5573000043886718,-3.377562215298102,0.0,0.0,300
MZI_null,MZI,MZI_null_00065,-0.017210466220034852,-0.4850381630586287,1.5972655825103645,0.0,0.0,300
MZI_null,MZI,MZI_null_00066,-0.18004446105836644,-3.003503707522845,-2.4248359334828686,0.0,0.0,300
MZI_null,MZI,MZI_null_00067,-0.09799938488605678,3.296362720843291,0.21494513288286665,0.0,0.0,300
MZI_null,MZI,MZI_null_00068,-0.18913259315025677,0.7535858411643281,5.3664685910379,0.0,0.0,300
MZI_null,MZI,MZI_null_00069,0.15486978908267202,-6.558109897862041,-2.452702218598754,0.0,0.0,300
MZI_null,MZI,MZI_null_00070,0.1900366723779934,-4.123008396856342,0.3314582844386853,0.0,0.0,300
MZI_null,MZI,MZI_null_00071,0.11619510801440051,-4.780791414734249,-1.1785760681854003,0.0,0.0,300
MZI_null,MZI,MZI_null_00072,-0.48619010101036086,-5.07316292400287,-1.7577044541794808,0.0,0.0,300
MZI_null,MZI,MZI_null_00073,-0.1871674772947274,2.897233911794906,-5.290424133881898,0.0,0.0,300
MZI_null,MZI,MZI_null_00074,-0.06600667300454756,-1.6077782681417259,3.3238198671983463,0.0,0.0,300
MZI_null,MZI,MZI_null_00075,-0.2153793226769159,1.4894912564648788,-0.9693008169412388,0.0,0.0,300
MZI_null,MZI,MZI_null_00076,-0.14722629765719264,-0.6136895772101878,-0.4028209132795899,0.0,0.0,300
MZI_null,MZI,MZI_null_00077,-0.0900325315738192,-1.7905937450299432,-2.1559407905852805,0.0,0.0,300
MZI_null,MZI,MZI_null_00078,0.017027601787687207,-0.013607976436859959,3.758050448436056,0.0,0.0,300
MZI_null,MZI,MZI_null_00079,-0.18567232482402735,4.3991001239688,-6.856263398567505,0.0,0.0,300
MZI_null,MZI,MZI_null_00080,-0.022767764255337497,-0.23504838054627042,-0.1570243967949021,0.0,0.0,300
MZI_null,MZI,MZI_null_00081,-0.09340492797308907,-2.6243667510718254,-2.479002803976498,0.0,0.0,300
MZI_null,MZI,MZI_null_00082,-0.08840471354163172,0.548806291063074,0.07104645789514197,0.0,0.0,300
MZI_null,MZI,MZI_null_00083,-0.10393643928909813,0.6987996262997522,-0.07810143737017206,0.0,0.0,300
MZI_null,MZI,MZI_null_00084,0.12192931782584401,-0.11111347422916329,-3.486985032766217,0.0,0.0,300
MZI_null,MZI,MZI_null_00085,-0.08402715602954543,0.24188081536978556,0.8311107963003945,0.0,0.0,300
MZI_null,MZI,MZI_null_00086,-0.00313523909462222,-1.648017850073654,2.8329946873652747,0.0,0.0,300
MZI_null,MZI,MZI_null_00087,-0.08873570832537449,-0.35870785648988623,-1.606577957301682,0.0,0.0,300
MZI_null,MZI,MZI_null_00088,-0.03265218048408304,1.2963305559615703,1.4762490469640897,0.0,0.0,300
MZI_null,MZI,MZI_null_00089,0.12202644540009577,1.9164364214629872,-0.9369884751017229,0.0,0.0,300
MZI_null,MZI,MZI_null_00090,0.10229294569424459,-2.9308002697803683,-0.027500942534673722,0.0,0.0,300
MZI_null,MZI,MZI_null_00091,-0.019521458155152688,-1.7090121050218454,0.7854710763107409,0.0,0.0,300
MZI_null,MZI,MZI_null_00092,-0.12273310248502087,4.27716182705638,-4.018052144499106,0.0,0.0,300
MZI_null,MZI,MZI_null_00093,-0.18212829191815982,1.4743326205002036,1.3749880818888078,0.0,0.0,300
MZI_null,MZI,MZI_null_00094,0.09361797255782327,-0.11496347220716041,-1.0367403185407438,0.0,0.0,300
MZI_null,MZI,MZI_null_00095,-0.13458815572287472,-1.772586325418821,-3.031485134536335,0.0,0.0,300
MZI_null,MZI,MZI_null_00096,0.14626796001266268,-2.441172144506416,-3.4764915903775346,0.0,0.0,300
MZI_null,MZI,MZI_null_00097,-0.04820787624794901,-0.7612056371731271,-2.691173658411924,0.0,0.0,300
MZI_null,MZI,MZI_null_00098,-0.12333305933496472,-1.2689383655242632,-0.2651002866738317,0.0,0.0,300
MZI_null,MZI,MZI_null_00099,-0.07604147630566946,-3.413114916854968,-0.3038501879270912,0.0,0.0,300
MZI_null,MZI,MZI_null_00100,-0.21721265122459862,-6.222391323129665,-3.1553326637573083,0.0,0.0,300
MZI_null,MZI,MZI_null_00101,-0.032017072756777086,-1.0672773032059863,3.4260686508486557,0.0,0.0,300
MZI_null,MZI,MZI_null_00102,0.1286489434803029,-2.4798155898902814,-1.0570486237080665,0.0,0.0,300
MZI_null,MZI,MZI_null_00103,-0.15037940469567132,-2.05553940797717,-1.8659759167604149,0.0,0.0,300
MZI_null,MZI,MZI_null_00104,0.04840778405071342,-4.481692830656969,0.5580395427235167,0.0,0.0,300
MZI_null,MZI,MZI_null_00105,0.22991083695038664,-2.326280445370573,0.20513516629682438,0.0,0.0,300
MZI_null,MZI,MZI_null_00106,0.10352159875666687,-3.2036614156575087,-0.32772255456874966,0.0,0.0,300
MZI_null,MZI,MZI_null_00107,0.0018888601172692289,-1.7069717043535049,-3.3190293515663996,0.0,0.0,300
MZI_null,MZI,MZI_null_00108,0.003676526138841407,-0.5060051262636507,3.353430823385125,0.0,0.0,300
MZI_null,MZI,MZI_null_00109,0.143890623912781,4.459547372534669,-3.3020426886641485,0.0,0.0,300
MZI_null,MZI,MZI_null_00110,0.13084809550810172,-1.4499739827849447,5.569408799653017,0.0,0.0,300
MZI_null,MZI,MZI_null_00111,-0.12124474280327271,-4.519165526542328,-2.7981779363320665,0.0,0.0,300
MZI_null,MZI,MZI_null_00112,-0.318584358646471,-3.5772650650422833,-3.2773979846610937,0.0,0.0,300
MZI_null,MZI,MZI_null_00113,0.022559067971431142,-0.9747320726685218,4.628512517647659,0.0,0.0,300
MZI_null,MZI,MZI_null_00114,0.14256357572790754,-3.730710966987209,-3.6952440140450737,0.0,0.0,300
MZI_null,MZI,MZI_null_00115,0.07378787572597585,-5.960699621061926,4.494376297563061,0.0,0.0,300
MZI_null,MZI,MZI_null_00116,0.17691601810819305,-3.4075269563141144,-6.139403587272632,0.0,0.0,300
MZI_null,MZI,MZI_null_00117,0.20308085612481191,-2.3436195357578535,2.7134489359203853,0.0,0.0,300
MZI_null,MZI,MZI_null_00118,-0.23916414881915504,-3.7981250688613186,-0.9842689008454505,0.0,0.0,300
MZI_null,MZI,MZI_null_00119,0.007047089064711308,-3.3501964144377308,0.8685497970424962,0.0,0.0,300
MZI_null,MZI,MZI_null_00120,-0.16014306440738915,-2.4271384550638806,-0.6391131048643034,0.0,0.0,300
MZI_null,MZI,MZI_null_00121,0.07716582510881236,0.1348446342666696,-4.3739262755136075,0.0,0.0,300
MZI_null,MZI,MZI_null_00122,-0.23011712561034334,1.8330304656955274,-0.003057964061225049,0.0,0.0,300
MZI_null,MZI,MZI_null_00123,-0.11227298048348304,2.6534559265675686,-0.652976097121424,0.0,0.0,300
MZI_null,MZI,MZI_null_00124,0.17689457760957397,-1.7974445557696732,5.182243774645961,0.0,0.0,300
MZI_null,MZI,MZI_null_00125,0.2633011263664807,-2.7468924454372203,1.9147128528630661,0.0,0.0,300
MZI_null,MZI,MZI_null_00126,0.09680639243777213,2.1058946725970458,-3.8947703817403134,0.0,0.0,300
MZI_null,MZI,MZI_null_00127,0.10290771899976589,1.1752734605487634,-6.276218459269343,0.0,0.0,300
MZI_null,MZI,MZI_null_00128,-0.17748877689986625,-8.117696533280302,-1.8082205033336733,0.0,0.0,300
MZI_null,MZI,MZI_null_00129,0.10763133836939434,2.5070711562880845,-0.7777156587406744,0.0,0.0,300
MZI_null,MZI,MZI_null_00130,0.24429233183569377,-6.140304374644674,-6.110147318065464,0.0,0.0,300
MZI_null,MZI,MZI_null_00131,-0.008332154834492816,-0.8478036531820781,-1.0980842442822794,0.0,0.0,300
MZI_null,MZI,MZI_null_00132,-0.31011631500598147,-2.2673601185383654,-4.91340850151456,0.0,0.0,300
MZI_null,MZI,MZI_null_00133,0.10045088232450576,-0.9002052617094551,-3.819639358982066,0.0,0.0,300
MZI_null,MZI,MZI_null_00134,-0.07708003760050403,-5.177640565666855,-1.1880372918195157,0.0,0.0,300
MZI_null,MZI,MZI_null_00135,0.14327134807518574,-4.957178139006631,0.5121395465535332,0.0,0.0,300
MZI_null,MZI,MZI_null_00136,-0.07953864275586611,-4.378618496787032,-1.3210910798636735,0.0,0.0,300
MZI_null,MZI,MZI_null_00137,-0.1552863483629061,-3.660947916041546,-4.593633677766546,0.0,0.0,300
MZI_null,MZI,MZI_null_00138,0.29470876993745837,-1.8942093440848142,-3.0991765239777567,0.0,0.0,300
MZI_null,MZI,MZI_null_00139,0.0320969866101333,-2.3369841490724896,-1.662908798599669,0.0,0.0,300
MZI_null,MZI,MZI_null_00140,0.09212500500651379,0.27252313014191554,-2.5915034428315824,0.0,0.0,300
MZI_null,MZI,MZI_null_00141,-0.086372736096702,-2.825155091454932,-7.905763494206754,0.0,0.0,300
MZI_null,MZI,MZI_null_00142,-0.22727865932978283,2.1006228023335742,3.9349031405038506,0.0,0.0,300
MZI_null,MZI,MZI_null_00143,-0.037355405933456744,-0.2703291108327006,-0.06624953636939168,0.0,0.0,300
MZI_null,MZI,MZI_null_00144,0.46183212126828566,1.3587247343037303,-1.3837527744422995,0.0,0.0,300
MZI_null,MZI,MZI_null_00145,-0.14333106609006385,-6.8193389607727175,-0.38960909239833064,0.0,0.0,300
MZI_null,MZI,MZI_null_00146,-0.1134526117926455,-6.266761128793022,-2.9397186527275796,0.0,0.0,300
MZI_null,MZI,MZI_null_00147,-0.16223220054215923,3.0614249052176943,1.6449192708483515,0.0,0.0,300
MZI_null,MZI,MZI_null_00148,-0.0011958961974926057,2.439832416670077,-0.7678950770571451,0.0,0.0,300
MZI_null,MZI,MZI_null_00149,-0.12919263019923954,2.5693722318089716,0.6167301310539761,0.0,0.0,300
MZI_null,MZI,MZI_null_00150,-0.15558692314896846,-2.5710160342508246,-3.6268547601542718,0.0,0.0,300
MZI_null,MZI,MZI_null_00151,-0.2074199596446504,0.7785326425949242,4.7282499214103915,0.0,0.0,300
MZI_null,MZI,MZI_null_00152,-0.20978513607287116,-0.3110922899282875,-2.951927707365481,0.0,0.0,300
MZI_null,MZI,MZI_null_00153,-0.07306880756470441,-3.7771817727166077,-3.591972309039448,0.0,0.0,300
MZI_null,MZI,MZI_null_00154,0.007278244191724049,-4.492850349233113,-0.1886295226604835,0.0,0.0,300
MZI_null,MZI,MZI_null_00155,-0.007535716417370542,-2.716844140599229,-3.7226909861247934,0.0,0.0,300
MZI_null,MZI,MZI_null_00156,-0.0865156995852499,0.2661736774772683,0.5027515628731423,0.0,0.0,300
MZI_null,MZI,MZI_null_00157,-0.14663328671978265,-1.7020030837123223,1.254161370115367,0.0,0.0,300
MZI_null,MZI,MZI_null_00158,-0.2504107921682058,-0.36991942286019475,-2.98787127683754,0.0,0.0,300
MZI_null,MZI,MZI_null_00159,0.0855898002889739,-4.28977746962755,-6.414646301993557,0.0,0.0,300
MZI_null,MZI,MZI_null_00160,-0.2441313656824744,-1.855745160015854,-0.22083249483555445,0.0,0.0,300
MZI_null,MZI,MZI_null_00161,-0.1356474937656613,-0.08422262366787825,-5.984560186806879,0.0,0.0,300
MZI_null,MZI,MZI_null_00162,-0.009911969797097485,-5.6330485992873705,-2.9555083234064776,0.0,0.0,300
MZI_null,MZI,MZI_null_00163,0.007109800697462102,-4.581240095851857,-2.1536666326894762,0.0,0.0,300
MZI_null,MZI,MZI_null_00164,0.15094392138216609,-3.730675608569446,1.5070763361954254,0.0,0.0,300
MZI_null,MZI,MZI_null_00165,-0.16945602819864272,-0.41058746625415177,3.324705861973701,0.0,0.0,300
MZI_null,MZI,MZI_null_00166,-0.37074667501909336,-4.39068576641143,0.7312163815416199,0.0,0.0,300
MZI_null,MZI,MZI_null_00167,-0.0304568079064489,-0.8865623798860736,-2.811955560147462,0.0,0.0,300
MZI_null,MZI,MZI_null_00168,0.012988468120934987,-2.4670317061762383,2.503346184979422,0.0,0.0,300
MZI_null,MZI,MZI_null_00169,0.038163126495181963,-0.9871920137743935,-2.2356308983674023,0.0,0.0,300
MZI_null,MZI,MZI_null_00170,-0.07314093361087402,-3.2976745634588625,0.18335642713489042,0.0,0.0,300
MZI_null,MZI,MZI_null_00171,-0.06314767212303944,-1.1306754293107613,5.226202395936316,0.0,0.0,300
MZI_null,MZI,MZI_null_00172,0.13066870551475385,-2.9780705965035237,2.6036417664918345,0.0,0.0,300
MZI_null,MZI,MZI_null_00173,-0.06121130595323271,-8.114373605533562,-4.024258932752212,0.0,0.0,300
MZI_null,MZI,MZI_null_00174,-0.28061878815387836,-3.054540452123926,-0.9447448624313449,0.0,0.0,300
MZI_null,MZI,MZI_null_00175,0.2514655968412924,-1.0192178787075121,-1.6573015864265928,0.0,0.0,300
MZI_null,MZI,MZI_null_00176,0.12441083717752337,-8.633405927023656,-0.29315632567430217,0.0,0.0,300
MZI_null,MZI,MZI_null_00177,0.11562977908304502,-6.435758737339524,2.4312621296207872,0.0,0.0,300
MZI_null,MZI,MZI_null_00178,0.05077446112416212,-3.245863741702404,0.8983455983188544,0.0,0.0,300
MZI_null,MZI,MZI_null_00179,0.34060392867065936,-1.4544012348245146,-0.2553382410989917,0.0,0.0,300
MZI_null,MZI,MZI_null_00180,-0.06890413493103661,-4.5495331083943755,1.491007449632737,0.0,0.0,300
MZI_null,MZI,MZI_null_00181,-0.12841257388633007,-1.7853012883418227,-2.43297234029535,0.0,0.0,300
MZI_null,MZI,MZI_null_00182,0.07184697386195878,-0.9990136841391553,2.1126198327736976,0.0,0.0,300
MZI_null,MZI,MZI_null_00183,-0.07650245982821205,-2.8096248058801137,-3.936291147346922,0.0,0.0,300
MZI_null,MZI,MZI_null_00184,-0.06664398901141673,-0.8680985208654435,1.2709658499360557,0.0,0.0,300
MZI_null,MZI,MZI_null_00185,-0.13832479862664382,0.6088177603169806,3.066913576414853,0.0,0.0,300
MZI_null,MZI,MZI_null_00186,0.06201523548355513,3.630387437674198,-3.321367597310719,0.0,0.0,300
MZI_null,MZI,MZI_null_00187,-0.18669820549671254,-7.336160746712836,3.488132934467549,0.0,0.0,300
MZI_null,MZI,MZI_null_00188,0.09815484845310866,-2.1667540127313654,-0.1600941210405391,0.0,0.0,300
MZI_null,MZI,MZI_null_00189,-0.16882335709475646,5.337255938850479,-0.6123364540743175,0.0,0.0,300
MZI_null,MZI,MZI_null_00190,0.01640921919073393,0.17729987169607586,0.44302769521013974,0.0,0.0,300
MZI_null,MZI,MZI_null_00191,0.033582603641869706,-4.371423366335936,0.4144050714079872,0.0,0.0,300
MZI_null,MZI,MZI_null_00192,0.28230367447125504,2.0362601384649333,3.7795598799181906,0.0,0.0,300
MZI_null,MZI,MZI_null_00193,-0.07668235146467776,-4.968814460775743,-1.3773607602989444,0.0,0.0,300
MZI_null,MZI,MZI_null_00194,0.00835873684330419,1.2825745554128458,-6.077393889144458,0.0,0.0,300
MZI_null,MZI,MZI_null_00195,0.22943254791909204,-2.4740236957369683,-2.28064320984226,0.0,0.0,300
MZI_null,MZI,MZI_null_00196,-0.15181565628902513,-6.9645700155973085,1.4695117518857437,0.0,0.0,300
MZI_null,MZI,MZI_null_00197,0.010997695078260582,-5.869882699223162,-4.8852363161908485,0.0,0.0,300
MZI_null,MZI,MZI_null_00198,-0.05036770489351923,3.0070645758681787,-1.7787740540908143,0.0,0.0,300
MZI_null,MZI,MZI_null_00199,-0.22547144296771593,-2.737229192257833,-1.8181707092430115,0.0,0.0,300
MZI_null,MZI,MZI_null_00200,-0.40453299644123575,-2.1628845995534367,-1.692803590626034,0.0,0.0,300
MZI_null,MZI,MZI_null_00201,0.10443095472201275,3.5468682848360356,2.379695088643272,0.0,0.0,300
MZI_null,MZI,MZI_null_00202,-0.04033330358322458,-5.3195777262250115,6.720079409749581,0.0,0.0,300
MZI_null,MZI,MZI_null_00203,0.008882765102173238,-1.9582121242611614,-1.07237526133001,0.0,0.0,300
MZI_null,MZI,MZI_null_00204,0.02971271411517824,-2.4330812357718274,-2.7209860206407086,0.0,0.0,300
MZI_null,MZI,MZI_null_00205,-0.08202884118605881,-2.098259810647995,-2.630274313401295,0.0,0.0,300
MZI_null,MZI,MZI_null_00206,-0.10692686740157466,-1.6807093169243095,-1.7649316522625658,0.0,0.0,300
MZI_null,MZI,MZI_null_00207,0.2255989482874033,-9.952909425179037,2.2745205557673853,0.0,0.0,300
MZI_null,MZI,MZI_null_00208,0.18691277887464436,-8.220170697224448,-2.0280627822410464,0.0,0.0,300
MZI_null,MZI,MZI_null_00209,-0.055716129899368715,-6.2225350841534635,-3.333450062772626,0.0,0.0,300
MZI_null,MZI,MZI_null_00210,-0.16658637681987432,3.2568113302708683,1.8070351794423836,0.0,0.0,300
MZI_null,MZI,MZI_null_00211,0.19073326424912382,0.16501619212970553,-4.387155313651688,0.0,0.0,300
MZI_null,MZI,MZI_null_00212,-0.07867803994196605,-0.5318763163162459,-4.666383426675836,0.0,0.0,300
MZI_null,MZI,MZI_null_00213,0.1069497645258582,-2.720976194474405,-2.1244624226487927,0.0,0.0,300
MZI_null,MZI,MZI_null_00214,0.10664399523052372,-0.6672100655418807,-2.08289849745724,0.0,0.0,300
MZI_null,MZI,MZI_null_00215,0.1738994705046372,-5.2431899827996915,0.8478068208327914,0.0,0.0,300
MZI_null,MZI,MZI_null_00216,0.08896518869525756,-2.928639317941971,-0.021600933273645984,0.0,0.0,300
MZI_null,MZI,MZI_null_00217,-0.18766703645779545,0.7720810576207029,-1.554706409328967,0.0,0.0,300
MZI_null,MZI,MZI_null_00218,-0.07840845307785592,1.1470276775106676,-3.113031071628278,0.0,0.0,300
MZI_null,MZI,MZI_null_00219,-0.21126919445453393,-6.669887520571711,0.8180298540369189,0.0,0.0,300
MZI_null,MZI,MZI_null_00220,-0.19206440287444246,3.2643825459530937,-7.245788223651166,0.0,0.0,300
MZI_null,MZI,MZI_null_00221,0.2544684552435057,-1.3669475983921449,-1.2901393356111772,0.0,0.0,300
MZI_null,MZI,MZI_null_00222,-0.08173786302134246,-0.8025916569437874,-1.1129041072745451,0.0,0.0,300
MZI_null,MZI,MZI_null_00223,0.1654952823024782,-1.657317054013881,-0.5490947156143672,0.0,0.0,300
MZI_null,MZI,MZI_null_00224,-0.05454183183207838,-2.1708368711632025,-0.0765946933238224,0.0,0.0,300
MZI_null,MZI,MZI_null_00225,-0.2565252588984938,-6.044556266317139,1.229792282068145,0.0,0.0,300
MZI_null,MZI,MZI_null_00226,0.02562981571919128,-2.5519500090580376,-0.9446982008038205,0.0,0.0,300
MZI_null,MZI,MZI_null_00227,0.05213725580425065,-3.6192790409280846,-3.334914176206938,0.0,0.0,300
MZI_null,MZI,MZI_null_00228,0.02937678826465223,-4.9351183328450965,0.2247582671434154,0.0,0.0,300
MZI_null,MZI,MZI_null_00229,-0.25538754063567604,1.087466911976931,0.417792447239129,0.0,0.0,300
MZI_null,MZI,MZI_null_00230,0.03840446014708135,0.9480729518365418,3.99642333338773,0.0,0.0,300
MZI_null,MZI,MZI_null_00231,0.15215550975271955,-7.522622693994936,-4.838730900207104,0.0,0.0,300
MZI_null,MZI,MZI_null_00232,-0.09372278665435183,-1.9217268493674986,0.5529770614073692,0.0,0.0,300
MZI_null,MZI,MZI_null_00233,-0.10886157197301984,-1.439699706568765,-3.2661487970599676,0.0,0.0,300
MZI_null,MZI,MZI_null_00234,-0.09172767044879224,-6.219983290544667,-3.769699738332713,0.0,0.0,300
MZI_null,MZI,MZI_null_00235,-0.20275269084245004,-4.927619758931998,2.1609253898235186,0.0,0.0,300
MZI_null,MZI,MZI_null_00236,-0.14240983332479146,5.897146194512173,0.4799537026426677,0.0,0.0,300
MZI_null,MZI,MZI_null_00237,0.027725418554231083,-4.575073340543641,1.1009296382269742,0.0,0.0,300
MZI_null,MZI,MZI_null_00238,-0.08634567393566608,-1.6339705560639157,6.680253614806384,0.0,0.0,300
MZI_null,MZI,MZI_null_00239,-0.01440898495869748,1.4478199788570274,-3.109529275377662,0.0,0.0,300
MZI_null,MZI,MZI_null_00240,-0.0052482735745442545,3.31240190690653,-2.880901173363302,0.0,0.0,300
MZI_null,MZI,MZI_null_00241,0.2718672836995393,0.12325580636642641,-2.687400327682803,0.0,0.0,300
MZI_null,MZI,MZI_null_00242,0.09486116085832814,0.9176633488801897,0.8654298866515893,0.0,0.0,300
MZI_null,MZI,MZI_null_00243,-0.23553370798356846,-4.181411527474606,-1.7425559066545142,0.0,0.0,300
MZI_null,MZI,MZI_null_00244,-0.011165014365006942,-0.13798370734796617,-0.4668969972002385,0.0,0.0,300
MZI_null,MZI,MZI_null_00245,-0.20030165380651518,-0.8594064469821103,0.8317572358514695,0.0,0.0,300
MZI_null,MZI,MZI_null_00246,0.08396856718965597,1.2423421766638656,1.501766463646712,0.0,0.0,300
MZI_null,MZI,MZI_null_00247,0.0688770118842655,-2.210497134375941,-5.982882800547975,0.0,0.0,300
MZI_null,MZI,MZI_null_00248,0.06444273286988787,-1.3769369385106667,-0.18526348841387963,0.0,0.0,300
MZI_null,MZI,MZI_null_00249,-0.1915122863730464,-5.243169621224787,2.1594585599987104,0.0,0.0,300
MZI_null,MZI,MZI_null_00250,-0.005933273078498256,0.04450209211787337,-0.9150448716086165,0.0,0.0,300
MZI_null,MZI,MZI_null_00251,0.004463420924361778,0.8148514179279931,-2.5481341846521217,0.0,0.0,300
MZI_null,MZI,MZI_null_00252,0.014418116541147503,-3.386825866115127,-2.3034886822969467,0.0,0.0,300
MZI_null,MZI,MZI_null_00253,-0.0463758185202959,-1.3335986850988615,-2.4362458649904317,0.0,0.0,300
MZI_null,MZI,MZI_null_00254,0.1883634188360281,-4.683821906658512,-1.5606149324840772,0.0,0.0,300
MZI_null,MZI,MZI_null_00255,-0.06595965874112623,2.3409336530611986,-0.4103356704652761,0.0,0.0,300
MZI_null,MZI,MZI_null_00256,0.15477668092029523,-6.456681119110916,-0.19884920239222348,0.0,0.0,300
MZI_null,MZI,MZI_null_00257,0.13344461934351556,-1.7531480321737274,2.1964411251960536,0.0,0.0,300
MZI_null,MZI,MZI_null_00258,-0.07759326751505582,2.2280423205567397,5.896694370857751,0.0,0.0,300
MZI_null,MZI,MZI_null_00259,-0.054425784065948855,-3.336507564202315,3.360153431353103,0.0,0.0,300
MZI_null,MZI,MZI_null_00260,0.23693582185960685,-3.568580081459805,-2.2605604512875717,0.0,0.0,300
MZI_null,MZI,MZI_null_00261,-0.04226769132907608,-6.033351533102831,-3.7559558394525947,0.0,0.0,300
MZI_null,MZI,MZI_null_00262,-0.15062111501281017,-4.303392695312385,-1.1040546621603435,0.0,0.0,300
MZI_null,MZI,MZI_null_00263,0.03513220988047811,2.6515014784422304,-3.995062122216373,0.0,0.0,300
MZI_null,MZI,MZI_null_00264,0.14764835977148755,-2.641966532676527,-1.1483911289572988,0.0,0.0,300
MZI_null,MZI,MZI_null_00265,0.10122292382499055,-5.368166064686896,0.14722923855215186,0.0,0.0,300
MZI_null,MZI,MZI_null_00266,0.024967831231958414,-0.5226462079755527,-0.13249406827654564,0.0,0.0,300
MZI_null,MZI,MZI_null_00267,0.36829502098663414,-3.913219952753948,-2.592990865005453,0.0,0.0,300
MZI_null,MZI,MZI_null_00268,-0.09347107896371465,-3.666431357480764,-2.912161381919553,0.0,0.0,300
MZI_null,MZI,MZI_null_00269,0.17835247966613277,2.261512743969565,-2.712238881248429,0.0,0.0,300
MZI_null,MZI,MZI_null_00270,-0.1248533359656343,-0.5857533308407876,-2.6566691328429135,0.0,0.0,300
MZI_null,MZI,MZI_null_00271,0.09493977266332661,-1.391230937446101,-5.547232344991696,0.0,0.0,300
MZI_null,MZI,MZI_null_00272,0.23212578019950925,3.3876330192865654,-2.8383660714531587,0.0,0.0,300
MZI_null,MZI,MZI_null_00273,-0.05815523399039762,-1.142403827825285,0.0033703699610749815,0.0,0.0,300
MZI_null,MZI,MZI_null_00274,0.09878164090092456,4.030613616299049,-1.5308416824821482,0.0,0.0,300
MZI_null,MZI,MZI_null_00275,-0.11974458668076805,-6.137957684043582,-3.1927901198257573,0.0,0.0,300
MZI_null,MZI,MZI_null_00276,-0.004969045931069564,3.3836735905533626,-2.5528338971085143,0.0,0.0,300
MZI_null,MZI,MZI_null_00277,0.03356819274583477,-2.0492686882182563,2.5651798203442517,0.0,0.0,300
MZI_null,MZI,MZI_null_00278,0.3790398638810432,-3.592606318760962,-2.4683183275546665,0.0,0.0,300
MZI_null,MZI,MZI_null_00279,0.15662413156036079,0.04567446887893434,4.5401219772081,0.0,0.0,300
MZI_null,MZI,MZI_null_00280,0.08758922779889458,-3.0778762723611788,0.7719644920769277,0.0,0.0,300
MZI_null,MZI,MZI_null_00281,0.16630553708743614,0.46144654359209225,0.5218220933218931,0.0,0.0,300
MZI_null,MZI,MZI_null_00282,0.16000120343837307,1.5078867713370183,3.1464769731125815,0.0,0.0,300
MZI_null,MZI,MZI_null_00283,0.09730648313844639,-2.501354240950563,-0.5598589407000315,0.0,0.0,300
MZI_null,MZI,MZI_null_00284,0.1809763449762535,-4.450807012961708,0.10601992661870341,0.0,0.0,300
MZI_null,MZI,MZI_null_00285,-0.0590008218491041,-1.9137655311955475,2.835355587821896,0.0,0.0,300
MZI_null,MZI,MZI_null_00286,0.0286648602029855,-1.8606903555315535,-5.079568422939758,0.0,0.0,300
MZI_null,MZI,MZI_null_00287,0.1119380349040831,-0.06354745657677374,5.489764169916381,0.0,0.0,300
MZI_null,MZI,MZI_null_00288,-0.046166735242950126,-1.342549017008183,-0.25184894886773423,0.0,0.0,300
MZI_null,MZI,MZI_null_00289,0.23661799196452116,-2.2858865971608564,-0.1629354226889823,0.0,0.0,300
MZI_null,MZI,MZI_null_00290,0.09118447645748087,-1.4401726305309257,-2.3393008436515847,0.0,0.0,300
MZI_null,MZI,MZI_null_00291,0.029113498934746136,1.220895249579316,-4.079545898233181,0.0,0.0,300
MZI_null,MZI,MZI_null_00292,0.0199454511220314,-4.10036244481752,2.5851398867745274,0.0,0.0,300
MZI_null,MZI,MZI_null_00293,-0.2284780357175662,-3.676765541814765,0.13163562519356264,0.0,0.0,300
MZI_null,MZI,MZI_null_00294,0.23482860438515105,-2.1972507832189634,-2.665598580079595,0.0,0.0,300
MZI_null,MZI,MZI_null_00295,0.2821735604160885,-6.344041701248732,-7.596417869860246,0.0,0.0,300
MZI_null,MZI,MZI_null_00296,0.06600216750799985,-3.5061626730578332,-4.06369845139214,0.0,0.0,300
MZI_null,MZI,MZI_null_00297,0.10625346709490299,-1.2685978586864035,-2.692235892210185,0.0,0.0,300
MZI_null,MZI,MZI_null_00298,-0.19204565980063415,0.617371984840434,0.9506035338759828,0.0,0.0,300
MZI_null,MZI,MZI_null_00299,-0.014876379566907436,3.5399109881429975,-4.210254298978458,0.0,0.0,300
MZI_null,MZI,MZI_null_00300,-0.22882877563871082,-4.075724209643733,-1.1367580490664935,0.0,0.0,300
MZI_null,MZI,MZI_null_00301,0.036500917398403776,-2.7237081735689896,0.05616618954289043,0.0,0.0,300
MZI_null,MZI,MZI_null_00302,-0.18773091362856661,2.331293812219778,-1.2464535351777064,0.0,0.0,300
MZI_null,MZI,MZI_null_00303,0.16759437473821914,-0.9718239608668875,0.3702596574613517,0.0,0.0,300
MZI_null,MZI,MZI_null_00304,0.08546509203483059,-0.6568743199480551,0.9281682796026316,0.0,0.0,300
MZI_null,MZI,MZI_null_00305,0.1993728795198647,-1.4104364908955898,1.1270112727655368,0.0,0.0,300
MZI_null,MZI,MZI_null_00306,-0.013460354143084007,2.320351646348419,-3.029176906177809,0.0,0.0,300
MZI_null,MZI,MZI_null_00307,0.2701410649366223,-2.1204738519330304,-5.292325306354145,0.0,0.0,300
MZI_null,MZI,MZI_null_00308,0.01921566223661839,-4.0431549724246425,1.5219306469661724,0.0,0.0,300
MZI_null,MZI,MZI_null_00309,-0.09789359689535863,-3.3385502996443392,-6.668622192836593,0.0,0.0,300
MZI_null,MZI,MZI_null_00310,-0.06784594788736151,-9.27163797988687,-5.75170847045717,0.0,0.0,300
MZI_null,MZI,MZI_null_00311,0.1140621984216446,0.3574004759524967,0.27637268535489423,0.0,0.0,300
MZI_null,MZI,MZI_null_00312,-0.14504642146938193,-2.1431340684259395,-1.0108076172717053,0.0,0.0,300
MZI_null,MZI,MZI_null_00313,-0.1737547033788814,2.510194905301452,1.6320868717270143,0.0,0.0,300
MZI_null,MZI,MZI_null_00314,-0.03314462607444959,-1.9193424830164076,-0.37485157615734255,0.0,0.0,300
MZI_null,MZI,MZI_null_00315,-0.3062602302636436,-2.7415321475617906,-3.0459527439933956,0.0,0.0,300
MZI_null,MZI,MZI_null_00316,-0.15024300148423733,-2.843300878657865,4.3930595805485675,0.0,0.0,300
MZI_null,MZI,MZI_null_00317,0.09612642919005147,-3.7135369693483904,0.7177483440684758,0.0,0.0,300
MZI_null,MZI,MZI_null_00318,0.2099033154879003,0.7739010487383062,-0.8211088902394776,0.0,0.0,300
MZI_null,MZI,MZI_null_00319,-0.09704051665583609,0.09466994084076985,0.1804561562652487,0.0,0.0,300
MZI_null,MZI,MZI_null_00320,0.13427898300415983,-0.09448459495409134,2.1486581459580054,0.0,0.0,300
MZI_null,MZI,MZI_null_00321,-0.0802852817340852,1.9521821969029771,-0.4072011859228011,0.0,0.0,300
MZI_null,MZI,MZI_null_00322,0.3112891308937898,-4.067563454268703,4.207891409495748,0.0,0.0,300
MZI_null,MZI,MZI_null_00323,0.029686617519397166,-3.954254010843345,-2.4516575021629645,0.0,0.0,300
MZI_null,MZI,MZI_null_00324,-0.04805209622914802,-0.7275021607942507,0.5685064641064987,0.0,0.0,300
MZI_null,MZI,MZI_null_00325,-0.08605500059078684,-2.0730637767829485,5.426811075835591,0.0,0.0,300
MZI_null,MZI,MZI_null_00326,0.2591314755151067,-0.6910289909779037,-0.8859895654953991,0.0,0.0,300
MZI_null,MZI,MZI_null_00327,0.018004699007739194,-0.15944608180874997,-4.068377695595217,0.0,0.0,300
MZI_null,MZI,MZI_null_00328,-0.03860648061350176,-7.005752221632768,0.19766936781583766,0.0,0.0,300
MZI_null,MZI,MZI_null_00329,0.09707939095541115,-3.4495593868981222,3.7219602898700987,0.0,0.0,300
MZI_null,MZI,MZI_null_00330,-0.18386484945035117,-6.393124640629461,-0.32664454432008383,0.0,0.0,300
MZI_null,MZI,MZI_null_00331,0.15706474539182316,3.0517830743736063,-2.37665278860682,0.0,0.0,300
MZI_null,MZI,MZI_null_00332,0.16180212501469435,-2.115525408502122,-1.5178818998224588,0.0,0.0,300
MZI_null,MZI,MZI_null_00333,0.13254899062300085,-0.04303136475974112,-5.729176470952748,0.0,0.0,300
MZI_null,MZI,MZI_null_00334,0.22148105245888436,2.140274062442355,-2.876688104528588,0.0,0.0,300
MZI_null,MZI,MZI_null_00335,0.05937053001561135,-0.5179094411517835,-0.21797870252827867,0.0,0.0,300
MZI_null,MZI,MZI_null_00336,-0.08254577307681302,-4.014870103814155,-1.0766622129743357,0.0,0.0,300
MZI_null,MZI,MZI_null_00337,0.1759093528889047,-0.3691995362167031,-2.111842996258318,0.0,0.0,300
MZI_null,MZI,MZI_null_00338,0.11575480659725171,-10.545627861890226,2.4462971011163104,0.0,0.0,300
MZI_null,MZI,MZI_null_00339,-0.26095706681671493,-3.087322824209396,-4.359009683878432,0.0,0.0,300
MZI_null,MZI,MZI_null_00340,-0.19420222135813586,1.4824803621355582,-2.403103603935674,0.0,0.0,300
MZI_null,MZI,MZI_null_00341,0.05197558225960736,-2.140761736637552,0.4311224816693644,0.0,0.0,300
MZI_null,MZI,MZI_null_00342,0.011523283659038304,-5.848976672565708,1.9888004583414203,0.0,0.0,300
MZI_null,MZI,MZI_null_00343,-0.07406348747419687,-6.669745695979254,-2.2843454828977374,0.0,0.0,300
MZI_null,MZI,MZI_null_00344,0.22511396859514662,0.5506652263404788,-2.0459564032235775,0.0,0.0,300
MZI_null,MZI,MZI_null_00345,-0.052388655647764314,-2.964905153652148,5.230243950682523,0.0,0.0,300
MZI_null,MZI,MZI_null_00346,0.057290317834733,-0.7098750584267912,2.0908503620955265,0.0,0.0,300
MZI_null,MZI,MZI_null_00347,0.03581837385397703,-2.777126437462109,-1.5890495472549349,0.0,0.0,300
MZI_null,MZI,MZI_null_00348,-0.010740188912109592,-2.111666709529525,1.1828886309109397,0.0,0.0,300
MZI_null,MZI,MZI_null_00349,0.007791882871094915,0.19792023164673767,-1.2421497403257469,0.0,0.0,300
MZI_null,MZI,MZI_null_00350,0.011795278547413588,-7.9946020535963225,1.7489830241074444,0.0,0.0,300
MZI_null,MZI,MZI_null_00351,0.051973271384698906,0.9940303295789565,-9.688766134581067,0.0,0.0,300
MZI_null,MZI,MZI_null_00352,0.3132562057171091,-2.4187688844655213,2.3245484502125495,0.0,0.0,300
MZI_null,MZI,MZI_null_00353,-0.15598588906882963,-0.16167828481229085,-4.160246689520968,0.0,0.0,300
MZI_null,MZI,MZI_null_00354,-0.09356534410437077,3.7420940616003584,-1.5720472022900398,0.0,0.0,300
MZI_null,MZI,MZI_null_00355,0.03261493097695843,0.6102031920662627,0.487045663917814,0.0,0.0,300
MZI_null,MZI,MZI_null_00356,0.022562835771536463,-0.9051169926013238,6.2102467557148255,0.0,0.0,300
MZI_null,MZI,MZI_null_00357,-0.008642819555037809,-1.3967028598550975,2.151963188022836,0.0,0.0,300
MZI_null,MZI,MZI_null_00358,0.16582888994369757,1.5610909166811404,0.9161906660875538,0.0,0.0,300
MZI_null,MZI,MZI_null_00359,-0.17145073690957252,2.9002945969032883,-4.439036179056064,0.0,0.0,300
MZI_null,MZI,MZI_null_00360,0.04539531978585498,-4.2628275500580735,-1.1924150397789777,0.0,0.0,300
MZI_null,MZI,MZI_null_00361,0.04931436154552206,-1.0359283536491808,0.26576226270585424,0.0,0.0,300
MZI_null,MZI,MZI_null_00362,0.24205669035879704,-0.6393970954580606,-1.732469905871946,0.0,0.0,300
MZI_null,MZI,MZI_null_00363,0.1446130752432536,1.568411466773922,-4.682823445410977,0.0,0.0,300
MZI_null,MZI,MZI_null_00364,0.0896100104774787,0.10351822693269508,-1.8926905100799758,0.0,0.0,300
MZI_null,MZI,MZI_null_00365,0.2063560219967429,-2.45016676109758,-0.6232706395853732,0.0,0.0,300
MZI_null,MZI,MZI_null_00366,-0.02596077364258044,-1.9532628572555975,-4.288825260685606,0.0,0.0,300
MZI_null,MZI,MZI_null_00367,-0.21600763238914414,2.783515189674917,-3.5408840449549834,0.0,0.0,300
MZI_null,MZI,MZI_null_00368,-0.14870885241844606,-8.460170340811144,-2.9168852430685064,0.0,0.0,300
MZI_null,MZI,MZI_null_00369,-0.19846346901112474,2.9260454804091074,2.0294512680279024,0.0,0.0,300
MZI_null,MZI,MZI_null_00370,-0.10322255177665857,4.757307416032926,1.9452964609747827,0.0,0.0,300
MZI_null,MZI,MZI_null_00371,-0.04872470752629337,-9.49821714462072,5.872827717772225,0.0,0.0,300
MZI_null,MZI,MZI_null_00372,-0.2084358700145394,-6.936196240870675,2.0677112960289206,0.0,0.0,300
MZI_null,MZI,MZI_null_00373,0.3659628609508909,2.1528184555315546,0.6917273601570788,0.0,0.0,300
MZI_null,MZI,MZI_null_00374,0.08921315124979289,0.5602466763409231,1.2767857693602953,0.0,0.0,300
MZI_null,MZI,MZI_null_00375,0.04217871359540637,-1.6873966881443718,-1.1877793836985673,0.0,0.0,300
MZI_null,MZI,MZI_null_00376,-0.11309468833000144,-2.8420252306003224,-6.078870442586156,0.0,0.0,300
MZI_null,MZI,MZI_null_00377,-0.014750944019212483,-4.965773321452753,-4.310767951647312,0.0,0.0,300
MZI_null,MZI,MZI_null_00378,0.026984122673021766,2.176006859033798,1.754949818006939,0.0,0.0,300
MZI_null,MZI,MZI_null_00379,-0.23557509054347653,-4.968884409711013,1.8223135639646477,0.0,0.0,300
MZI_null,MZI,MZI_null_00380,-0.14737310903074644,-2.6738994499910738,0.6501562970736556,0.0,0.0,300
MZI_null,MZI,MZI_null_00381,-0.1452516682295453,-1.6838734815621204,-5.002076484754613,0.0,0.0,300
MZI_null,MZI,MZI_null_00382,-0.09020514659268204,-1.040654197572389,-5.778981200595008,0.0,0.0,300
MZI_null,MZI,MZI_null_00383,0.06607121069405984,-2.0589133967800435,0.6574698632514433,0.0,0.0,300
MZI_null,MZI,MZI_null_00384,0.03358712010969921,2.092421289921533,-0.6243264920562782,0.0,0.0,300
MZI_null,MZI,MZI_null_00385,-0.06441083116878794,-1.6331074909031487,0.6298940871091636,0.0,0.0,300
MZI_null,MZI,MZI_null_00386,0.007329010548855649,-1.8782249263883528,-3.1059750634202663,0.0,0.0,300
MZI_null,MZI,MZI_null_00387,-0.09943513763264222,-6.207815815399081,4.2487302295608185,0.0,0.0,300
MZI_null,MZI,MZI_null_00388,-0.18657948530869276,-4.078715593387722,-3.1552217967075924,0.0,0.0,300
MZI_null,MZI,MZI_null_00389,0.1342386565416662,-2.8848490348760834,2.7432262180212015,0.0,0.0,300
MZI_null,MZI,MZI_null_00390,-0.10102359363658027,-1.163017513328594,-3.506041159779272,0.0,0.0,300
MZI_null,MZI,MZI_null_00391,0.3217723691660082,-5.562795257088538,-0.07053786931891748,0.0,0.0,300
MZI_null,MZI,MZI_null_00392,0.09506653213981477,-0.7586027076455053,-1.555862976633125,0.0,0.0,300
MZI_null,MZI,MZI_null_00393,-0.019473104960013924,-1.8685655840626711,-1.4410060048854658,0.0,0.0,300
MZI_null,MZI,MZI_null_00394,0.14458186751923643,4.631569004774054,-2.6724753550235008,0.0,0.0,300
MZI_null,MZI,MZI_null_00395,-0.20547044693686167,-2.2648461450537645,6.739128012962956,0.0,0.0,300
MZI_null,MZI,MZI_null_00396,-0.12055118519545961,2.9173504163322024,4.033102442229322,0.0,0.0,300
MZI_null,MZI,MZI_null_00397,-0.08303823625619919,-0.29305076244417405,3.8851898693856146,0.0,0.0,300
MZI_null,MZI,MZI_null_00398,-0.05686916114812306,-2.6107410803070854,-2.745042741845931,0.0,0.0,300
MZI_null,MZI,MZI_null_00399,-0.15221350960393001,-3.9478326351980213,-4.67182080028677,0.0,0.0,300
MZI_null,MZI,MZI_null_00400,0.005112520238883911,-4.309919693175925,-0.2986422646277569,0.0,0.0,300
MZI_null,MZI,MZI_null_00401,-0.23338434693054408,-1.0073593033566288,1.5005868848267738,0.0,0.0,300
MZI_null,MZI,MZI_null_00402,-0.2990603463857183,-0.8778302904572837,2.6830069774198764,0.0,0.0,300
MZI_null,MZI,MZI_null_00403,-0.18144615280368082,3.0177171605131097,0.25705702809813546,0.0,0.0,300
MZI_null,MZI,MZI_null_00404,-0.10575177836376133,-2.1673072329731182,0.6749807375651673,0.0,0.0,300
MZI_null,MZI,MZI_null_00405,0.011400808711861724,-0.38373202266089246,-3.7620207792380986,0.0,0.0,300
MZI_null,MZI,MZI_null_00406,0.025404123605411697,-6.241143490714941,-1.333678184046101,0.0,0.0,300
MZI_null,MZI,MZI_null_00407,-0.13558614621971846,-4.2065898277692995,2.708279525631312,0.0,0.0,300
MZI_null,MZI,MZI_null_00408,0.16369651808914035,-0.17258563727846887,-4.276938294017737,0.0,0.0,300
MZI_null,MZI,MZI_null_00409,-0.04746126745422029,1.6392930999375501,-0.5748492590802858,0.0,0.0,300
MZI_null,MZI,MZI_null_00410,0.3478994309972541,-0.8200464818168844,-0.4238526505299052,0.0,0.0,300
MZI_null,MZI,MZI_null_00411,-0.046367469630375205,-1.5993772856531532,-1.4574095091416317,0.0,0.0,300
MZI_null,MZI,MZI_null_00412,0.10621630150328856,0.870106950383752,-3.3579683815238486,0.0,0.0,300
MZI_null,MZI,MZI_null_00413,-0.1996849430336667,-7.50861611930989,0.5239739807376309,0.0,0.0,300
MZI_null,MZI,MZI_null_00414,-0.16550499092608104,-8.458671778857449,0.16573581359289236,0.0,0.0,300
MZI_null,MZI,MZI_null_00415,0.3739499276149186,-2.01821273461968,1.5154723233549259,0.0,0.0,300
MZI_null,MZI,MZI_null_00416,0.01227440378213475,-2.296668959573428,1.7572294489633058,0.0,0.0,300
MZI_null,MZI,MZI_null_00417,-0.0435411816282977,-1.1978230577842912,-0.034906581411959126,0.0,0.0,300
MZI_null,MZI,MZI_null_00418,-0.10021356804645731,0.9761270486095683,-1.524879270086226,0.0,0.0,300
MZI_null,MZI,MZI_null_00419,-0.1133617739239267,-0.39047046928878926,-3.695403945373112,0.0,0.0,300
MZI_null,MZI,MZI_null_00420,0.004227173605369237,-2.0273569899326107,2.2576866974947345,0.0,0.0,300
MZI_null,MZI,MZI_null_00421,0.07120473493199292,-2.0750808762354316,1.4532988976008614,0.0,0.0,300
MZI_null,MZI,MZI_null_00422,0.208531132352597,-0.3265690809444133,-0.9689421404698582,0.0,0.0,300
MZI_null,MZI,MZI_null_00423,-0.19677543485252394,-5.195340989226118,-1.915674113064003,0.0,0.0,300
MZI_null,MZI,MZI_null_00424,-0.09142683032389247,-2.560913908956338,-0.8300502253086786,0.0,0.0,300
MZI_null,MZI,MZI_null_00425,0.07945391315350962,-2.2114963341772738,0.4595049314786057,0.0,0.0,300
MZI_null,MZI,MZI_null_00426,0.009671162221518035,-7.926399699061614,-3.818006181456263,0.0,0.0,300
MZI_null,MZI,MZI_null_00427,-0.02161313335824232,-5.629084228523323,0.7997861899886134,0.0,0.0,300
MZI_null,MZI,MZI_null_00428,0.2296126248515546,1.6562855550919497,-1.640328612790624,0.0,0.0,300
MZI_null,MZI,MZI_null_00429,0.2236089205274928,-1.5539976283936654,-2.011257913354118,0.0,0.0,300
MZI_null,MZI,MZI_null_00430,-0.09201039953114096,-2.907409059464385,-2.1645304556236864,0.0,0.0,300
MZI_null,MZI,MZI_null_00431,0.025562433356323154,-1.5182780568504062,-0.9908619395397565,0.0,0.0,300
MZI_null,MZI,MZI_null_00432,0.06554072546195247,1.571938824359024,1.848662406323971,0.0,0.0,300
MZI_null,MZI,MZI_null_00433,-0.22273469526748552,-9.661763404705864,1.8029597337178211,0.0,0.0,300
MZI_null,MZI,MZI_null_00434,-0.20503180476231317,-2.6742962056780506,-4.510339078178078,0.0,0.0,300
MZI_null,MZI,MZI_null_00435,-0.27029706563700295,-0.37561181538563604,1.2774654809079404,0.0,0.0,300
MZI_null,MZI,MZI_null_00436,-0.08647656010900791,-9.77312687643473,-2.638733344757448,0.0,0.0,300
MZI_null,MZI,MZI_null_00437,0.058770600810381976,-6.436734706322387,-0.4499202406625331,0.0,0.0,300
MZI_null,MZI,MZI_null_00438,-0.0022964773759493336,-0.26212550119673494,-0.6412588947575402,0.0,0.0,300
MZI_null,MZI,MZI_null_00439,-0.14596034113223333,1.589714504993474,-1.47558871908091,0.0,0.0,300
MZI_null,MZI,MZI_null_00440,-0.004095680926489779,-4.799803877219588,-2.329846753574531,0.0,0.0,300
MZI_null,MZI,MZI_null_00441,-0.13272040710403513,-2.518838179770269,4.13512544042703,0.0,0.0,300
MZI_null,MZI,MZI_null_00442,-0.20578517143970346,-6.840684193630223,3.413510982480826,0.0,0.0,300
MZI_null,MZI,MZI_null_00443,-0.03139855157277992,-4.00721821597975,2.1197140621882293,0.0,0.0,300
MZI_null,MZI,MZI_null_00444,-0.09084233096052961,3.4780291406408086,1.033777614017807,0.0,0.0,300
MZI_null,MZI,MZI_null_00445,-0.0731867112218554,4.4719246397965104,-2.817144769010015,0.0,0.0,300
MZI_null,MZI,MZI_null_00446,0.11131430580139605,-1.1021222587805242,2.905223868196394,0.0,0.0,300
MZI_null,MZI,MZI_null_00447,0.2342266795090279,-1.9039875528027002,-3.2602536110385505,0.0,0.0,300
MZI_null,MZI,MZI_null_00448,0.06899582144086747,-4.033146109256318,5.040161742579869,0.0,0.0,300
MZI_null,MZI,MZI_null_00449,0.020480299662410616,-3.095964653936326,-0.4459590824052748,0.0,0.0,300
MZI_null,MZI,MZI_null_00450,-0.20206894342945447,-4.914842115531955,2.601241723833276,0.0,0.0,300
MZI_null,MZI,MZI_null_00451,-0.09853414184570936,-5.140732948045819,0.6099582575818585,0.0,0.0,300
MZI_null,MZI,MZI_null_00452,0.17785562319944953,0.15685993199519999,1.988143057417449,0.0,0.0,300
MZI_null,MZI,MZI_null_00453,-0.11351926328541911,-6.265432000225531,3.50400095586646,0.0,0.0,300
MZI_null,MZI,MZI_null_00454,-0.04840197582632036,-2.752499049365142,2.984582425547174,0.0,0.0,300
MZI_null,MZI,MZI_null_00455,0.08343450141009899,-0.6323366837551772,5.495007034703252,0.0,0.0,300
MZI_null,MZI,MZI_null_00456,-0.09652773455702145,0.7835203842437117,-0.8289606253087465,0.0,0.0,300
MZI_null,MZI,MZI_null_00457,0.04028884182948854,2.5854052792375946,0.5235072688688711,0.0,0.0,300
MZI_null,MZI,MZI_null_00458,0.08074441185744494,1.2175220119294066,-2.094858188628656,0.0,0.0,300
MZI_null,MZI,MZI_null_00459,-0.12588145010085094,-5.1344275820631005,-6.8990697681280055,0.0,0.0,300
MZI_null,MZI,MZI_null_00460,0.3084310694910483,-5.30962509716505,-1.663760870757316,0.0,0.0,300
MZI_null,MZI,MZI_null_00461,-0.0415219949833381,-1.0777799065726978,1.4472116376178903,0.0,0.0,300
MZI_null,MZI,MZI_null_00462,0.1290710232539618,-3.7492323157068155,-1.5013651413592344,0.0,0.0,300
MZI_null,MZI,MZI_null_00463,0.04238699257324494,-2.7460733785506415,3.8220367280599774,0.0,0.0,300
MZI_null,MZI,MZI_null_00464,0.0736462427457377,0.2046333581494526,0.988643806002238,0.0,0.0,300
MZI_null,MZI,MZI_null_00465,0.17602107862279873,-1.4569353238888791,-4.89049584386754,0.0,0.0,300
MZI_null,MZI,MZI_null_00466,0.059953192762896235,-3.9540706813754873,-2.5858500452492708,0.0,0.0,300
MZI_null,MZI,MZI_null_00467,0.08795460281326399,1.7148492143009069,-0.936185269791815,0.0,0.0,300
MZI_null,MZI,MZI_null_00468,0.04632495188984457,3.1066448339057136,-0.2777404615342951,0.0,0.0,300
MZI_null,MZI,MZI_null_00469,0.39025246712705924,-0.30347106310536764,-6.282288277467453,0.0,0.0,300
MZI_null,MZI,MZI_null_00470,0.11300124316567987,-0.8565248453516667,2.8692582622482368,0.0,0.0,300
MZI_null,MZI,MZI_null_00471,0.10097720269049375,-2.4153679519513216,-4.672894708868097,0.0,0.0,300
MZI_null,MZI,MZI_null_00472,-0.03135348859290379,-4.551561362627901,-2.741570349414168,0.0,0.0,300
MZI_null,MZI,MZI_null_00473,0.08828676066309143,3.009713513054219,0.18401458946894333,0.0,0.0,300
MZI_null,MZI,MZI_null_00474,-0.17938245930527766,-0.6661919953395778,2.5898944599369536,0.0,0.0,300
MZI_null,MZI,MZI_null_00475,-0.09146743564790732,-2.4020515000187532,-0.9559354158124087,0.0,0.0,300
MZI_null,MZI,MZI_null_00476,-0.11773474696233599,-0.05515869846842292,-1.3628444458233446,0.0,0.0,300
MZI_null,MZI,MZI_null_00477,0.06292986658605416,-4.6624765334063,-2.312374900970231,0.0,0.0,300
MZI_null,MZI,MZI_null_00478,0.1083572036741657,-3.118499456275301,4.180891553700215,0.0,0.0,300
MZI_null,MZI,MZI_null_00479,-0.05994542784219035,-1.3259458227443424,1.7977724956192698,0.0,0.0,300
MZI_null,MZI,MZI_null_00480,-0.21275485993995474,-7.282426435942328,-5.576968943710284,0.0,0.0,300
MZI_null,MZI,MZI_null_00481,0.18938761551407732,-3.6555744376773402,6.674597857004757,0.0,0.0,300
MZI_null,MZI,MZI_null_00482,-0.08463713979860829,-1.446346090408889,3.6263298577036274,0.0,0.0,300
MZI_null,MZI,MZI_null_00483,0.30091393322386845,4.184510729909194,2.625098691779427,0.0,0.0,300
MZI_null,MZI,MZI_null_00484,0.15360937887171935,-0.22241915239645071,1.3350832284999132,0.0,0.0,300
MZI_null,MZI,MZI_null_00485,-0.08267785744928001,-4.454596650266922,-1.0101233722328562,0.0,0.0,300
MZI_null,MZI,MZI_null_00486,-0.025527693378739266,-3.3596841479818256,1.089162342370146,0.0,0.0,300
MZI_null,MZI,MZI_null_00487,0.1432957812855766,-1.7347793411244579,3.4325902431657855,0.0,0.0,300
MZI_null,MZI,MZI_null_00488,-0.17125336712002576,-2.5809783778391546,-3.150466961808415,0.0,0.0,300
MZI_null,MZI,MZI_null_00489,-0.27998049256095897,-2.2480420575280977,-1.3652425251498506,0.0,0.0,300
MZI_null,MZI,MZI_null_00490,0.22701746148631963,-0.10756494633566738,-4.072560472987615,0.0,0.0,300
MZI_null,MZI,MZI_null_00491,0.27811388495012823,1.6631010865760585,0.7462931104058472,0.0,0.0,300
MZI_null,MZI,MZI_null_00492,-0.03397261482747479,-4.878317710170439,-2.116620328213159,0.0,0.0,300
MZI_null,MZI,MZI_null_00493,0.1633122929556279,3.6537589178038274,3.629730584816567,0.0,0.0,300
MZI_null,MZI,MZI_null_00494,-0.07332741326794111,-5.358852299867033,-0.5773412592663882,0.0,0.0,300
MZI_null,MZI,MZI_null_00495,-0.26526590483442775,-1.0304968574456557,-1.442807758896006,0.0,0.0,300
MZI_null,MZI,MZI_null_00496,-0.06990547528023633,-6.784109201800386,0.5408003197091498,0.0,0.0,300
MZI_null,MZI,MZI_null_00497,-0.07990512594928671,-5.509750507130864,-9.616786639844948,0.0,0.0,300
MZI_null,MZI,MZI_null_00498,-0.004127235757595438,3.3167547900092327,3.9837776436436094,0.0,0.0,300
MZI_null,MZI,MZI_null_00499,-0.06856443848794078,-3.8066361810853415,0.4063227682250714,0.0,0.0,300
MZI_null,MZI,MZI_null_00500,-0.14975781587824372,-1.094624300541602,1.298240835154071,0.0,0.0,300
MZI_null,MZI,MZI_null_00501,0.18403998358264614,-2.3004622294398582,-1.6110212505308976,0.0,0.0,300
MZI_null,MZI,MZI_null_00502,-0.13169738801348416,-4.48064106211958,-1.6794366757045802,0.0,0.0,300
MZI_null,MZI,MZI_null_00503,0.05510482602242671,0.7407538786997483,-3.4095368520410343,0.0,0.0,300
MZI_null,MZI,MZI_null_00504,0.22390328534392825,-2.8133708031277065,-1.0641018830453084,0.0,0.0,300
MZI_null,MZI,MZI_null_00505,-0.11208175187217351,-9.272720780818824,1.6521361890831492,0.0,0.0,300
MZI_null,MZI,MZI_null_00506,0.11052658456386501,-2.84398267135464,-0.7990278483253843,0.0,0.0,300
MZI_null,MZI,MZI_null_00507,0.07739088265561492,-6.6876375706596285,-2.5871580320388845,0.0,0.0,300
MZI_null,MZI,MZI_null_00508,0.11913970194327406,-5.762868269507749,-0.11932620350011214,0.0,0.0,300
MZI_null,MZI,MZI_null_00509,-0.20348727069351075,-0.6007100526994209,-1.1069244468924506,0.0,0.0,300
MZI_null,MZI,MZI_null_00510,-0.24226977238582642,1.4942180633715143,-3.2037747303941475,0.0,0.0,300
MZI_null,MZI,MZI_null_00511,-0.12153786555215715,-1.3982924083071715,2.4459120482861456,0.0,0.0,300
MZI_null,MZI,MZI_null_00512,-0.15237327284675953,-1.814960450456085,0.28644950099171895,0.0,0.0,300
MZI_null,MZI,MZI_null_00513,0.10396584108947161,-1.4706753341683245,-2.101083517249967,0.0,0.0,300
MZI_null,MZI,MZI_null_00514,-0.12413853309730795,-1.7415683508608757,-4.2164170359568205,0.0,0.0,300
MZI_null,MZI,MZI_null_00515,-0.4382025725241911,-0.6903205875269967,1.7118045232585857,0.0,0.0,300
MZI_null,MZI,MZI_null_00516,-0.35443986533127575,-5.029192114129812,0.8574627830155932,0.0,0.0,300
MZI_null,MZI,MZI_null_00517,0.3086243204567548,-1.9376188769737763,-3.184008823687403,0.0,0.0,300
MZI_null,MZI,MZI_null_00518,-0.027434466165726024,2.124629257444554,-2.937892537373606,0.0,0.0,300
MZI_null,MZI,MZI_null_00519,-0.11987880099753803,-3.4482305665460973,-3.859985824776137,0.0,0.0,300
MZI_null,MZI,MZI_null_00520,0.018400547399219327,2.874035375408682,-0.03076218065191272,0.0,0.0,300
MZI_null,MZI,MZI_null_00521,-0.03785302531894314,-2.8754338067466323,-5.689572426089971,0.0,0.0,300
MZI_null,MZI,MZI_null_00522,0.13246646657207384,-2.2335115910384062,-1.541439740771877,0.0,0.0,300
MZI_null,MZI,MZI_null_00523,0.4789661351767291,-1.1037412749029412,-3.255373150285553,0.0,0.0,300
MZI_null,MZI,MZI_null_00524,-0.06395363943083149,1.4453371275902644,-0.6601887683867066,0.0,0.0,300
MZI_null,MZI,MZI_null_00525,-0.215741696747605,0.7576868037256106,-3.004432256616982,0.0,0.0,300
MZI_null,MZI,MZI_null_00526,0.2809946664326318,1.2401441971439455,-2.3419656869762537,0.0,0.0,300
MZI_null,MZI,MZI_null_00527,0.19215245426026692,-1.79643346841779,1.5583210253666584,0.0,0.0,300
MZI_null,MZI,MZI_null_00528,0.07270992259417121,-4.5390699649726205,-2.9306494969523857,0.0,0.0,300
MZI_null,MZI,MZI_null_00529,0.15449412263717419,-3.0043259963196225,-2.21094538972599,0.0,0.0,300
MZI_null,MZI,MZI_null_00530,-0.14326838690240293,-0.729202803219617,5.187574757729434,0.0,0.0,300
MZI_null,MZI,MZI_null_00531,-0.16012993713814092,-1.9273416299817259,3.236661666246288,0.0,0.0,300
MZI_null,MZI,MZI_null_00532,-0.011946208686857272,-0.6428846112507984,-4.18718058444064,0.0,0.0,300
MZI_null,MZI,MZI_null_00533,0.06424606458114729,-2.5614327950136464,1.9571899870395888,0.0,0.0,300
MZI_null,MZI,MZI_null_00534,0.17810790773471266,5.768690926055841,0.7388995196407269,0.0,0.0,300
MZI_null,MZI,MZI_null_00535,0.04886944748732497,-1.416847095267992,-2.059498878432065,0.0,0.0,300
MZI_null,MZI,MZI_null_00536,0.05077257651925367,-2.8862042304170883,-0.49461707119115716,0.0,0.0,300
MZI_null,MZI,MZI_null_00537,0.19763963034119394,-5.019627695838923,2.419635683387136,0.0,0.0,300
MZI_null,MZI,MZI_null_00538,0.19756726010097977,-2.354205580973236,-7.365564697025784,0.0,0.0,300
MZI_null,MZI,MZI_null_00539,-0.09117329806416487,1.890983639683328,-1.0686041868966463,0.0,0.0,300
MZI_null,MZI,MZI_null_00540,-0.14989533484423662,-3.514324763684652,1.521860079513659,0.0,0.0,300
MZI_null,MZI,MZI_null_00541,0.08201003523020689,-2.7167962975090827,-2.1004732354440625,0.0,0.0,300
MZI_null,MZI,MZI_null_00542,-0.05876372235657328,-4.767230553495508,3.8461270684083253,0.0,0.0,300
MZI_null,MZI,MZI_null_00543,-0.04834807038170098,1.6514755624764894,3.5639481557673545,0.0,0.0,300
MZI_null,MZI,MZI_null_00544,0.14974663472219404,-3.2948609381541454,0.21119027100982835,0.0,0.0,300
MZI_null,MZI,MZI_null_00545,-0.0036293409586374246,-4.711105582190385,-0.026922154835191003,0.0,0.0,300
MZI_null,MZI,MZI_null_00546,-0.17685596867397038,1.5630381653846914,-2.393851891895179,0.0,0.0,300
MZI_null,MZI,MZI_null_00547,0.030173948380925894,-1.1501363853615736,-1.776714921112232,0.0,0.0,300
MZI_null,MZI,MZI_null_00548,0.08800407022129121,-3.424710969867573,1.6138918923717327,0.0,0.0,300
MZI_null,MZI,MZI_null_00549,-0.20189695203701227,-1.6208612613607645,4.816786997174854,0.0,0.0,300
MZI_null,MZI,MZI_null_00550,-0.1500496986908362,-4.033234911574555,0.5417235489767451,0.0,0.0,300
MZI_null,MZI,MZI_null_00551,0.026937267290939693,-0.9481097021793223,0.4675613904429905,0.0,0.0,300
MZI_null,MZI,MZI_null_00552,0.09520822028426548,1.3290995258686698,0.2294559707855377,0.0,0.0,300
MZI_null,MZI,MZI_null_00553,-0.036188648192781364,0.0177211036081939,4.699645804685646,0.0,0.0,300
MZI_null,MZI,MZI_null_00554,-0.019895061957386034,-4.923587914011924,2.3212420078609184,0.0,0.0,300
MZI_null,MZI,MZI_null_00555,-0.018057174593039734,-8.518008638042108,1.5422650314512647,0.0,0.0,300
MZI_null,MZI,MZI_null_00556,-0.08029922789308841,-2.2715998469124825,-0.0040590082929563565,0.0,0.0,300
MZI_null,MZI,MZI_null_00557,0.028574951966859958,0.12835545141711835,-2.30645911170953,0.0,0.0,300
MZI_null,MZI,MZI_null_00558,0.07696586972641241,-2.7786400327517518,1.216431442662509,0.0,0.0,300
MZI_null,MZI,MZI_null_00559,0.09230512260195801,-4.806316106133786,2.257946348525097,0.0,0.0,300
MZI_null,MZI,MZI_null_00560,-0.0803945167671072,0.4241733948434354,0.10186194020402195,0.0,0.0,300
MZI_null,MZI,MZI_null_00561,0.27572755151926837,-2.6703979471155566,-2.047950388354592,0.0,0.0,300
MZI_null,MZI,MZI_null_00562,-0.0029129408831598913,-2.9095393485028263,1.3998257058261503,0.0,0.0,300
MZI_null,MZI,MZI_null_00563,-0.24244659126548818,-5.161047257439062,-4.2034087647375795,0.0,0.0,300
MZI_null,MZI,MZI_null_00564,0.14254613879603636,3.131840117745776,-1.3133476556124144,0.0,0.0,300
MZI_null,MZI,MZI_null_00565,-0.025323258478501594,-1.7898435106604558,2.485634907824571,0.0,0.0,300
MZI_null,MZI,MZI_null_00566,-0.1391029701285861,-1.2848930517956445,1.9255928893472891,0.0,0.0,300
MZI_null,MZI,MZI_null_00567,0.07516412549097679,-1.4312551502037698,2.0031382777014235,0.0,0.0,300
MZI_null,MZI,MZI_null_00568,-0.40548484394988554,0.03362595859272277,-2.9622270493822715,0.0,0.0,300
MZI_null,MZI,MZI_null_00569,-0.2745949345284685,-0.4663922014250579,3.1209756354888736,0.0,0.0,300
MZI_null,MZI,MZI_null_00570,-0.02061727719415378,0.8586236416088164,3.8368347739659363,0.0,0.0,300
MZI_null,MZI,MZI_null_00571,0.1972371680376071,2.9198935881141788,1.2263824732156765,0.0,0.0,300
MZI_null,MZI,MZI_null_00572,0.011315045835238919,-6.805897435691506,-1.7381874643898456,0.0,0.0,300
MZI_null,MZI,MZI_null_00573,-0.12648698929742874,4.512828152493441,-1.5276574372970098,0.0,0.0,300
MZI_null,MZI,MZI_null_00574,0.01848072101767285,-0.3455438718785975,-0.8691926608826388,0.0,0.0,300
MZI_null,MZI,MZI_null_00575,0.2542576560646129,-3.8679480852033556,-0.4161776342882719,0.0,0.0,300
MZI_null,MZI,MZI_null_00576,-0.11137058785470723,-5.960067533662118,-2.8353072727158564,0.0,0.0,300
MZI_null,MZI,MZI_null_00577,-0.005555519557261803,-3.28790667355178,-3.077262939621568,0.0,0.0,300
MZI_null,MZI,MZI_null_00578,-0.21094761955077507,-2.2493167178860842,-5.5141611220930065,0.0,0.0,300
MZI_null,MZI,MZI_null_00579,0.11400839455344039,-1.7526807411964902,-5.372654498394792,0.0,0.0,300
MZI_null,MZI,MZI_null_00580,-0.04638136155747952,-4.25646921677175,-0.042476468742458695,0.0,0.0,300
MZI_null,MZI,MZI_null_00581,0.2010675669034717,-7.625517408937234,-0.6549217625577485,0.0,0.0,300
MZI_null,MZI,MZI_null_00582,-0.02401991933499606,0.014020229351396907,-0.36041011528693256,0.0,0.0,300
MZI_null,MZI,MZI_null_00583,-0.11279539976082285,-2.9571618069998546,-3.3880775704104673,0.0,0.0,300
MZI_null,MZI,MZI_null_00584,0.16140107078978974,-1.9360650539841733,4.703572057259022,0.0,0.0,300
MZI_null,MZI,MZI_null_00585,-0.009099122072193115,-4.125220300731389,-5.541143177838482,0.0,0.0,300
MZI_null,MZI,MZI_null_00586,-0.2704709514383917,-6.7524078290164695,-0.1986200469655497,0.0,0.0,300
MZI_null,MZI,MZI_null_00587,0.07630875348449008,-6.7435721060964005,1.6851149422283465,0.0,0.0,300
MZI_null,MZI,MZI_null_00588,-0.07245915775251592,-1.559620964043352,3.836661884766273,0.0,0.0,300
MZI_null,MZI,MZI_null_00589,0.13452589737982978,-2.8055919437174968,-3.673576676245862,0.0,0.0,300
MZI_null,MZI,MZI_null_00590,-0.32277231019939573,-4.15745995772726,-1.6333907164830834,0.0,0.0,300
MZI_null,MZI,MZI_null_00591,-0.14807692907267758,-2.3937709012769144,-0.7694443511236954,0.0,0.0,300
MZI_null,MZI,MZI_null_00592,-0.03372839727121178,-3.9500077424703792,-0.49403598409981697,0.0,0.0,300
MZI_null,MZI,MZI_null_00593,0.06629109743541135,-5.271197232328538,3.2327971392388104,0.0,0.0,300
MZI_null,MZI,MZI_null_00594,-0.014788219842639259,-1.943451131165457,1.1246432697696713,0.0,0.0,300
MZI_null,MZI,MZI_null_00595,0.03498241968952525,0.8594099017397352,-0.1386275043945273,0.0,0.0,300
MZI_null,MZI,MZI_null_00596,-0.09186560619606568,-0.9154894243816951,-4.431178621961985,0.0,0.0,300
MZI_null,MZI,MZI_null_00597,0.01628395586647847,-2.0996899719333824,-1.6243505718176192,0.0,0.0,300
MZI_null,MZI,MZI_null_00598,-0.019280626715839612,-7.645547136492917,-2.6461747232228845,0.0,0.0,300
MZI_null,MZI,MZI_null_00599,0.013926735171167206,-1.5204308240077988,-4.083025422777874,0.0,0.0,300
MZI_null,MZI,MZI_null_00600,0.1898561761297051,-4.598524544643503,1.9083716015802104,0.0,0.0,300
MZI_null,MZI,MZI_null_00601,0.06407915428075273,-3.938681929531409,4.325932677828536,0.0,0.0,300
MZI_null,MZI,MZI_null_00602,-0.179045524763472,0.7574625208300043,2.0017469541289348,0.0,0.0,300
MZI_null,MZI,MZI_null_00603,-0.10059303136149673,2.1773959001929866,-1.7501395437968583,0.0,0.0,300
MZI_null,MZI,MZI_null_00604,0.043304044391978554,-1.2190344836863378,-1.4029262244116434,0.0,0.0,300
MZI_null,MZI,MZI_null_00605,0.12162124097396732,0.38046616165663893,-6.2455959197145425,0.0,0.0,300
MZI_null,MZI,MZI_null_00606,0.19565103643172288,-6.987475964107023,2.097638613024972,0.0,0.0,300
MZI_null,MZI,MZI_null_00607,0.16900577052413748,-5.2728992906455945,-2.2324428638637546,0.0,0.0,300
MZI_null,MZI,MZI_null_00608,-0.16585570027289034,-2.644763090866206,-1.9241028525572237,0.0,0.0,300
MZI_null,MZI,MZI_null_00609,0.11694907984040097,1.930926238358825,3.187051432369868,0.0,0.0,300
MZI_null,MZI,MZI_null_00610,-0.08432520398674531,-2.627665621233583,-6.050314576662851,0.0,0.0,300
MZI_null,MZI,MZI_null_00611,-0.12088050997442831,0.8945548992923729,3.8467484706446946,0.0,0.0,300
MZI_null,MZI,MZI_null_00612,-0.1851523307819883,-3.7773927774586826,-1.079217270876781,0.0,0.0,300
MZI_null,MZI,MZI_null_00613,0.04202417382294102,-4.428810559764939,0.27218313339226907,0.0,0.0,300
MZI_null,MZI,MZI_null_00614,-0.07107590206063742,-2.0433568126348374,0.6388527440110987,0.0,0.0,300
MZI_null,MZI,MZI_null_00615,0.0009633404716406724,-3.309157671579706,-1.3288294117774924,0.0,0.0,300
MZI_null,MZI,MZI_null_00616,-0.013254443880800298,-3.1100330896463833,-1.776388188001307,0.0,0.0,300
MZI_null,MZI,MZI_null_00617,0.23979707557570754,-0.31724165617628386,-1.8864409540874811,0.0,0.0,300
MZI_null,MZI,MZI_null_00618,0.10454316067661035,-3.0014584692680297,2.519373912759924,0.0,0.0,300
MZI_null,MZI,MZI_null_00619,0.055446328829714085,-2.3219064320126868,0.3431507774308329,0.0,0.0,300
MZI_null,MZI,MZI_null_00620,-0.23563142281027488,-5.380302406729416,-4.581775019197166,0.0,0.0,300
MZI_null,MZI,MZI_null_00621,0.021441464214556012,3.1975449984552755,5.693900438577897,0.0,0.0,300
MZI_null,MZI,MZI_null_00622,0.09570766521611357,-0.4974665751666292,-6.403173202458217,0.0,0.0,300
MZI_null,MZI,MZI_null_00623,-0.08140106996010325,-4.363351255724717,-2.862542794753348,0.0,0.0,300
MZI_null,MZI,MZI_null_00624,-0.02522157278771844,-3.4162717330913823,-6.937899431127363,0.0,0.0,300
MZI_null,MZI,MZI_null_00625,0.11218653841763007,-5.218229077219419,-0.28225940766655144,0.0,0.0,300
MZI_null,MZI,MZI_null_00626,0.311112400462496,-4.75815377475927,-8.59086256823899,0.0,0.0,300
MZI_null,MZI,MZI_null_00627,-0.04290063328201662,1.3028789049957132,4.875042362661782,0.0,0.0,300
MZI_null,MZI,MZI_null_00628,-0.18443243916786253,-0.5099023302904349,-2.39593137034016,0.0,0.0,300
MZI_null,MZI,MZI_null_00629,-0.015892253145620348,5.933030041051104,-5.50891098518546,0.0,0.0,300
MZI_null,MZI,MZI_null_00630,0.038060949224186014,-0.5969204847037004,2.2573589748180414,0.0,0.0,300
MZI_null,MZI,MZI_null_00631,0.014697473020634315,-1.0758483814876931,-2.174945702265373,0.0,0.0,300
MZI_null,MZI,MZI_null_00632,0.0403690411867661,-3.0295768264922316,0.8647156695681524,0.0,0.0,300
MZI_null,MZI,MZI_null_00633,-0.055441550406545095,-0.8686988182934405,-1.087788441054935,0.0,0.0,300
MZI_null,MZI,MZI_null_00634,0.16890753761582522,-2.1541811707654586,-6.319097404620644,0.0,0.0,300
MZI_null,MZI,MZI_null_00635,0.18928822510709875,-4.717196902587856,-2.9612990159464596,0.0,0.0,300
MZI_null,MZI,MZI_null_00636,-0.08934919410652381,2.123314279512452,-7.407022641936086,0.0,0.0,300
MZI_null,MZI,MZI_null_00637,0.470662280048999,1.1681704271981554,-0.330283257612521,0.0,0.0,300
MZI_null,MZI,MZI_null_00638,-0.008234100092442957,-1.143337775427029,0.5633672851380149,0.0,0.0,300
MZI_null,MZI,MZI_null_00639,0.09678233789250855,-0.33318660198965455,-0.7312579562342536,0.0,0.0,300
MZI_null,MZI,MZI_null_00640,-0.02960076304609891,-2.453819850960535,-1.584724841058043,0.0,0.0,300
MZI_null,MZI,MZI_null_00641,0.17006551453005966,-0.21932983315741428,-9.82116590399284,0.0,0.0,300
MZI_null,MZI,MZI_null_00642,0.09838511647946414,-1.4157914158436755,-1.0561262693376923,0.0,0.0,300
MZI_null,MZI,MZI_null_00643,-0.05827776796333287,1.3723381599580406,1.8425793863685733,0.0,0.0,300
MZI_null,MZI,MZI_null_00644,-0.11593165017354136,-0.7788431386263945,-3.914970203623858,0.0,0.0,300
MZI_null,MZI,MZI_null_00645,-0.20694272471833958,-3.8801516737698956,1.5871804171482764,0.0,0.0,300
MZI_null,MZI,MZI_null_00646,0.142968756806413,-0.4607437397081211,1.1752873605439915,0.0,0.0,300
MZI_null,MZI,MZI_null_00647,0.07742674306724376,-3.9244447856688565,0.2957676340218218,0.0,0.0,300
MZI_null,MZI,MZI_null_00648,0.12006142878415234,0.26287398944072304,2.566740114423929,0.0,0.0,300
MZI_null,MZI,MZI_null_00649,0.10624557708015957,-0.9456553773752514,2.2104507149492822,0.0,0.0,300
MZI_null,MZI,MZI_null_00650,-0.003978188887359009,-4.645623953683153,-1.4892008918312918,0.0,0.0,300
MZI_null,MZI,MZI_null_00651,-0.11173539672096736,-4.025534824923144,-1.4335560121465534,0.0,0.0,300
MZI_null,MZI,MZI_null_00652,-0.11886298814999419,-2.9238845889171206,-6.680844000861357,0.0,0.0,300
MZI_null,MZI,MZI_null_00653,0.031994056105940784,-1.9963835739133273,-3.451265893204572,0.0,0.0,300
MZI_null,MZI,MZI_null_00654,0.09888685026486076,0.8127104128796754,-5.822679593106923,0.0,0.0,300
MZI_null,MZI,MZI_null_00655,-0.11440871678493213,-4.307427049361895,-3.819709303326594,0.0,0.0,300
MZI_null,MZI,MZI_null_00656,0.12442122628976227,-2.5814784163184106,-1.7935445239318324,0.0,0.0,300
MZI_null,MZI,MZI_null_00657,-0.300579354661013,-0.09374590937232075,-4.717775184560418,0.0,0.0,300
MZI_null,MZI,MZI_null_00658,0.008989894539949238,-1.167869186125425,3.081975787515953,0.0,0.0,300
MZI_null,MZI,MZI_null_00659,-0.1963230598678668,-11.058536467462476,-0.4484513657389154,0.0,0.0,300
MZI_null,MZI,MZI_null_00660,0.27007667722662804,1.7168390588183122,-0.3710217541761227,0.0,0.0,300
MZI_null,MZI,MZI_null_00661,-0.0737454278448071,0.421367789911931,-3.920638599113406,0.0,0.0,300
MZI_null,MZI,MZI_null_00662,0.07145366540343288,-0.48358952250011944,2.180629722496639,0.0,0.0,300
MZI_null,MZI,MZI_null_00663,0.41394900583666167,-0.8227520984636989,-2.5268908771224963,0.0,0.0,300
MZI_null,MZI,MZI_null_00664,-0.003836146828799165,-7.307227714667355,-3.084139393267175,0.0,0.0,300
MZI_null,MZI,MZI_null_00665,-0.061392365716965595,-3.5722651938037773,-0.542935383898834,0.0,0.0,300
MZI_null,MZI,MZI_null_00666,-0.12336298985733007,1.3630920019734143,-0.9993788052454087,0.0,0.0,300
MZI_null,MZI,MZI_null_00667,-0.0013950481707921626,-2.9836841495387536,-0.5344279484230626,0.0,0.0,300
MZI_null,MZI,MZI_null_00668,0.1237647397001452,-4.6013906471327015,-2.97434946722577,0.0,0.0,300
MZI_null,MZI,MZI_null_00669,-0.0455589043164997,-6.037612770419645,-3.4577735791644932,0.0,0.0,300
MZI_null,MZI,MZI_null_00670,-0.07143313103169885,0.6231675421381828,-0.2123160129942251,0.0,0.0,300
MZI_null,MZI,MZI_null_00671,0.029038486705131653,0.5526938865039166,-1.41211536519819,0.0,0.0,300
MZI_null,MZI,MZI_null_00672,0.05856972748933344,-2.3096652587974886,-0.20391295180111468,0.0,0.0,300
MZI_null,MZI,MZI_null_00673,-0.0874137986417373,-9.316451474829288,-1.4028374865589124,0.0,0.0,300
MZI_null,MZI,MZI_null_00674,0.213412220414991,0.778646206724777,1.8961924537735122,0.0,0.0,300
MZI_null,MZI,MZI_null_00675,0.18541960827093268,-1.7340272271156878,-0.4080528777832132,0.0,0.0,300
MZI_null,MZI,MZI_null_00676,-0.09264778431515253,-2.948218568081149,0.8473134493134247,0.0,0.0,300
MZI_null,MZI,MZI_null_00677,0.18058266557532243,-2.418338827042999,-2.3505677945542347,0.0,0.0,300
MZI_null,MZI,MZI_null_00678,7.919382848959392e-05,-0.19637975321265544,-5.331564448400625,0.0,0.0,300
MZI_null,MZI,MZI_null_00679,-0.3444271429705857,-3.6516105484747508,-4.662137277742476,0.0,0.0,300
MZI_null,MZI,MZI_null_00680,-0.07622102964709664,-2.4433409564524147,-2.35974522706904,0.0,0.0,300
MZI_null,MZI,MZI_null_00681,0.2178701301706118,-1.0197657061930399,-0.09857692116751493,0.0,0.0,300
MZI_null,MZI,MZI_null_00682,0.09333107160651029,-5.416499353342307,2.117335362260806,0.0,0.0,300
MZI_null,MZI,MZI_null_00683,-0.011364642980318982,0.011441851723637875,-4.215571699120466,0.0,0.0,300
MZI_null,MZI,MZI_null_00684,-0.23306381490240963,0.4536689740750859,0.12922857829254975,0.0,0.0,300
MZI_null,MZI,MZI_null_00685,-0.13530773315362654,-4.608989243824083,2.376304353244308,0.0,0.0,300
MZI_null,MZI,MZI_null_00686,-0.17841178393009918,2.9280188597678904,-3.701862203943606,0.0,0.0,300
MZI_null,MZI,MZI_null_00687,0.09575878884125745,-2.9858554272469537,0.8095622932470292,0.0,0.0,300
MZI_null,MZI,MZI_null_00688,-0.08161710031712889,-2.4883787182168824,-0.8772424738128366,0.0,0.0,300
MZI_null,MZI,MZI_null_00689,-0.1503281183672209,0.22247303626037773,-2.539640699414756,0.0,0.0,300
MZI_null,MZI,MZI_null_00690,-0.034289987301002786,-4.983048123825537,-8.687000976385931,0.0,0.0,300
MZI_null,MZI,MZI_null_00691,-0.02865416439002535,5.237846264838748,1.3538128636940714,0.0,0.0,300
MZI_null,MZI,MZI_null_00692,-0.0028890569601591957,-2.788672487624803,-0.9326023215638608,0.0,0.0,300
MZI_null,MZI,MZI_null_00693,0.08206786727628149,-5.542438445926535,2.3429650840066163,0.0,0.0,300
MZI_null,MZI,MZI_null_00694,0.10730719731618661,0.15455717712380324,0.3154272164291818,0.0,0.0,300
MZI_null,MZI,MZI_null_00695,0.0029424986540984854,0.0185837079004596,0.7754424012241341,0.0,0.0,300
MZI_null,MZI,MZI_null_00696,-0.05310610664115357,-3.7208053186907026,-0.6944311142140399,0.0,0.0,300
MZI_null,MZI,MZI_null_00697,0.2323530227242781,-5.717321226961703,-5.40257579725732,0.0,0.0,300
MZI_null,MZI,MZI_null_00698,0.02471412618547751,-1.8473368944319457,-0.47997500688877537,0.0,0.0,300
MZI_null,MZI,MZI_null_00699,0.036592979686275035,-2.669606763904415,3.469590315806246,0.0,0.0,300
MZI_null,MZI,MZI_null_00700,-0.24013559677147733,-4.485491074340738,-1.309764280447142,0.0,0.0,300
MZI_null,MZI,MZI_null_00701,-0.24647832167312508,-2.5275632132962134,3.9844104971840544,0.0,0.0,300
MZI_null,MZI,MZI_null_00702,0.003132973244394268,-1.3078972828439497,-4.780494295517741,0.0,0.0,300
MZI_null,MZI,MZI_null_00703,-0.09245421120592162,-3.125589140971811,-1.953145290268702,0.0,0.0,300
MZI_null,MZI,MZI_null_00704,0.1922465692505653,-0.3269268178246265,-4.3343738708110955,0.0,0.0,300
MZI_null,MZI,MZI_null_00705,0.03697571676480073,-0.5053347545096445,2.4204471155637997,0.0,0.0,300
MZI_null,MZI,MZI_null_00706,0.23708110298525603,-5.045282575483606,-3.4325725336310144,0.0,0.0,300
MZI_null,MZI,MZI_null_00707,-0.18863667883719243,-2.702059577320944,0.3990751233390035,0.0,0.0,300
MZI_null,MZI,MZI_null_00708,0.14810017748836526,-2.2278530709275683,-1.959542569764532,0.0,0.0,300
MZI_null,MZI,MZI_null_00709,0.022763698837311056,-4.505428704890069,5.26861616508432,0.0,0.0,300
MZI_null,MZI,MZI_null_00710,-0.2411491540677088,-1.4457782633128267,5.070818657688918,0.0,0.0,300
MZI_null,MZI,MZI_null_00711,0.0010199766839996652,-2.5701171050044835,-2.0723362684312816,0.0,0.0,300
MZI_null,MZI,MZI_null_00712,-0.027058752264361174,2.1185454240295902,-7.6355857339885205,0.0,0.0,300
MZI_null,MZI,MZI_null_00713,0.23001505519444881,-6.271871457350436,-1.7999569877032444,0.0,0.0,300
MZI_null,MZI,MZI_null_00714,-0.06438666304479927,-0.23434019068784062,-5.794373055651243,0.0,0.0,300
MZI_null,MZI,MZI_null_00715,0.06932589991229142,4.072928869860558,-5.089522013778431,0.0,0.0,300
MZI_null,MZI,MZI_null_00716,0.028455925141559348,-3.985946533389827,0.2776616185791072,0.0,0.0,300
MZI_null,MZI,MZI_null_00717,0.0028721666123628087,-3.924460727132929,0.463616854613222,0.0,0.0,300
MZI_null,MZI,MZI_null_00718,0.27065221646801146,-2.572711375181896,1.1592738264445455,0.0,0.0,300
MZI_null,MZI,MZI_null_00719,-0.19399094368067454,-4.869309130454026,0.4172188336411322,0.0,0.0,300
MZI_null,MZI,MZI_null_00720,0.22261740428039473,-0.93315995364302,-1.939174091569463,0.0,0.0,300
MZI_null,MZI,MZI_null_00721,-0.00010628918649688758,-5.751223201909152,0.8135459790661002,0.0,0.0,300
MZI_null,MZI,MZI_null_00722,0.13234995934851138,-3.356270998499241,-2.4101264432785046,0.0,0.0,300
MZI_null,MZI,MZI_null_00723,0.03988173444780727,-3.3101592081217865,-1.1983978438774674,0.0,0.0,300
MZI_null,MZI,MZI_null_00724,0.3149582683749773,-2.7410771022379903,-2.0750204560636667,0.0,0.0,300
MZI_null,MZI,MZI_null_00725,-0.09713127084527387,0.2325759144998103,-1.5436725196543089,0.0,0.0,300
MZI_null,MZI,MZI_null_00726,-0.0974059557482139,1.963912096819036,3.258809013540912,0.0,0.0,300
MZI_null,MZI,MZI_null_00727,-0.09006353486080577,-7.5996198540818485,2.0225410695107664,0.0,0.0,300
MZI_null,MZI,MZI_null_00728,-0.10269447386400059,0.37187679748830593,-6.910311453135506,0.0,0.0,300
MZI_null,MZI,MZI_null_00729,0.13388960074489636,-5.633515787842343,1.1922923571995736,0.0,0.0,300
MZI_null,MZI,MZI_null_00730,0.002140960175465116,-4.861818258189935,-2.2211089387803415,0.0,0.0,300
MZI_null,MZI,MZI_null_00731,0.10294776854350511,-1.6823166406542973,0.7532389414174527,0.0,0.0,300
MZI_null,MZI,MZI_null_00732,0.2964660876773228,-6.692724835133154,3.8516377249058715,0.0,0.0,300
MZI_null,MZI,MZI_null_00733,0.01565339062848194,-4.696352144969385,-4.990940877216969,0.0,0.0,300
MZI_null,MZI,MZI_null_00734,-0.028368058616555024,0.7649503357733778,-1.3826473611326027,0.0,0.0,300
MZI_null,MZI,MZI_null_00735,0.2266732395371021,-6.353527070154676,-1.0362668435381637,0.0,0.0,300
MZI_null,MZI,MZI_null_00736,-0.18785901666196786,-0.9091043521250963,1.6606621702919009,0.0,0.0,300
MZI_null,MZI,MZI_null_00737,-0.06311426905215799,-9.812641569881404,-0.4031555596105164,0.0,0.0,300
MZI_null,MZI,MZI_null_00738,0.06551078276002642,-0.7871157351149072,2.7073465754664623,0.0,0.0,300
MZI_null,MZI,MZI_null_00739,-0.16065805194735733,0.040648316351348246,2.577522537433925,0.0,0.0,300
MZI_null,MZI,MZI_null_00740,-0.2667881376009775,-1.0410445222430682,-2.5125394930230147,0.0,0.0,300
MZI_null,MZI,MZI_null_00741,-0.012228400965246883,-0.9569705493849909,-2.461685692340657,0.0,0.0,300
MZI_null,MZI,MZI_null_00742,-0.10135621187424176,-1.897542747535926,-4.261737816588408,0.0,0.0,300
MZI_null,MZI,MZI_null_00743,-0.1628737693327778,0.03811984886950981,-4.446382105475968,0.0,0.0,300
MZI_null,MZI,MZI_null_00744,0.09994687513638179,-0.6122261214381464,-6.177420186371791,0.0,0.0,300
MZI_null,MZI,MZI_null_00745,-0.10163469785034826,1.5823282091421174,-3.943496593419045,0.0,0.0,300
MZI_null,MZI,MZI_null_00746,-0.06966063934640815,-0.6138173202443107,1.3501715278477864,0.0,0.0,300
MZI_null,MZI,MZI_null_00747,-0.03773083290667435,-3.7925305840749246,3.2671095850955227,0.0,0.0,300
MZI_null,MZI,MZI_null_00748,0.2608349495696368,0.9365741523453863,-0.7440455723049278,0.0,0.0,300
MZI_null,MZI,MZI_null_00749,-0.12123985824613895,-4.491333219669696,0.5675423157972723,0.0,0.0,300
MZI_null,MZI,MZI_null_00750,0.06275973313330256,2.204795778839288,0.9513502776084175,0.0,0.0,300
MZI_null,MZI,MZI_null_00751,-0.22546204526397268,1.155842853168756,-3.9941818819432386,0.0,0.0,300
MZI_null,MZI,MZI_null_00752,-0.05759569079285273,-1.2493993812449165,4.987002469351893,0.0,0.0,300
MZI_null,MZI,MZI_null_00753,0.4664877834008041,-0.17983082259145178,-1.5495898561611636,0.0,0.0,300
MZI_null,MZI,MZI_null_00754,0.08017584727208253,0.662966277621508,-1.9620028766715751,0.0,0.0,300
MZI_null,MZI,MZI_null_00755,0.2692817033868483,-1.3097877224257939,0.4932292672741827,0.0,0.0,300
MZI_null,MZI,MZI_null_00756,0.0998886378081692,-0.735240168156633,1.5168215014088364,0.0,0.0,300
MZI_null,MZI,MZI_null_00757,-0.09258797798203848,-3.6749052618380915,-4.3004626989150845,0.0,0.0,300
MZI_null,MZI,MZI_null_00758,0.06592518459303395,0.3368095105363422,0.3733185984556573,0.0,0.0,300
MZI_null,MZI,MZI_null_00759,0.25117386500213057,-2.01678805648714,1.006224966777538,0.0,0.0,300
MZI_null,MZI,MZI_null_00760,-0.16375513142089715,-3.1612991074232033,1.0866132726973325,0.0,0.0,300
MZI_null,MZI,MZI_null_00761,0.1273653166114716,-2.881900842992547,-1.2147977555742004,0.0,0.0,300
MZI_null,MZI,MZI_null_00762,-0.2276810620021214,-3.071087602419828,1.6711494905593587,0.0,0.0,300
MZI_null,MZI,MZI_null_00763,0.08628075241598494,-0.49800283585637084,-0.8506789384571198,0.0,0.0,300
MZI_null,MZI,MZI_null_00764,0.0010594737942264678,-3.980963418420341,1.0964852606076043,0.0,0.0,300
MZI_null,MZI,MZI_null_00765,0.06314594165840846,-0.5239434560216023,-2.5781045280027413,0.0,0.0,300
MZI_null,MZI,MZI_null_00766,-0.32300143798068665,1.2914581352610872,-2.4365123680252125,0.0,0.0,300
MZI_null,MZI,MZI_null_00767,-0.12941636460646808,0.08043673574198085,-2.176037919757389,0.0,0.0,300
MZI_null,MZI,MZI_null_00768,0.15899045760699326,-0.14898215126990744,1.050707969601433,0.0,0.0,300
MZI_null,MZI,MZI_null_00769,-0.20489335668008013,1.6358319561592012,-0.21624840629843178,0.0,0.0,300
MZI_null,MZI,MZI_null_00770,-0.05539157088693047,-1.5698345979732466,-6.32870569869496,0.0,0.0,300
MZI_null,MZI,MZI_null_00771,0.06129792172210062,-5.0881145245462145,-5.058010857530603,0.0,0.0,300
MZI_null,MZI,MZI_null_00772,-0.22835387793268366,1.3380651249697757,-2.8877901810783664,0.0,0.0,300
MZI_null,MZI,MZI_null_00773,0.23005915648747488,-3.607404389156893,-6.12207387277884,0.0,0.0,300
MZI_null,MZI,MZI_null_00774,-0.16747866599229885,1.707434860020816,-1.4676945338100027,0.0,0.0,300
MZI_null,MZI,MZI_null_00775,-0.08224309447359014,-1.5199453224416368,0.5053482085026348,0.0,0.0,300
MZI_null,MZI,MZI_null_00776,0.16760982238536912,2.345497689678779,-2.0793059373672573,0.0,0.0,300
MZI_null,MZI,MZI_null_00777,-0.19890715291230573,-3.240395483369828,-0.21915848025134155,0.0,0.0,300
MZI_null,MZI,MZI_null_00778,-0.14456383893159164,-4.871452744685129,0.03136364464965635,0.0,0.0,300
MZI_null,MZI,MZI_null_00779,-0.0072978527355676715,-1.9016090137652404,-3.2754860041002085,0.0,0.0,300
MZI_null,MZI,MZI_null_00780,-0.034560107130865096,-4.772699432804913,1.6705952333743603,0.0,0.0,300
MZI_null,MZI,MZI_null_00781,0.15528740020856288,-7.5385635867142815,-3.78853258057723,0.0,0.0,300
MZI_null,MZI,MZI_null_00782,-0.22447938826351185,-3.9500718032206947,-1.2503139093710827,0.0,0.0,300
MZI_null,MZI,MZI_null_00783,-0.2174467829547795,-4.765579439375939,-4.011872116244495,0.0,0.0,300
MZI_null,MZI,MZI_null_00784,0.031090099409841594,-1.7919669888912488,-3.16521266001176,0.0,0.0,300
MZI_null,MZI,MZI_null_00785,0.026523130820909697,-3.640040253761796,-1.81496533097816,0.0,0.0,300
MZI_null,MZI,MZI_null_00786,0.25101781354478053,2.021383155371044,-4.898743710782793,0.0,0.0,300
MZI_null,MZI,MZI_null_00787,0.12445986268187617,0.4341896634747764,-4.444789866257855,0.0,0.0,300
MZI_null,MZI,MZI_null_00788,0.12281664656322909,2.6137957552376587,-4.367634418733242,0.0,0.0,300
MZI_null,MZI,MZI_null_00789,-0.13762542315213955,1.0529844005305073,-0.185514067523056,0.0,0.0,300
MZI_null,MZI,MZI_null_00790,0.08272144128592848,-0.9782323507985096,0.17208776278443239,0.0,0.0,300
MZI_null,MZI,MZI_null_00791,-0.19897081924666243,1.1419531198643451,2.5087699772833205,0.0,0.0,300
MZI_null,MZI,MZI_null_00792,-0.034408611610204164,-2.1304308494415873,-5.593322507667167,0.0,0.0,300
MZI_null,MZI,MZI_null_00793,0.07713821340267522,-0.28382767485756766,-1.186573050997933,0.0,0.0,300
MZI_null,MZI,MZI_null_00794,0.1686530039805754,-3.0022316929398216,0.6938177776808008,0.0,0.0,300
MZI_null,MZI,MZI_null_00795,-0.15294965080381734,-2.0706564526227145,-1.5230627737085074,0.0,0.0,300
MZI_null,MZI,MZI_null_00796,0.033796188306141235,-3.1085807865000756,-1.3944177870150034,0.0,0.0,300
MZI_null,MZI,MZI_null_00797,0.12390707571622595,-3.310292711714652,-5.819731302216038,0.0,0.0,300
MZI_null,MZI,MZI_null_00798,0.2624375856308131,2.1443622360714594,-4.876788085316856,0.0,0.0,300
MZI_null,MZI,MZI_null_00799,0.10345617078677916,-3.508924311654029,-0.2095383540068213,0.0,0.0,300
MZI_null,MZI,MZI_null_00800,0.044133619352024055,-2.703223400948966,-3.3512969967591895,0.0,0.0,300
MZI_null,MZI,MZI_null_00801,-0.1035811578474389,-4.748575746443727,-3.495466624691334,0.0,0.0,300
MZI_null,MZI,MZI_null_00802,-0.010076743507403289,-4.147279967332255,1.0461561971378597,0.0,0.0,300
MZI_null,MZI,MZI_null_00803,0.2230869233003891,-3.740159724110129,-0.2817864983938688,0.0,0.0,300
MZI_null,MZI,MZI_null_00804,0.07495276654544007,-0.5839931872421769,-0.7721341962517378,0.0,0.0,300
MZI_null,MZI,MZI_null_00805,0.11140236275395836,-0.5532531419580284,-4.7129872669818935,0.0,0.0,300
MZI_null,MZI,MZI_null_00806,0.13037340965839098,0.661872511800226,-3.2898583125357446,0.0,0.0,300
MZI_null,MZI,MZI_null_00807,0.005690675317140304,0.04998697843320832,-1.6279414587380847,0.0,0.0,300
MZI_null,MZI,MZI_null_00808,0.16094670716490175,5.091617483858082,-3.3579580979049473,0.0,0.0,300
MZI_null,MZI,MZI_null_00809,-0.20715669047306623,-1.0885442131853729,1.1646875153784304,0.0,0.0,300
MZI_null,MZI,MZI_null_00810,-0.034629956076715346,2.3597819899631034,-5.015817399169746,0.0,0.0,300
MZI_null,MZI,MZI_null_00811,0.10393779345474166,-3.81758246227668,4.15813371862189,0.0,0.0,300
MZI_null,MZI,MZI_null_00812,0.29887730297521775,-4.2999697633500436,-2.6486714077257405,0.0,0.0,300
MZI_null,MZI,MZI_null_00813,0.12893818304697027,-3.161391949368544,-1.1362336537967146,0.0,0.0,300
MZI_null,MZI,MZI_null_00814,0.003808263081361527,-7.759019468592969,-1.0415132382827117,0.0,0.0,300
MZI_null,MZI,MZI_null_00815,-0.10345916610962608,-3.479368467199316,3.330896010406443,0.0,0.0,300
MZI_null,MZI,MZI_null_00816,-0.18847603414188843,0.439615560243932,-1.8368887909954257,0.0,0.0,300
MZI_null,MZI,MZI_null_00817,-0.04196402527437516,0.37111568815513385,0.02015388370667126,0.0,0.0,300
MZI_null,MZI,MZI_null_00818,0.08559194958292964,0.9045539815985832,-1.9939251495499681,0.0,0.0,300
MZI_null,MZI,MZI_null_00819,-0.09183551017616254,-5.2554515796733945,-3.4762315899368654,0.0,0.0,300
MZI_null,MZI,MZI_null_00820,0.4423641637963088,1.7340387422103603,-5.0532230986240645,0.0,0.0,300
MZI_null,MZI,MZI_null_00821,-0.19836869351153552,-0.5544018148445256,0.6417943921339009,0.0,0.0,300
MZI_null,MZI,MZI_null_00822,0.08233257529760465,-2.7648673806610935,-1.3763627800087006,0.0,0.0,300
MZI_null,MZI,MZI_null_00823,0.04918192862390361,-1.7423209811200087,-7.657901118242606,0.0,0.0,300
MZI_null,MZI,MZI_null_00824,-0.03446994458627907,-4.554219302780941,-0.4743657432744639,0.0,0.0,300
MZI_null,MZI,MZI_null_00825,0.4477888503905115,-0.8975550035770867,-1.9405890585171937,0.0,0.0,300
MZI_null,MZI,MZI_null_00826,0.13827022529658783,-0.5519363383723619,0.26028347135552377,0.0,0.0,300
MZI_null,MZI,MZI_null_00827,0.09102758898235065,4.169630694488625,-4.392665305977747,0.0,0.0,300
MZI_null,MZI,MZI_null_00828,0.07104481152171817,-4.779143389944615,0.6665379390267447,0.0,0.0,300
MZI_null,MZI,MZI_null_00829,-0.13780297672291414,-3.252100440815253,-1.885269742713719,0.0,0.0,300
MZI_null,MZI,MZI_null_00830,0.14637250790170636,0.7553633318272412,-4.737152129339154,0.0,0.0,300
MZI_null,MZI,MZI_null_00831,0.008240116649977309,-4.1287395642475175,-4.775514732026004,0.0,0.0,300
MZI_null,MZI,MZI_null_00832,-0.03255255756365556,-2.9254483653674592,6.280149459036567,0.0,0.0,300
MZI_null,MZI,MZI_null_00833,0.06494397380410442,-6.132852502262712,-2.694322012512827,0.0,0.0,300
MZI_null,MZI,MZI_null_00834,0.15320749431440975,4.265328318609775,-5.7579499367138745,0.0,0.0,300
MZI_null,MZI,MZI_null_00835,-0.28198865777085674,3.612895526115347,0.1688425321127116,0.0,0.0,300
MZI_null,MZI,MZI_null_00836,-0.13024390978145498,-0.39611274163269394,-8.907243217050633,0.0,0.0,300
MZI_null,MZI,MZI_null_00837,0.0005063259895741498,-1.0165364814707443,1.7728104186134894,0.0,0.0,300
MZI_null,MZI,MZI_null_00838,-0.15208439284388064,-1.7429385157899229,-3.776273878178762,0.0,0.0,300
MZI_null,MZI,MZI_null_00839,0.038307563351147565,-4.686038967089072,-2.2243025174806617,0.0,0.0,300
MZI_null,MZI,MZI_null_00840,-0.14937230921853437,-0.04659127452902889,1.5753533499699959,0.0,0.0,300
MZI_null,MZI,MZI_null_00841,-0.03519308549361207,-1.885286015119915,-5.345774243900633,0.0,0.0,300
MZI_null,MZI,MZI_null_00842,-0.044951497201018056,-2.150613851125234,6.862379273089925,0.0,0.0,300
MZI_null,MZI,MZI_null_00843,-0.16679505386612453,2.392531716257312,1.990576320397424,0.0,0.0,300
MZI_null,MZI,MZI_null_00844,0.042095460673520456,3.2758614525854,0.11631641782058866,0.0,0.0,300
MZI_null,MZI,MZI_null_00845,0.058373879350189305,-2.159361959052636,2.6707066472558827,0.0,0.0,300
MZI_null,MZI,MZI_null_00846,0.16447038507163256,-3.8770318624886375,-4.957741583796302,0.0,0.0,300
MZI_null,MZI,MZI_null_00847,-0.03044709560934856,-4.400115693192939,-1.1905737238460654,0.0,0.0,300
MZI_null,MZI,MZI_null_00848,0.18561572020262088,-3.37190496526037,-1.1284701439347247,0.0,0.0,300
MZI_null,MZI,MZI_null_00849,0.008703410221259283,0.5452926466158541,-7.740668001953816,0.0,0.0,300
MZI_null,MZI,MZI_null_00850,-0.09100504421479451,-1.3661489231615818,2.6002368692805837,0.0,0.0,300
MZI_null,MZI,MZI_null_00851,-0.07378536712593077,-7.629658118125622,0.8591343378984089,0.0,0.0,300
MZI_null,MZI,MZI_null_00852,-0.0953043583238444,-5.568999977271083,-2.873036169139672,0.0,0.0,300
MZI_null,MZI,MZI_null_00853,-0.02767880364837743,-3.8142339936146383,-7.616698171297207,0.0,0.0,300
MZI_null,MZI,MZI_null_00854,0.13455992953306983,1.8246251238361664,0.9545659740185171,0.0,0.0,300
MZI_null,MZI,MZI_null_00855,-0.17065285056372248,-2.604474601842554,-1.0195639456883743,0.0,0.0,300
MZI_null,MZI,MZI_null_00856,0.08981915843428653,0.005021466154242482,-3.202521396335487,0.0,0.0,300
MZI_null,MZI,MZI_null_00857,0.012299333462034063,-0.6281587861542768,3.3674669664402996,0.0,0.0,300
MZI_null,MZI,MZI_null_00858,0.10567598097370846,0.367170062126557,-0.7485201162119172,0.0,0.0,300
MZI_null,MZI,MZI_null_00859,0.21156887178052555,-0.7707116121215078,-3.583263730520711,0.0,0.0,300
MZI_null,MZI,MZI_null_00860,0.2105054955187786,0.09370981761708297,-2.3291320633854466,0.0,0.0,300
MZI_null,MZI,MZI_null_00861,-0.0719239451098865,-1.1102733645777145,0.38955438580275414,0.0,0.0,300
MZI_null,MZI,MZI_null_00862,0.029593839844680964,-1.0660739796713454,4.099872123729142,0.0,0.0,300
MZI_null,MZI,MZI_null_00863,0.16073147283523284,-1.428093226204927,1.8239317423024497,0.0,0.0,300
MZI_null,MZI,MZI_null_00864,-0.15487858552913092,-0.8062188501595733,4.42791904919933,0.0,0.0,300
MZI_null,MZI,MZI_null_00865,-0.03270688430885608,-4.5429017858572545,-2.9562666657791823,0.0,0.0,300
MZI_null,MZI,MZI_null_00866,-0.16344495560135824,-4.354285724383111,-2.111524295770087,0.0,0.0,300
MZI_null,MZI,MZI_null_00867,-0.2108350528767963,-1.9531449981511908,1.7068315213599417,0.0,0.0,300
MZI_null,MZI,MZI_null_00868,-0.13616342702203804,2.557851770925306,0.5323762655827842,0.0,0.0,300
MZI_null,MZI,MZI_null_00869,0.15458708784360858,-3.9735036615564114,1.563575681199847,0.0,0.0,300
MZI_null,MZI,MZI_null_00870,-0.16379008505929696,0.6707425025095262,-0.4844819806194063,0.0,0.0,300
MZI_null,MZI,MZI_null_00871,0.08298768299771754,-5.526783816874555,-3.685209526829814,0.0,0.0,300
MZI_null,MZI,MZI_null_00872,0.08958423273800771,-4.845044012672602,0.38961887629736913,0.0,0.0,300
MZI_null,MZI,MZI_null_00873,-0.20507067096903686,0.5445226380000046,-4.697569944305528,0.0,0.0,300
MZI_null,MZI,MZI_null_00874,0.08284499065192848,-0.12310719906199741,-3.090315455288725,0.0,0.0,300
MZI_null,MZI,MZI_null_00875,0.08730398506270903,-1.218673209999332,-2.616525568578215,0.0,0.0,300
MZI_null,MZI,MZI_null_00876,-0.15128320261143122,-7.887877075017737,0.04895014189908098,0.0,0.0,300
MZI_null,MZI,MZI_null_00877,-0.23472041570430827,-1.7139674016760753,-1.7903446482467473,0.0,0.0,300
MZI_null,MZI,MZI_null_00878,0.10187141631572931,-2.9061364984695928,-1.988343359041274,0.0,0.0,300
MZI_null,MZI,MZI_null_00879,0.10978060564324434,-0.9948259127476473,-0.051532128451665216,0.0,0.0,300
MZI_null,MZI,MZI_null_00880,0.07039013847127894,-6.606716369621317,1.2703660399609458,0.0,0.0,300
MZI_null,MZI,MZI_null_00881,0.09187031910204034,-5.0500493857294915,-1.732241421022604,0.0,0.0,300
MZI_null,MZI,MZI_null_00882,-0.005896093144144678,-2.403490353205198,0.0015798997056040154,0.0,0.0,300
MZI_null,MZI,MZI_null_00883,0.21470501727467753,1.245300183018486,-4.936657580294218,0.0,0.0,300
MZI_null,MZI,MZI_null_00884,0.0933104985459073,1.9867999586062286,0.16042556206760783,0.0,0.0,300
MZI_null,MZI,MZI_null_00885,0.16364706377789504,4.036811337102296,2.0711286383209444,0.0,0.0,300
MZI_null,MZI,MZI_null_00886,0.037396289346259326,1.1352654222542604,-0.5653365007093265,0.0,0.0,300
MZI_null,MZI,MZI_null_00887,0.0035854564927433204,-3.0542427071411975,3.690240076496325,0.0,0.0,300
MZI_null,MZI,MZI_null_00888,-0.1227642998913002,2.5971031740343484,0.4995923712211141,0.0,0.0,300
MZI_null,MZI,MZI_null_00889,-0.2098959262202912,-0.8970521210257352,-7.3000795229548725,0.0,0.0,300
MZI_null,MZI,MZI_null_00890,0.09382620252465536,0.6556944489669729,-2.777067866956161,0.0,0.0,300
MZI_null,MZI,MZI_null_00891,0.01853215439333735,3.8624723012508593,-2.51724011278581,0.0,0.0,300
MZI_null,MZI,MZI_null_00892,-0.15883613805849006,2.4449902073877965,4.887761571592384,0.0,0.0,300
MZI_null,MZI,MZI_null_00893,0.0005543507771770988,1.0343891062250687,3.024427746592643,0.0,0.0,300
MZI_null,MZI,MZI_null_00894,-0.1113726348807576,-3.4559175061036047,2.692623539464205,0.0,0.0,300
MZI_null,MZI,MZI_null_00895,0.2527521418062764,-0.3113574194769355,-3.6394430605061627,0.0,0.0,300
MZI_null,MZI,MZI_null_00896,0.29805916675491617,-3.5929126934358937,-2.0054133435143555,0.0,0.0,300
MZI_null,MZI,MZI_null_00897,0.051350675173443217,2.662481262144322,1.561927929656671,0.0,0.0,300
MZI_null,MZI,MZI_null_00898,0.062229825054286564,-0.6101344096456813,-0.8694559940696018,0.0,0.0,300
MZI_null,MZI,MZI_null_00899,0.08372092717777595,-9.58868023308291,-1.889822377209395,0.0,0.0,300
MZI_null,MZI,MZI_null_00900,0.036198290237517146,-5.4530422508585215,0.15896995343468,0.0,0.0,300
MZI_null,MZI,MZI_null_00901,-0.030670683147918227,3.2664270949464704,3.719059175644569,0.0,0.0,300
MZI_null,MZI,MZI_null_00902,-0.06987083536772443,-2.452513134700086,-1.2218426968251777,0.0,0.0,300
MZI_null,MZI,MZI_null_00903,-0.0677489214239434,-1.4149250479156197,-3.2748462066627706,0.0,0.0,300
MZI_null,MZI,MZI_null_00904,-0.16959230024062893,-0.1318663282991943,0.8885887526654326,0.0,0.0,300
MZI_null,MZI,MZI_null_00905,-0.12064736394899885,0.6860662922877987,-2.8947331874959943,0.0,0.0,300
MZI_null,MZI,MZI_null_00906,0.03797478570569718,0.46103203783736824,-1.100837694111139,0.0,0.0,300
MZI_null,MZI,MZI_null_00907,0.06821113682117015,-3.549288931662715,-1.5893997502842914,0.0,0.0,300
MZI_null,MZI,MZI_null_00908,-0.030878914632051054,-4.239735039620717,-1.5303224893473462,0.0,0.0,300
MZI_null,MZI,MZI_null_00909,-0.232292744829562,-3.473461241426314,-1.8546264801090124,0.0,0.0,300
MZI_null,MZI,MZI_null_00910,-0.03842696287430702,-2.7244923376123364,-1.1852925995803867,0.0,0.0,300
MZI_null,MZI,MZI_null_00911,0.07191622771290958,0.6235512223975679,-2.949295680544801,0.0,0.0,300
MZI_null,MZI,MZI_null_00912,-0.18048012830837165,-5.126133236729309,-2.461608763584781,0.0,0.0,300
MZI_null,MZI,MZI_null_00913,-0.05278819767247636,-4.309988198592372,-4.888349992749683,0.0,0.0,300
MZI_null,MZI,MZI_null_00914,-0.06841812412112823,-1.4557201396580859,0.7850883975066942,0.0,0.0,300
MZI_null,MZI,MZI_null_00915,-0.08361345796624818,-3.238993466430302,-3.780094926541932,0.0,0.0,300
MZI_null,MZI,MZI_null_00916,-0.004715875556216463,-4.545285902572443,0.7193834397236003,0.0,0.0,300
MZI_null,MZI,MZI_null_00917,-0.2678799737901167,-3.0788890173573873,-0.09667798242477366,0.0,0.0,300
MZI_null,MZI,MZI_null_00918,0.027575177448375652,6.079100991941489,0.04940007370372257,0.0,0.0,300
MZI_null,MZI,MZI_null_00919,-0.15060818952630153,-2.286392741267219,-6.328739000399356,0.0,0.0,300
MZI_null,MZI,MZI_null_00920,-0.01208996239451413,-4.499168171002276,1.7461708266804852,0.0,0.0,300
MZI_null,MZI,MZI_null_00921,-0.08243104118933023,-2.35029774738574,-2.9066735242132102,0.0,0.0,300
MZI_null,MZI,MZI_null_00922,0.26082770277799966,-2.963728298353735,4.497671130437605,0.0,0.0,300
MZI_null,MZI,MZI_null_00923,0.12212276431773998,-0.5537998179938417,0.10619944195255915,0.0,0.0,300
MZI_null,MZI,MZI_null_00924,0.059069594732437725,-7.78301773803683,-1.8366501824522696,0.0,0.0,300
MZI_null,MZI,MZI_null_00925,0.12677369567764823,-2.1466915504223167,-5.215569540410725,0.0,0.0,300
MZI_null,MZI,MZI_null_00926,-0.007860667586620417,3.112316548766474,2.7406751466041586,0.0,0.0,300
MZI_null,MZI,MZI_null_00927,-0.009300601404904761,0.8543478311742598,-2.0995210611041557,0.0,0.0,300
MZI_null,MZI,MZI_null_00928,-0.2555807380240078,-4.773397964388663,3.6886663055245936,0.0,0.0,300
MZI_null,MZI,MZI_null_00929,-0.04109896227439563,-2.7301519381250543,-1.8995145888246416,0.0,0.0,300
MZI_null,MZI,MZI_null_00930,0.285620488435951,2.87787674608619,5.656340700344401,0.0,0.0,300
MZI_null,MZI,MZI_null_00931,-0.023856781560007694,-1.1131265337587148,-5.549927648262374,0.0,0.0,300
MZI_null,MZI,MZI_null_00932,0.22154016391774115,-5.503338653803805,-0.34967330871211266,0.0,0.0,300
MZI_null,MZI,MZI_null_00933,-0.1645953791449266,-3.766600480216088,-3.511787293149101,0.0,0.0,300
MZI_null,MZI,MZI_null_00934,-0.09118128910137267,-3.617368109446936,-2.6448063847752312,0.0,0.0,300
MZI_null,MZI,MZI_null_00935,0.12500008676704608,-5.31458837918756,-0.33837571895839935,0.0,0.0,300
MZI_null,MZI,MZI_null_00936,0.18269387284583374,-3.539589093540188,-3.1537566722428054,0.0,0.0,300
MZI_null,MZI,MZI_null_00937,-0.03457869377703762,1.5391756250821302,-0.4176771071399269,0.0,0.0,300
MZI_null,MZI,MZI_null_00938,-0.07968214419113977,-0.5483700464358807,-4.30687644950927,0.0,0.0,300
MZI_null,MZI,MZI_null_00939,0.10220392656644219,-0.7741780768946971,-1.9234254134166524,0.0,0.0,300
MZI_null,MZI,MZI_null_00940,-0.12578786976708464,-4.660042766850372,0.6044520090377308,0.0,0.0,300
MZI_null,MZI,MZI_null_00941,0.1843470753733593,-3.9119232410863845,0.37516011065445287,0.0,0.0,300
MZI_null,MZI,MZI_null_00942,-0.3130540527903103,-3.753853191971599,-1.093176798612706,0.0,0.0,300
MZI_null,MZI,MZI_null_00943,-0.13645251254727503,-4.809519124368788,-3.0033386694066584,0.0,0.0,300
MZI_null,MZI,MZI_null_00944,0.04382890924895597,-2.561987055219124,-7.714693699974916,0.0,0.0,300
MZI_null,MZI,MZI_null_00945,-0.31810502289525994,-3.8205955335715265,0.37305975816065606,0.0,0.0,300
MZI_null,MZI,MZI_null_00946,-0.4121257264087852,-3.499190528454892,-2.5787435695522634,0.0,0.0,300
MZI_null,MZI,MZI_null_00947,0.20825066673126716,-3.155065435138591,0.14896695422278539,0.0,0.0,300
MZI_null,MZI,MZI_null_00948,0.021188571013119484,-8.391699439421602,1.304621649895212,0.0,0.0,300
MZI_null,MZI,MZI_null_00949,0.03230947581844319,-0.47519408097623117,10.77871311930898,0.0,0.0,300
MZI_null,MZI,MZI_null_00950,-0.31261694092478826,3.174089949283325,-1.8623425582010666,0.0,0.0,300
MZI_null,MZI,MZI_null_00951,0.04309933566045139,-2.1365367359037264,-2.272709000194131,0.0,0.0,300
MZI_null,MZI,MZI_null_00952,-0.08547493923581381,-1.0114737932809725,-5.551521090015037,0.0,0.0,300
MZI_null,MZI,MZI_null_00953,0.11258687512826483,-3.2485832146557616,-4.390208017121074,0.0,0.0,300
MZI_null,MZI,MZI_null_00954,-0.06750192869937205,1.7714476505877186,-2.6060052610486695,0.0,0.0,300
MZI_null,MZI,MZI_null_00955,0.05376804273144303,-4.19286882714642,1.2737655497708587,0.0,0.0,300
MZI_null,MZI,MZI_null_00956,0.10282616081853062,3.545826499889234,-1.5266918364976465,0.0,0.0,300
MZI_null,MZI,MZI_null_00957,0.10029822071368599,-1.7057973813831664,2.887615345589043,0.0,0.0,300
MZI_null,MZI,MZI_null_00958,-0.10782485814130956,0.2350159386318431,-1.584091888350045,0.0,0.0,300
MZI_null,MZI,MZI_null_00959,-0.009628226566274663,-1.7247425466548814,-0.24327881071996782,0.0,0.0,300
MZI_null,MZI,MZI_null_00960,-0.017434356468293725,-1.355860450488421,3.7343541726865537,0.0,0.0,300
MZI_null,MZI,MZI_null_00961,0.14781745284228276,0.6074637774906897,-2.3666185780716122,0.0,0.0,300
MZI_null,MZI,MZI_null_00962,-0.13338612423424864,0.8659016747132586,1.6281403775893826,0.0,0.0,300
MZI_null,MZI,MZI_null_00963,0.2209006013626473,-3.811941877907689,-1.6886459660810411,0.0,0.0,300
MZI_null,MZI,MZI_null_00964,-0.24592262437881512,-3.1774133181826185,1.9897115317383416,0.0,0.0,300
MZI_null,MZI,MZI_null_00965,-0.06997430688422969,-0.07856061439752882,-1.571509317993434,0.0,0.0,300
MZI_null,MZI,MZI_null_00966,0.04860855423323409,-5.4430741694470015,-0.7443716510982968,0.0,0.0,300
MZI_null,MZI,MZI_null_00967,-0.44867039563510847,-2.5606884744859544,-5.891419731145421,0.0,0.0,300
MZI_null,MZI,MZI_null_00968,0.1808991774820224,0.3322220582935338,0.4000129458982431,0.0,0.0,300
MZI_null,MZI,MZI_null_00969,0.228150934073907,-4.846749562474512,4.242089593746675,0.0,0.0,300
MZI_null,MZI,MZI_null_00970,0.1398287346390577,-2.709665861656838,2.406860441548832,0.0,0.0,300
MZI_null,MZI,MZI_null_00971,-0.16594402686174511,-4.473542484583021,-2.825769169719101,0.0,0.0,300
MZI_null,MZI,MZI_null_00972,-0.07934665620960228,-5.169672928280758,2.669249201285975,0.0,0.0,300
MZI_null,MZI,MZI_null_00973,-0.03882816005547474,-0.9424850949293613,-2.711054099241042,0.0,0.0,300
MZI_null,MZI,MZI_null_00974,-0.27309049508227756,-1.1898279248257337,-6.7367649262593305,0.0,0.0,300
MZI_null,MZI,MZI_null_00975,-0.010295106912820292,-6.104945116498431,4.961827997692424,0.0,0.0,300
MZI_null,MZI,MZI_null_00976,0.13670440832620825,-1.6827386261855588,2.791120032964006,0.0,0.0,300
MZI_null,MZI,MZI_null_00977,-0.12694739661986038,-0.36956186398972113,-0.4005686988438595,0.0,0.0,300
MZI_null,MZI,MZI_null_00978,0.0396030122000505,1.8170605003203035,1.1974763083394069,0.0,0.0,300
MZI_null,MZI,MZI_null_00979,0.043308549423753485,-6.964662308684888,-3.880138885838391,0.0,0.0,300
MZI_null,MZI,MZI_null_00980,-0.01840634003935862,-1.7198828771700463,-4.390611174021771,0.0,0.0,300
MZI_null,MZI,MZI_null_00981,0.36175150133676315,2.549182165760719,0.8063549611774503,0.0,0.0,300
MZI_null,MZI,MZI_null_00982,0.010805529192561713,-2.636626909703455,-3.855755380066707,0.0,0.0,300
MZI_null,MZI,MZI_null_00983,0.01162207777782938,-1.226742379571748,-4.725281726444873,0.0,0.0,300
MZI_null,MZI,MZI_null_00984,0.050126462586734616,-2.465777146474246,-6.723422673632173,0.0,0.0,300
MZI_null,MZI,MZI_null_00985,-0.1290577516169253,-3.2408166002649326,4.663062972020571,0.0,0.0,300
MZI_null,MZI,MZI_null_00986,0.08348296868006372,-6.006444707299674,0.4581088682529111,0.0,0.0,300
MZI_null,MZI,MZI_null_00987,-0.23209559834075483,1.2480731616612202,-2.4133739554536358,0.0,0.0,300
MZI_null,MZI,MZI_null_00988,-0.014045428310875626,1.9773899426265702,-4.86149070575275,0.0,0.0,300
MZI_null,MZI,MZI_null_00989,-0.20956772776694868,-3.7507979790380146,2.11513655305795,0.0,0.0,300
MZI_null,MZI,MZI_null_00990,-0.22790191132152635,-10.496466794331706,-2.3534765752269964,0.0,0.0,300
MZI_null,MZI,MZI_null_00991,0.08276111998663806,1.6007852492164876,-2.3894840862561972,0.0,0.0,300
MZI_null,MZI,MZI_null_00992,-0.06171399106740036,1.461702202767242,-6.609225099086261,0.0,0.0,300
MZI_null,MZI,MZI_null_00993,-0.058278116277451386,-1.4287283302248268,0.3476561638551028,0.0,0.0,300
MZI_null,MZI,MZI_null_00994,-0.07647100397863238,-1.896676964882476,-8.464982060238968,0.0,0.0,300
MZI_null,MZI,MZI_null_00995,-0.09873726185007725,-0.6394738623365979,-3.9468821027640386,0.0,0.0,300
MZI_null,MZI,MZI_null_00996,0.008847633238439605,-0.6593824975919058,-2.027647602573295,0.0,0.0,300
MZI_null,MZI,MZI_null_00997,0.025569565649485634,-4.888197695853837,-1.61983383908814,0.0,0.0,300
MZI_null,MZI,MZI_null_00998,0.09153242543838337,-1.5290811170946974,-2.7595938086918066,0.0,0.0,300
MZI_null,MZI,MZI_null_00999,0.03363246064361895,0.14382937190985423,-7.149823835732434,0.0,0.0,300
MZI_null,MZI,MZI_null_01000,0.17386110974338465,-3.008764216043216,0.27646979972069086,0.0,0.0,300
MZI_null,MZI,MZI_null_01001,0.17958703854678418,-6.115021091691398,-3.12832300728264,0.0,0.0,300
MZI_null,MZI,MZI_null_01002,-0.04328230438135572,-4.351260563373285,4.204809727510425,0.0,0.0,300
MZI_null,MZI,MZI_null_01003,-0.1285158140740189,-3.6666403384605997,-0.3868329051910697,0.0,0.0,300
MZI_null,MZI,MZI_null_01004,-0.1803224289114133,-3.1870421352687917,-0.047640216249474565,0.0,0.0,300
MZI_null,MZI,MZI_null_01005,-0.049929060657376685,-2.2801605766998447,-2.5879963373451127,0.0,0.0,300
MZI_null,MZI,MZI_null_01006,-0.22717054637711503,-1.0352203659822843,4.264799214941725,0.0,0.0,300
MZI_null,MZI,MZI_null_01007,0.0027602446175157194,-1.3242076482573515,1.0781682653505782,0.0,0.0,300
MZI_null,MZI,MZI_null_01008,-0.19039957448200487,3.1075439743888165,-0.3930136107315939,0.0,0.0,300
MZI_null,MZI,MZI_null_01009,0.24477853486336631,-4.199098986571968,4.454185767673474,0.0,0.0,300
MZI_null,MZI,MZI_null_01010,0.11627332410521746,-0.3408797424429246,-0.2979266369405562,0.0,0.0,300
MZI_null,MZI,MZI_null_01011,-0.0372792927111674,1.6015949754216177,-0.5789203904558591,0.0,0.0,300
MZI_null,MZI,MZI_null_01012,-0.2950604555380728,-5.351559385121007,-1.557537256578242,0.0,0.0,300
MZI_null,MZI,MZI_null_01013,0.04649984747483326,-2.1697654666996877,2.65691236938099,0.0,0.0,300
MZI_null,MZI,MZI_null_01014,-0.2926652796057937,-1.5692361904845193,-6.453937676161464,0.0,0.0,300
MZI_null,MZI,MZI_null_01015,0.11395684432262526,-2.2833761433260085,0.2588299160723544,0.0,0.0,300
MZI_null,MZI,MZI_null_01016,-0.12958244408846492,1.8383947949732535,2.125173992176554,0.0,0.0,300
MZI_null,MZI,MZI_null_01017,0.08753164545178314,-2.388551740590322,0.7395718558853965,0.0,0.0,300
MZI_null,MZI,MZI_null_01018,-0.10603388519810233,0.5666669770621362,3.9484426829717627,0.0,0.0,300
MZI_null,MZI,MZI_null_01019,0.16059158399687792,-4.188807409422228,0.08425195181930878,0.0,0.0,300
MZI_null,MZI,MZI_null_01020,-0.19397123156379717,-0.2828290664729729,0.3518102385876165,0.0,0.0,300
MZI_null,MZI,MZI_null_01021,-0.2804724509298246,-5.485351531737091,-1.8494166902313014,0.0,0.0,300
MZI_null,MZI,MZI_null_01022,-0.045128962071123935,-5.628430806256416,0.1669361880565512,0.0,0.0,300
MZI_null,MZI,MZI_null_01023,0.03772104134107681,-2.582807395935558,-3.2673745004750887,0.0,0.0,300
MZI_null,MZI,MZI_null_01024,0.15730606896248453,2.9662213392648855,-2.4506844515396113,0.0,0.0,300
MZI_null,MZI,MZI_null_01025,-0.0918250375732231,-0.5263770037640112,-2.074088139240959,0.0,0.0,300
MZI_null,MZI,MZI_null_01026,-0.020909580099485122,0.21895945517401394,-6.728068262521878,0.0,0.0,300
MZI_null,MZI,MZI_null_01027,0.1977453487279004,-1.781958427011976,-2.234479433686541,0.0,0.0,300
MZI_null,MZI,MZI_null_01028,-0.013385123133217339,-2.112711934938444,-6.193603910334776,0.0,0.0,300
MZI_null,MZI,MZI_null_01029,0.22424073411798537,-1.8760231031881447,0.3290063913421255,0.0,0.0,300
MZI_null,MZI,MZI_null_01030,0.14273246558610642,-5.063487372680901,0.4204156971056854,0.0,0.0,300
MZI_null,MZI,MZI_null_01031,-0.040146163634819036,0.5403123256494808,-7.381682261054486,0.0,0.0,300
MZI_null,MZI,MZI_null_01032,-0.01486414503619035,-3.8084619673518847,0.2967888519024664,0.0,0.0,300
MZI_null,MZI,MZI_null_01033,0.07050662810523031,-4.122877684466078,-3.1365215925281307,0.0,0.0,300
MZI_null,MZI,MZI_null_01034,-0.016599805283599417,-4.689926681945624,1.5259510863563808,0.0,0.0,300
MZI_null,MZI,MZI_null_01035,-0.05538108006711692,-10.720964657964924,-2.1244661698654186,0.0,0.0,300
MZI_null,MZI,MZI_null_01036,-0.15578157312659585,-6.893827446382836,-4.712279914667717,0.0,0.0,300
MZI_null,MZI,MZI_null_01037,0.01641127077494551,1.9859224847446937,-0.06044657840506007,0.0,0.0,300
MZI_null,MZI,MZI_null_01038,-0.09097550823236095,-0.6322874144878918,-2.3772709306569753,0.0,0.0,300
MZI_null,MZI,MZI_null_01039,-0.1041900553744717,-5.463088004698953,-6.255486420255157,0.0,0.0,300
MZI_null,MZI,MZI_null_01040,-0.05848855598391679,-1.5258395302396044,-1.2898710100446693,0.0,0.0,300
MZI_null,MZI,MZI_null_01041,-0.06239503919210379,-4.837238182090344,0.8247385750549054,0.0,0.0,300
MZI_null,MZI,MZI_null_01042,-0.19756978799198774,0.32808374153042585,-4.006651056780174,0.0,0.0,300
MZI_null,MZI,MZI_null_01043,-0.11286528560295524,-6.400355571847031,-2.50420644065691,0.0,0.0,300
MZI_null,MZI,MZI_null_01044,0.14629686877169681,-0.4531157346681307,1.9352663360841054,0.0,0.0,300
MZI_null,MZI,MZI_null_01045,0.07832138189009037,-5.311009485591107,-1.992367672982672,0.0,0.0,300
MZI_null,MZI,MZI_null_01046,-0.1170298693676194,1.9917247121171204,-4.590365939278935,0.0,0.0,300
MZI_null,MZI,MZI_null_01047,0.13405465340836661,0.6788616103263077,4.488860605148261,0.0,0.0,300
MZI_null,MZI,MZI_null_01048,-0.061452988894424604,0.1369664787404865,5.844955509616528,0.0,0.0,300
MZI_null,MZI,MZI_null_01049,-0.0926462515400545,-6.605120742597079,-6.640030101723291,0.0,0.0,300
MZI_null,MZI,MZI_null_01050,0.1069068043291997,-7.649450624175751,-2.1169571588137686,0.0,0.0,300
MZI_null,MZI,MZI_null_01051,0.06559697805584411,-1.4444733895102577,0.2763345925525167,0.0,0.0,300
MZI_null,MZI,MZI_null_01052,0.033343478370128105,1.8365974399401797,-3.856949142216391,0.0,0.0,300
MZI_null,MZI,MZI_null_01053,-0.10154927076877969,-4.317978335812472,1.4905754355878305,0.0,0.0,300
MZI_null,MZI,MZI_null_01054,0.13505978825925954,-0.6463240420444754,2.550481000669784,0.0,0.0,300
MZI_null,MZI,MZI_null_01055,-0.1767061301064571,3.001672334653411,3.569715865136775,0.0,0.0,300
MZI_null,MZI,MZI_null_01056,0.11034329958686201,3.3453967263131794,-5.969869623033322,0.0,0.0,300
MZI_null,MZI,MZI_null_01057,-0.07866722043939778,-4.205910382045857,1.1644379712720299,0.0,0.0,300
MZI_null,MZI,MZI_null_01058,-0.15752111094032184,0.27248544801245655,3.11160843199014,0.0,0.0,300
MZI_null,MZI,MZI_null_01059,0.1042804350125999,-1.1487469290154966,-3.963620022702248,0.0,0.0,300
MZI_null,MZI,MZI_null_01060,-0.1270276449188047,1.7488567158899997,1.338047011715997,0.0,0.0,300
MZI_null,MZI,MZI_null_01061,-0.005852927906631617,-3.2537286372976717,-7.07742361933413,0.0,0.0,300
MZI_null,MZI,MZI_null_01062,-0.1606278628026658,3.7342572614191702,-4.8413667130074005,0.0,0.0,300
MZI_null,MZI,MZI_null_01063,0.028421973183162096,1.0223319195855955,-4.764768004006878,0.0,0.0,300
MZI_null,MZI,MZI_null_01064,0.027706571217162492,0.8137466125319652,-0.962502034278249,0.0,0.0,300
MZI_null,MZI,MZI_null_01065,0.43026045835001525,-7.005797776634585,2.1761855896516367,0.0,0.0,300
MZI_null,MZI,MZI_null_01066,-0.025920260609469656,0.31576046451002515,0.3239214550977376,0.0,0.0,300
MZI_null,MZI,MZI_null_01067,-0.10997342956649948,-1.3130108226219792,-6.573704354194861,0.0,0.0,300
MZI_null,MZI,MZI_null_01068,0.09048712508570907,-1.105524602028423,0.9159805059293071,0.0,0.0,300
MZI_null,MZI,MZI_null_01069,0.1587177487630725,-0.8971404793708673,-0.5557317406051714,0.0,0.0,300
MZI_null,MZI,MZI_null_01070,-0.13216025049919383,-4.136662290947153,2.560203860531993,0.0,0.0,300
MZI_null,MZI,MZI_null_01071,0.21545031085589678,-2.714331308936162,-0.8619917582401777,0.0,0.0,300
MZI_null,MZI,MZI_null_01072,-0.13569215624906492,1.5182705358023343,0.9962504710753359,0.0,0.0,300
MZI_null,MZI,MZI_null_01073,0.29118261546956237,-4.634969231539216,-2.1340236970546513,0.0,0.0,300
MZI_null,MZI,MZI_null_01074,0.034716888378835846,-0.060531386822687994,-1.6470029126428969,0.0,0.0,300
MZI_null,MZI,MZI_null_01075,-0.13094416356805505,0.6442225867707134,1.1634060876367451,0.0,0.0,300
MZI_null,MZI,MZI_null_01076,-0.13744111508455872,2.0663284033164873,2.510596127589811,0.0,0.0,300
MZI_null,MZI,MZI_null_01077,0.02014447458716893,-1.761206412871891,0.6621733133477214,0.0,0.0,300
MZI_null,MZI,MZI_null_01078,-0.12925546053843873,-1.9099055625077535,-7.457150633827541,0.0,0.0,300
MZI_null,MZI,MZI_null_01079,0.1314683468254403,-6.684479667325578,3.510259485286997,0.0,0.0,300
MZI_null,MZI,MZI_null_01080,-0.04951801409496755,-2.6350009457935304,-2.883201718253517,0.0,0.0,300
MZI_null,MZI,MZI_null_01081,-0.043205831088311455,2.25559403544411,-8.463425969605238,0.0,0.0,300
MZI_null,MZI,MZI_null_01082,0.19154480791322817,-0.9859295566948756,-4.621064943571646,0.0,0.0,300
MZI_null,MZI,MZI_null_01083,-0.16129685895738569,3.0291790816246094,-3.8365206398281937,0.0,0.0,300
MZI_null,MZI,MZI_null_01084,-0.1730025765893939,1.411943627094188,0.015658628857742718,0.0,0.0,300
MZI_null,MZI,MZI_null_01085,-0.14068883648045982,-1.350125073786143,-4.077258050920832,0.0,0.0,300
MZI_null,MZI,MZI_null_01086,0.16512320976339076,1.1841128946194006,0.5960185964658293,0.0,0.0,300
MZI_null,MZI,MZI_null_01087,0.05424915918705248,3.283564374602121,-1.0009410178353242,0.0,0.0,300
MZI_null,MZI,MZI_null_01088,-0.17728111881312017,-0.6515782615030794,5.258141148611341,0.0,0.0,300
MZI_null,MZI,MZI_null_01089,-0.1522139239778778,-3.084388300081957,0.24933811430435782,0.0,0.0,300
MZI_null,MZI,MZI_null_01090,-0.008085727350860872,-4.946910741131944,2.3655735686914126,0.0,0.0,300
MZI_null,MZI,MZI_null_01091,0.3480061083025889,-1.411605622928278,-3.712204869208001,0.0,0.0,300
MZI_null,MZI,MZI_null_01092,-0.23234407875802124,-1.2260720563364573,2.3116320299487727,0.0,0.0,300
MZI_null,MZI,MZI_null_01093,0.07127516197430724,-2.0072115227565615,-2.7678149553679186,0.0,0.0,300
MZI_null,MZI,MZI_null_01094,-0.16382454490771345,0.5042539789746465,1.7413148641567568,0.0,0.0,300
MZI_null,MZI,MZI_null_01095,-0.23185946800360996,2.769516934542052,0.7222136626820039,0.0,0.0,300
MZI_null,MZI,MZI_null_01096,0.209939196771869,-6.026383245455345,-5.097472466246317,0.0,0.0,300
MZI_null,MZI,MZI_null_01097,-0.022345396465094536,-0.4916467193144174,4.389082468780891,0.0,0.0,300
MZI_null,MZI,MZI_null_01098,0.10591183707226973,-2.7280438304361,-4.079107622997676,0.0,0.0,300
MZI_null,MZI,MZI_null_01099,0.1845000859078725,-4.894116277252144,3.8854056643169645,0.0,0.0,300
MZI_null,MZI,MZI_null_01100,-0.042657697440976396,2.7717462178535506,1.036793870177835,0.0,0.0,300
MZI_null,MZI,MZI_null_01101,-0.02054932341636874,-3.55818911547838,-2.0227236320382396,0.0,0.0,300
MZI_null,MZI,MZI_null_01102,0.06424750385628562,-1.76853051134685,-2.7814342242061154,0.0,0.0,300
MZI_null,MZI,MZI_null_01103,-0.024844711547644834,-1.7642689108425507,-7.386202283244437,0.0,0.0,300
MZI_null,MZI,MZI_null_01104,0.0687252172183048,-4.939163674150421,-4.459997209617235,0.0,0.0,300
MZI_null,MZI,MZI_null_01105,-0.25310165206660656,-7.381677493603671,-5.0663425093368675,0.0,0.0,300
MZI_null,MZI,MZI_null_01106,-0.10635314364457356,3.859777412579705,-2.5776390276856116,0.0,0.0,300
MZI_null,MZI,MZI_null_01107,0.0266625159402047,-0.798555840481014,-0.6068044413524538,0.0,0.0,300
MZI_null,MZI,MZI_null_01108,-0.011616519108899047,-5.585881290797734,3.352782644837635,0.0,0.0,300
MZI_null,MZI,MZI_null_01109,0.27107949654568275,-7.0479760823680575,-4.072085772659139,0.0,0.0,300
MZI_null,MZI,MZI_null_01110,-0.04197155135655091,-4.893613384730574,0.5178966603675956,0.0,0.0,300
MZI_null,MZI,MZI_null_01111,-0.10924083036099196,4.495168203419807,2.571645783030788,0.0,0.0,300
MZI_null,MZI,MZI_null_01112,0.03188610459483223,1.0809587899591966,2.317701273071927,0.0,0.0,300
MZI_null,MZI,MZI_null_01113,-0.08459212320873648,-4.448651733625894,-0.7655708110910577,0.0,0.0,300
MZI_null,MZI,MZI_null_01114,0.1292454186746916,-1.582818804039747,-5.730989446572991,0.0,0.0,300
MZI_null,MZI,MZI_null_01115,-0.12042366659262634,-2.221918590783134,-1.2269968129774909,0.0,0.0,300
MZI_null,MZI,MZI_null_01116,0.2958813265184712,-6.157963827196994,0.516767725507624,0.0,0.0,300
MZI_null,MZI,MZI_null_01117,0.22336696624924343,4.814349236268388,-2.2131922695518838,0.0,0.0,300
MZI_null,MZI,MZI_null_01118,0.07371441790802996,-0.2907189284040592,-0.41355480534012756,0.0,0.0,300
MZI_null,MZI,MZI_null_01119,-0.014826780185895908,-0.6920738314998625,-8.596738255659055,0.0,0.0,300
MZI_null,MZI,MZI_null_01120,0.10231042350939469,-1.6214662890140985,-1.667424690334796,0.0,0.0,300
MZI_null,MZI,MZI_null_01121,0.30702932935793364,-4.024802056371657,-2.2092279671950923,0.0,0.0,300
MZI_null,MZI,MZI_null_01122,0.29873299533071007,-4.49618391454957,-2.6503458488096165,0.0,0.0,300
MZI_null,MZI,MZI_null_01123,-0.022053813514627495,0.522203446388648,-0.3765924779400598,0.0,0.0,300
MZI_null,MZI,MZI_null_01124,-0.19389380207283938,-3.5965056893815683,-2.822063299636634,0.0,0.0,300
MZI_null,MZI,MZI_null_01125,-0.011583156783456835,-0.7224690241105127,0.25461726766391624,0.0,0.0,300
MZI_null,MZI,MZI_null_01126,-0.2664017631072603,1.1918229626825685,-0.24229346201012958,0.0,0.0,300
MZI_null,MZI,MZI_null_01127,0.20767980713908593,-0.6674050181279845,2.3039688732072863,0.0,0.0,300
MZI_null,MZI,MZI_null_01128,0.06998179671751904,2.038677268608245,0.5667519080533356,0.0,0.0,300
MZI_null,MZI,MZI_null_01129,-0.014687286966435608,4.817304161340646,1.6671113668396762,0.0,0.0,300
MZI_null,MZI,MZI_null_01130,0.08606166315066197,-5.828913249615008,-4.864922852390613,0.0,0.0,300
MZI_null,MZI,MZI_null_01131,0.04390732232127801,-1.5634364066952777,-2.8423676950249486,0.0,0.0,300
MZI_null,MZI,MZI_null_01132,0.021147404941809,2.765880784130788,1.086207423650896,0.0,0.0,300
MZI_null,MZI,MZI_null_01133,-0.17115127646291073,-2.3345264814288313,-3.4148994425576826,0.0,0.0,300
MZI_null,MZI,MZI_null_01134,-0.05815498746128417,-3.240846996888928,-2.4329367478120156,0.0,0.0,300
MZI_null,MZI,MZI_null_01135,-0.18827030579600923,-2.38296404455457,-2.68182291054193,0.0,0.0,300
MZI_null,MZI,MZI_null_01136,-0.4394173035003402,4.158916073504988,2.266308962650016,0.0,0.0,300
MZI_null,MZI,MZI_null_01137,-0.0564451087387494,-1.9435428507782047,-4.514963041952686,0.0,0.0,300
MZI_null,MZI,MZI_null_01138,0.2543584316716298,3.6918660843193347,-0.5299188152604262,0.0,0.0,300
MZI_null,MZI,MZI_null_01139,0.1535295966278017,-1.4741396631982284,-5.010176316627792,0.0,0.0,300
MZI_null,MZI,MZI_null_01140,-0.06177350534454859,-1.6042160996841288,-2.3636431562303324,0.0,0.0,300
MZI_null,MZI,MZI_null_01141,-0.032797991615255394,-2.2741986725273433,-1.242635493596384,0.0,0.0,300
MZI_null,MZI,MZI_null_01142,0.007838773574622482,-5.181815199189803,-3.1510484473838085,0.0,0.0,300
MZI_null,MZI,MZI_null_01143,-0.1926876398549954,0.9334466490586011,-7.316940825520973,0.0,0.0,300
MZI_null,MZI,MZI_null_01144,0.1730385514975388,2.1590481917885302,-1.906541760947864,0.0,0.0,300
MZI_null,MZI,MZI_null_01145,-0.3904705631740948,-3.0839316859018715,-1.1925524838664578,0.0,0.0,300
MZI_null,MZI,MZI_null_01146,-0.151589732989337,-3.545655181424728,3.5905855965900537,0.0,0.0,300
MZI_null,MZI,MZI_null_01147,0.09973907434526115,-4.7736923431343,-5.792797508786297,0.0,0.0,300
MZI_null,MZI,MZI_null_01148,-0.04905259764146566,-2.640370338051315,0.488597562089949,0.0,0.0,300
MZI_null,MZI,MZI_null_01149,-0.08029750688514885,-0.46550127391441576,4.805462120180687,0.0,0.0,300
MZI_null,MZI,MZI_null_01150,0.12232515336663938,-2.1442655219923177,-1.549451413159884,0.0,0.0,300
MZI_null,MZI,MZI_null_01151,-0.053500970126980685,1.5419227373564341,-2.8819403378539086,0.0,0.0,300
MZI_null,MZI,MZI_null_01152,0.006783406349997384,-1.8464062943567439,-2.505352578434596,0.0,0.0,300
MZI_null,MZI,MZI_null_01153,-0.20586983218261512,-1.0310764891469955,-1.1830119155661507,0.0,0.0,300
MZI_null,MZI,MZI_null_01154,0.07503607041548548,-3.600800919317501,2.662463896439143,0.0,0.0,300
MZI_null,MZI,MZI_null_01155,-0.13151606718177672,3.1361208520536774,-6.242909529484785,0.0,0.0,300
MZI_null,MZI,MZI_null_01156,0.06521550968353367,-0.5737079524201296,-3.386671203822647,0.0,0.0,300
MZI_null,MZI,MZI_null_01157,0.06365909067915189,1.8385560092804765,-7.650456518062193,0.0,0.0,300
MZI_null,MZI,MZI_null_01158,0.0754117211236222,-9.479812460990232,-3.896994410569624,0.0,0.0,300
MZI_null,MZI,MZI_null_01159,0.24437495473514176,-3.745346100176162,-4.521639893226918,0.0,0.0,300
MZI_null,MZI,MZI_null_01160,-0.029690659347702278,4.203719014490656,-6.495046741618078,0.0,0.0,300
MZI_null,MZI,MZI_null_01161,-0.15769648674590167,2.492295049538879,4.573107030613198,0.0,0.0,300
MZI_null,MZI,MZI_null_01162,-0.015514683643542589,-5.717158107579928,5.287530505427477,0.0,0.0,300
MZI_null,MZI,MZI_null_01163,0.23916635876237952,0.03684096328669906,-3.43720704681226,0.0,0.0,300
MZI_null,MZI,MZI_null_01164,-0.00735440112570551,-2.4810802431344925,-0.0074460861532666955,0.0,0.0,300
MZI_null,MZI,MZI_null_01165,0.21765021571970042,0.6382511234122097,-4.232128230954275,0.0,0.0,300
MZI_null,MZI,MZI_null_01166,0.20647446750293066,-1.060603579960534,1.0611973875767489,0.0,0.0,300
MZI_null,MZI,MZI_null_01167,0.21998112889179042,-5.3347407485406535,-1.1074767361193887,0.0,0.0,300
MZI_null,MZI,MZI_null_01168,-0.07971818270388226,-6.703578276096367,0.04012993281475974,0.0,0.0,300
MZI_null,MZI,MZI_null_01169,0.37673348273766355,-7.520233233517258,-1.0968418331484109,0.0,0.0,300
MZI_null,MZI,MZI_null_01170,0.09608144026121601,-1.6307653950314567,-1.3393841575472212,0.0,0.0,300
MZI_null,MZI,MZI_null_01171,-0.19488245451687364,-1.3016397711795091,-3.270291931047779,0.0,0.0,300
MZI_null,MZI,MZI_null_01172,-0.328488255746783,1.583776661541192,1.8751574595261271,0.0,0.0,300
MZI_null,MZI,MZI_null_01173,0.00774914652766197,-1.3127759353828923,2.222954038146684,0.0,0.0,300
MZI_null,MZI,MZI_null_01174,0.03365094851671239,0.7120526642839433,-1.8924466026215505,0.0,0.0,300
MZI_null,MZI,MZI_null_01175,0.19679756078609198,-1.0376428222019483,-0.417844169182378,0.0,0.0,300
MZI_null,MZI,MZI_null_01176,-0.1905091633068048,-1.1391324370948739,-3.4958647524833535,0.0,0.0,300
MZI_null,MZI,MZI_null_01177,-0.09574240897927412,-4.446126884948363,-4.198704795697675,0.0,0.0,300
MZI_null,MZI,MZI_null_01178,0.3187157104525442,1.9940171859652094,4.761102506432784,0.0,0.0,300
MZI_null,MZI,MZI_null_01179,-0.18343425293333457,-1.7862387502673225,-4.880522875612288,0.0,0.0,300
MZI_null,MZI,MZI_null_01180,-0.1043542315795596,-4.7543809502497245,2.7187520193246844,0.0,0.0,300
MZI_null,MZI,MZI_null_01181,-0.05943445171526397,1.205138001082049,0.8123626687655539,0.0,0.0,300
MZI_null,MZI,MZI_null_01182,0.34554581281571833,-6.438332669419172,2.7776997193603967,0.0,0.0,300
MZI_null,MZI,MZI_null_01183,0.17196613056010915,-4.920136514081104,2.021400009419479,0.0,0.0,300
MZI_null,MZI,MZI_null_01184,0.05042174445393432,-2.6824287798602233,-3.4718064609159986,0.0,0.0,300
MZI_null,MZI,MZI_null_01185,-0.10786641771737789,4.149436287357778,-0.9979515431275521,0.0,0.0,300
MZI_null,MZI,MZI_null_01186,0.11731950022971888,-4.372698145002659,-3.3395588386649164,0.0,0.0,300
MZI_null,MZI,MZI_null_01187,0.16229772138749132,-6.048728634654596,-2.2456413037158147,0.0,0.0,300
MZI_null,MZI,MZI_null_01188,0.005104111660834807,-1.6658821944798428,-1.5372798550484688,0.0,0.0,300
MZI_null,MZI,MZI_null_01189,0.05937296716438846,0.07856726745343456,1.2039126363779902,0.0,0.0,300
MZI_null,MZI,MZI_null_01190,-0.147870571300174,-2.8524652937863912,2.584288585630813,0.0,0.0,300
MZI_null,MZI,MZI_null_01191,0.13419707813608084,-6.1185783544431915,0.054439701056605116,0.0,0.0,300
MZI_null,MZI,MZI_null_01192,-0.2967337874062215,-1.8591952938188911,4.693301050237931,0.0,0.0,300
MZI_null,MZI,MZI_null_01193,-0.14218390759034794,-4.502969136474746,1.2920893447185784,0.0,0.0,300
MZI_null,MZI,MZI_null_01194,-0.23142022728144687,-3.8982650896551174,0.789323412745258,0.0,0.0,300
MZI_null,MZI,MZI_null_01195,-0.09514287715341047,-2.707909961632915,1.2325571309451036,0.0,0.0,300
MZI_null,MZI,MZI_null_01196,0.06323191253048419,-1.1995448111137943,-2.0173668378101164,0.0,0.0,300
MZI_null,MZI,MZI_null_01197,0.0555091672903433,-2.37119804029927,0.37341682977735413,0.0,0.0,300
MZI_null,MZI,MZI_null_01198,-0.07453980376769673,-2.547706923138623,-3.9698733776560418,0.0,0.0,300
MZI_null,MZI,MZI_null_01199,-0.005251141500935385,-4.4330025908865345,-4.34213935048598,0.0,0.0,300
MZI_null,MZI,MZI_null_01200,0.038799172178308215,-1.361780672427019,1.3486212048457173,0.0,0.0,300
MZI_null,MZI,MZI_null_01201,-0.06466883543626485,-0.7758414594897329,0.6523927168209895,0.0,0.0,300
MZI_null,MZI,MZI_null_01202,0.06671607117473921,-4.476961048406427,-0.5519095531864333,0.0,0.0,300
MZI_null,MZI,MZI_null_01203,0.054621044408199204,-1.9784645992761742,-7.2594329751132545,0.0,0.0,300
MZI_null,MZI,MZI_null_01204,0.02407344359602201,4.6375931181917265,-2.080117806270948,0.0,0.0,300
MZI_null,MZI,MZI_null_01205,-0.10921156467829816,-0.8799543208658054,-0.06286536860028491,0.0,0.0,300
MZI_null,MZI,MZI_null_01206,0.17891027481246216,-5.773604467726663,1.194140757724977,0.0,0.0,300
MZI_null,MZI,MZI_null_01207,0.08856330918771951,-2.4264396108216384,0.016061953765069914,0.0,0.0,300
MZI_null,MZI,MZI_null_01208,0.15441862223975358,0.6169461400853509,-4.429057936221186,0.0,0.0,300
MZI_null,MZI,MZI_null_01209,0.12302372801332266,-2.1940658150975554,-0.7813777059534538,0.0,0.0,300
MZI_null,MZI,MZI_null_01210,0.010979548650254174,-2.45072896639478,2.5751224913211948,0.0,0.0,300
MZI_null,MZI,MZI_null_01211,-0.012557693977381802,-5.358638385149506,-2.1805895679091867,0.0,0.0,300
MZI_null,MZI,MZI_null_01212,0.02680420752157134,1.6876443528911516,0.8092840548465006,0.0,0.0,300
MZI_null,MZI,MZI_null_01213,-0.12758029181205657,5.455569750036675,-0.20567406706606106,0.0,0.0,300
MZI_null,MZI,MZI_null_01214,0.19130861069985222,-2.455143300731687,0.6000777341163481,0.0,0.0,300
MZI_null,MZI,MZI_null_01215,0.1259202756777607,1.654584135262768,2.172104916134675,0.0,0.0,300
MZI_null,MZI,MZI_null_01216,0.13082955001094668,-2.945260193582326,-2.715238125868184,0.0,0.0,300
MZI_null,MZI,MZI_null_01217,0.04989112654862963,0.7993842170232082,-1.6681621023298212,0.0,0.0,300
MZI_null,MZI,MZI_null_01218,0.15977579485715798,2.357850236458538,-3.748962757220259,0.0,0.0,300
MZI_null,MZI,MZI_null_01219,-0.12553810556944198,-2.4211251767160094,-0.07716199543241076,0.0,0.0,300
MZI_null,MZI,MZI_null_01220,-0.07868505206505765,2.0566080366014337,0.2722005845553537,0.0,0.0,300
MZI_null,MZI,MZI_null_01221,0.005917057236110923,-6.307728571605582,-4.947447449282521,0.0,0.0,300
MZI_null,MZI,MZI_null_01222,0.04215138754227094,-8.397786878464508,2.0379122289322154,0.0,0.0,300
MZI_null,MZI,MZI_null_01223,-0.023723076655848045,7.729278908784199,5.923748751848332,0.0,0.0,300
MZI_null,MZI,MZI_null_01224,-0.02721736038712751,-2.3190110075939447,1.9867445420060892,0.0,0.0,300
MZI_null,MZI,MZI_null_01225,0.25547589148770566,-6.914087172308051,-6.35912639606406,0.0,0.0,300
MZI_null,MZI,MZI_null_01226,-0.0933052208331572,-0.2517872504784069,0.49062077152279127,0.0,0.0,300
MZI_null,MZI,MZI_null_01227,0.16046571824757752,-5.599092585095924,-7.9484315889066295,0.0,0.0,300
MZI_null,MZI,MZI_null_01228,0.1287021292953218,-4.484588818895704,-7.055463593165914,0.0,0.0,300
MZI_null,MZI,MZI_null_01229,0.021759561893907244,0.37952706465603203,-1.3661713963638318,0.0,0.0,300
MZI_null,MZI,MZI_null_01230,-0.06867725792737338,-2.4780866964377197,-2.1117482872023485,0.0,0.0,300
MZI_null,MZI,MZI_null_01231,-0.20220706679102507,-4.1440420309712955,0.5638397150414436,0.0,0.0,300
MZI_null,MZI,MZI_null_01232,0.04825178120647501,-1.4958205820995394,-3.9854454455601385,0.0,0.0,300
MZI_null,MZI,MZI_null_01233,-0.02722547432035007,-8.531195139328563,-0.4645700083438308,0.0,0.0,300
MZI_null,MZI,MZI_null_01234,0.2143286561720351,-6.422396396126317,-2.757783019953266,0.0,0.0,300
MZI_null,MZI,MZI_null_01235,0.04936601680651943,1.758527903282451,-2.3446738489004484,0.0,0.0,300
MZI_null,MZI,MZI_null_01236,-0.10383754938988445,-7.90676942724825,-0.6896856120756809,0.0,0.0,300
MZI_null,MZI,MZI_null_01237,0.3063114060215616,-1.1679246141059723,-1.06683693755114,0.0,0.0,300
MZI_null,MZI,MZI_null_01238,0.04831234661504782,-2.033276011845806,-3.4390431167803897,0.0,0.0,300
MZI_null,MZI,MZI_null_01239,0.12349198735165579,-1.3227154306647368,-0.9471602441990281,0.0,0.0,300
MZI_null,MZI,MZI_null_01240,-0.1463049040917375,1.9105237958042771,0.9941082359993296,0.0,0.0,300
MZI_null,MZI,MZI_null_01241,-0.0829381256050953,1.0054745610458116,-2.4927125151556213,0.0,0.0,300
MZI_null,MZI,MZI_null_01242,-0.11730052387665554,-4.279109352440861,-6.313205659264273,0.0,0.0,300
MZI_null,MZI,MZI_null_01243,0.07073135706273086,-7.493434635015051,-4.685331493797288,0.0,0.0,300
MZI_null,MZI,MZI_null_01244,-0.31133820136178,-2.2582090783726794,-1.4509613808156163,0.0,0.0,300
MZI_null,MZI,MZI_null_01245,-0.04900443197795461,-5.127733084011728,-4.516701260309921,0.0,0.0,300
MZI_null,MZI,MZI_null_01246,0.06965547953198613,-3.651655795125463,-0.05092503539156579,0.0,0.0,300
MZI_null,MZI,MZI_null_01247,-0.13278730291863336,-1.456811771686753,2.909834111948191,0.0,0.0,300
MZI_null,MZI,MZI_null_01248,0.0879248700589175,-3.2372414546494412,-0.22840308893221795,0.0,0.0,300
MZI_null,MZI,MZI_null_01249,-0.03609977617953195,-1.9763594459158156,-1.9768331564455108,0.0,0.0,300
MZI_null,MZI,MZI_null_01250,-0.024650280882808677,-1.3637199407774743,-3.980076098745852,0.0,0.0,300
MZI_null,MZI,MZI_null_01251,-0.15238182404849673,-6.165627661493633,-5.80081331351113,0.0,0.0,300
MZI_null,MZI,MZI_null_01252,-0.1825924038330719,-1.5216124795876125,-3.678362546475652,0.0,0.0,300
MZI_null,MZI,MZI_null_01253,0.07704216963466444,-1.8958587537423144,-6.905512640314161,0.0,0.0,300
MZI_null,MZI,MZI_null_01254,0.09824633763325347,0.43239593677512955,-3.98158802450456,0.0,0.0,300
MZI_null,MZI,MZI_null_01255,0.06302873143424874,-4.569494712227597,-0.7069888697549938,0.0,0.0,300
MZI_null,MZI,MZI_null_01256,-0.18967476104324485,-7.37931935760373,-2.1484515688389063,0.0,0.0,300
MZI_null,MZI,MZI_null_01257,-0.01855934194122542,-3.1930390808438123,-4.552091674667678,0.0,0.0,300
MZI_null,MZI,MZI_null_01258,-0.059984859319670555,-1.1921157422577981,-1.134679090367611,0.0,0.0,300
MZI_null,MZI,MZI_null_01259,0.02737515458988201,-4.010345601362699,2.5151537441484786,0.0,0.0,300
MZI_null,MZI,MZI_null_01260,-0.17642600048321708,-0.5373191087398441,2.5456732788798844,0.0,0.0,300
MZI_null,MZI,MZI_null_01261,0.07213621391233431,-2.6075726811944904,-2.5848911399889376,0.0,0.0,300
MZI_null,MZI,MZI_null_01262,0.1554131476569384,-6.268924775785019,-3.910372781138931,0.0,0.0,300
MZI_null,MZI,MZI_null_01263,-0.0596336648237582,1.7129612725359946,0.13930290812268797,0.0,0.0,300
MZI_null,MZI,MZI_null_01264,-0.1452068637765368,-2.9309231161547107,-2.842969432288883,0.0,0.0,300
MZI_null,MZI,MZI_null_01265,-0.10646834883503026,0.9366686756703375,-5.115229387790517,0.0,0.0,300
MZI_null,MZI,MZI_null_01266,0.241317128360156,0.48468907055386845,2.2725850118110937,0.0,0.0,300
MZI_null,MZI,MZI_null_01267,-0.06944092680378874,-2.449822157237328,-5.299455443574136,0.0,0.0,300
MZI_null,MZI,MZI_null_01268,-0.07869936106002044,-0.5190354570705473,2.8881891853441886,0.0,0.0,300
MZI_null,MZI,MZI_null_01269,-0.16607352252036775,-3.0965178109557976,-1.4538976606975669,0.0,0.0,300
MZI_null,MZI,MZI_null_01270,-0.20936838032887276,-0.22595227472479906,-3.171970995227827,0.0,0.0,300
MZI_null,MZI,MZI_null_01271,-0.029308552676553593,-3.355848115735633,-3.368015517159023,0.0,0.0,300
MZI_null,MZI,MZI_null_01272,-0.001056747822083205,-2.646828735704067,-2.1155736468359967,0.0,0.0,300
MZI_null,MZI,MZI_null_01273,-0.10926924325205141,-1.0414259876511336,3.960851805476855,0.0,0.0,300
MZI_null,MZI,MZI_null_01274,0.020983084925869106,0.9883546447333869,-5.170665775460388,0.0,0.0,300
MZI_null,MZI,MZI_null_01275,0.02366421589406542,-5.2921049569131995,-5.430774782595704,0.0,0.0,300
MZI_null,MZI,MZI_null_01276,-0.11090571111885544,1.5756980032407188,1.850047486008937,0.0,0.0,300
MZI_null,MZI,MZI_null_01277,0.036450708308159954,-6.598101679669792,-1.5888419541638104,0.0,0.0,300
MZI_null,MZI,MZI_null_01278,0.04525500133526033,-1.4733913112642063,-6.531380750442237,0.0,0.0,300
MZI_null,MZI,MZI_null_01279,-0.13354767720298077,-2.19223329244615,0.6088727285515698,0.0,0.0,300
MZI_null,MZI,MZI_null_01280,-0.329419173164992,-2.4863719264395754,-0.5708536903631429,0.0,0.0,300
MZI_null,MZI,MZI_null_01281,0.12744179827743196,0.07857275271231012,0.7477139564264155,0.0,0.0,300
MZI_null,MZI,MZI_null_01282,-0.11999107600529012,-7.724006411369922,-2.179158271184203,0.0,0.0,300
MZI_null,MZI,MZI_null_01283,0.150244773781284,2.1803635825732943,1.1316473068933561,0.0,0.0,300
MZI_null,MZI,MZI_null_01284,0.06440112342026015,-0.8610810548421035,-2.6683562402823418,0.0,0.0,300
MZI_null,MZI,MZI_null_01285,-0.019509044033043006,3.007208577478993,-3.827674017375629,0.0,0.0,300
MZI_null,MZI,MZI_null_01286,0.2422168186064777,-2.966084463476175,2.9762963272852354,0.0,0.0,300
MZI_null,MZI,MZI_null_01287,-0.21102225142463074,-0.24228739650605258,-3.210310407842866,0.0,0.0,300
MZI_null,MZI,MZI_null_01288,-0.21229007878862813,-1.3443978727671628,2.0284153657879065,0.0,0.0,300
MZI_null,MZI,MZI_null_01289,-0.12674121578902445,-6.497047881375204,-1.2755342930048654,0.0,0.0,300
MZI_null,MZI,MZI_null_01290,-0.01311529931657716,-0.355041117336504,1.8487837140934644,0.0,0.0,300
MZI_null,MZI,MZI_null_01291,-0.008912277190874113,3.566509944382789,-0.3272957663941247,0.0,0.0,300
MZI_null,MZI,MZI_null_01292,-0.051963975901034944,-6.834702077308483,-1.7879785609485033,0.0,0.0,300
MZI_null,MZI,MZI_null_01293,-0.050458041811670434,0.8809143888444111,0.3874508722005623,0.0,0.0,300
MZI_null,MZI,MZI_null_01294,-0.17690536824489259,-1.4832368407668874,1.0145935151871601,0.0,0.0,300
MZI_null,MZI,MZI_null_01295,0.2292047039081749,0.6625119022421782,1.2825399629344334,0.0,0.0,300
MZI_null,MZI,MZI_null_01296,0.009012899192274541,-0.8350639837296512,2.7485147021184764,0.0,0.0,300
MZI_null,MZI,MZI_null_01297,-0.19991660962194746,-3.0483179816508676,-3.317706246268722,0.0,0.0,300
MZI_null,MZI,MZI_null_01298,0.056872967808918616,1.6906665269523629,-2.7909228601632217,0.0,0.0,300
MZI_null,MZI,MZI_null_01299,-0.3585456551204157,-3.2366622350734104,1.7404211960522198,0.0,0.0,300
MZI_null,MZI,MZI_null_01300,0.08064448544248194,-0.7154412565682717,-1.8399799056234392,0.0,0.0,300
MZI_null,MZI,MZI_null_01301,-0.19185461043296795,-0.45411703512659773,-3.502845430103874,0.0,0.0,300
MZI_null,MZI,MZI_null_01302,0.3276145100070684,-0.2884783749364521,-2.7419449076618534,0.0,0.0,300
MZI_null,MZI,MZI_null_01303,-0.09170778710829423,-2.278832619840765,-1.7185057660652494,0.0,0.0,300
MZI_null,MZI,MZI_null_01304,0.16752506632949313,-1.4407514907678611,-3.194895216725584,0.0,0.0,300
MZI_null,MZI,MZI_null_01305,0.2835661027733674,-1.852075005439332,1.3065190279066905,0.0,0.0,300
MZI_null,MZI,MZI_null_01306,-0.09123397611671388,-0.9106531167664298,-0.06667002657041432,0.0,0.0,300
MZI_null,MZI,MZI_null_01307,-0.2834473938144229,4.04582533138192,2.8719333827676414,0.0,0.0,300
MZI_null,MZI,MZI_null_01308,-0.059579297421898145,-5.306809221367566,0.042684841410656205,0.0,0.0,300
MZI_null,MZI,MZI_null_01309,0.013004654912159488,-0.9329931543103118,-0.4252678114177312,0.0,0.0,300
MZI_null,MZI,MZI_null_01310,0.07593614839588891,2.3419170981754194,0.7043096153859383,0.0,0.0,300
MZI_null,MZI,MZI_null_01311,-0.15744832483649115,2.087688558137356,3.921843690464862,0.0,0.0,300
MZI_null,MZI,MZI_null_01312,0.4728085101768127,-5.370482099718794,-0.27135396054917504,0.0,0.0,300
MZI_null,MZI,MZI_null_01313,-0.31231480547834806,-0.34055253086237247,-2.644600894500318,0.0,0.0,300
MZI_null,MZI,MZI_null_01314,0.288516869223743,-4.323844910055746,-6.067549113901785,0.0,0.0,300
MZI_null,MZI,MZI_null_01315,-0.07068956110537794,-7.926463313651412,1.2532983635219304,0.0,0.0,300
MZI_null,MZI,MZI_null_01316,-0.30976245693844806,-1.9146272564505233,-7.23343545956859,0.0,0.0,300
MZI_null,MZI,MZI_null_01317,-0.04804467068049629,2.930134467413602,0.08194367430738492,0.0,0.0,300
MZI_null,MZI,MZI_null_01318,-0.12952404074474008,-2.093610466817252,-0.9459493838666603,0.0,0.0,300
MZI_null,MZI,MZI_null_01319,0.07089455187651084,-6.100575089842479,0.777701821541992,0.0,0.0,300
MZI_null,MZI,MZI_null_01320,-0.40565874474041624,-3.889653657091431,-2.464821527354634,0.0,0.0,300
MZI_null,MZI,MZI_null_01321,0.09499902391068576,-1.9321074419693927,-5.21668916156886,0.0,0.0,300
MZI_null,MZI,MZI_null_01322,-0.14774896887255226,-1.4039599713577793,-1.2372020255936689,0.0,0.0,300
MZI_null,MZI,MZI_null_01323,-0.08686861644536197,-3.442501368535938,1.0885039914778671,0.0,0.0,300
MZI_null,MZI,MZI_null_01324,-0.0776538859303822,-2.26427373208722,5.509809764241629,0.0,0.0,300
MZI_null,MZI,MZI_null_01325,-0.21355239553258845,-7.555528194723976,1.3507689943958203,0.0,0.0,300
MZI_null,MZI,MZI_null_01326,-0.10179645919411548,-2.954712583227861,-3.3434691343933425,0.0,0.0,300
MZI_null,MZI,MZI_null_01327,-0.038970021115126874,2.795614336289024,1.406385375854358,0.0,0.0,300
MZI_null,MZI,MZI_null_01328,0.12933352678304655,-6.248681167377937,-4.453461209658608,0.0,0.0,300
MZI_null,MZI,MZI_null_01329,-0.425861798922814,-4.428142463248262,1.8701095591569752,0.0,0.0,300
MZI_null,MZI,MZI_null_01330,0.07754197736225564,-2.6645397888563718,-1.0669008511541591,0.0,0.0,300
MZI_null,MZI,MZI_null_01331,-0.10333283138631083,-1.3857233527946475,1.2976348384418444,0.0,0.0,300
MZI_null,MZI,MZI_null_01332,-0.2423830181115709,-1.1010569364879557,1.7973046128640018,0.0,0.0,300
MZI_null,MZI,MZI_null_01333,-0.06226504334450544,0.10210183636175074,7.44396333341766,0.0,0.0,300
MZI_null,MZI,MZI_null_01334,-0.015651418948033787,-0.820078849984029,-3.2141712509841747,0.0,0.0,300
MZI_null,MZI,MZI_null_01335,0.02718767439030756,-0.6191851250530884,-0.4154729791895858,0.0,0.0,300
MZI_null,MZI,MZI_null_01336,-0.1529542979563285,-1.3809146860236479,3.386587816152911,0.0,0.0,300
MZI_null,MZI,MZI_null_01337,0.06729536467717909,0.885961567215523,-1.7110359100378831,0.0,0.0,300
MZI_null,MZI,MZI_null_01338,0.11248503591355657,-1.162196485350422,-3.852732189061696,0.0,0.0,300
MZI_null,MZI,MZI_null_01339,0.047778150719831165,-4.975089990320932,-2.898640824654376,0.0,0.0,300
MZI_null,MZI,MZI_null_01340,0.028399246093856117,-1.1082671798596277,-4.567697395231387,0.0,0.0,300
MZI_null,MZI,MZI_null_01341,0.15809786567743142,-0.2839811650985813,-3.1141853068326517,0.0,0.0,300
MZI_null,MZI,MZI_null_01342,-0.2306377194673763,-2.434713737244294,-2.3378311415834805,0.0,0.0,300
MZI_null,MZI,MZI_null_01343,0.016971068557953422,-3.0893499834666995,-7.0223705822350295,0.0,0.0,300
MZI_null,MZI,MZI_null_01344,-0.05825204074517376,-2.916857333204939,0.9009830743221761,0.0,0.0,300
MZI_null,MZI,MZI_null_01345,-0.10472995119165746,3.036024020117699,-6.734921651955271,0.0,0.0,300
MZI_null,MZI,MZI_null_01346,0.19667512467039366,-2.6729569126343145,1.5787546170306683,0.0,0.0,300
MZI_null,MZI,MZI_null_01347,0.011970222608809963,1.4186666080764079,-2.1620858936584337,0.0,0.0,300
MZI_null,MZI,MZI_null_01348,-0.16479306377667183,2.2615128618131894,-1.3404419376464236,0.0,0.0,300
MZI_null,MZI,MZI_null_01349,0.03323377104363159,1.7042557421343854,-4.0958657262833045,0.0,0.0,300
MZI_null,MZI,MZI_null_01350,0.08932363464588859,-3.769684269388673,-1.3965080669331156,0.0,0.0,300
MZI_null,MZI,MZI_null_01351,0.010841844807643334,-6.500665584340808,-3.3365111284613045,0.0,0.0,300
MZI_null,MZI,MZI_null_01352,0.20266093386197087,0.658573565754387,-1.1879187319817046,0.0,0.0,300
MZI_null,MZI,MZI_null_01353,0.03646851877693396,-2.882727516909373,3.0697501574839468,0.0,0.0,300
MZI_null,MZI,MZI_null_01354,-0.03005288666912458,-1.3044737235954558,2.438090432426195,0.0,0.0,300
MZI_null,MZI,MZI_null_01355,-0.11660572272688598,2.6763675534906817,-5.591384229230131,0.0,0.0,300
MZI_null,MZI,MZI_null_01356,0.2444463196669198,-3.1180267518559237,-1.7280962434758451,0.0,0.0,300
MZI_null,MZI,MZI_null_01357,-0.2835015256774414,-3.364384152133079,-4.119419593080653,0.0,0.0,300
MZI_null,MZI,MZI_null_01358,-0.09114695180602089,-2.411932897366639,1.8733748434187167,0.0,0.0,300
MZI_null,MZI,MZI_null_01359,0.031140502710093866,-1.0769700397966586,-4.286558166536687,0.0,0.0,300
MZI_null,MZI,MZI_null_01360,-0.13211311344040952,3.396175055053936,-3.20560310428974,0.0,0.0,300
MZI_null,MZI,MZI_null_01361,0.24843123780859433,-2.7291835966425992,-0.9931361915694878,0.0,0.0,300
MZI_null,MZI,MZI_null_01362,0.16055477403448945,1.8156772658159692,-1.3324376808372624,0.0,0.0,300
MZI_null,MZI,MZI_null_01363,-0.058236458028230825,-2.1677613455666394,0.013872584696354773,0.0,0.0,300
MZI_null,MZI,MZI_null_01364,0.13369555303046332,-1.9873104230175453,0.856658894069461,0.0,0.0,300
MZI_null,MZI,MZI_null_01365,0.24575395984064113,-0.8560711632056459,-0.06504143198566503,0.0,0.0,300
MZI_null,MZI,MZI_null_01366,-0.22783662376351016,-9.89219041048719,0.16512718769050494,0.0,0.0,300
MZI_null,MZI,MZI_null_01367,-0.014223634692130834,-3.5443480247442256,-0.2694093874409661,0.0,0.0,300
MZI_null,MZI,MZI_null_01368,-0.009060559379536244,1.3833407519016956,-0.7416673952230664,0.0,0.0,300
MZI_null,MZI,MZI_null_01369,-0.11203849276052513,0.9704987168778669,-1.6513932248386074,0.0,0.0,300
MZI_null,MZI,MZI_null_01370,0.07898050255084606,-3.4322321185784013,-2.9494806564923093,0.0,0.0,300
MZI_null,MZI,MZI_null_01371,0.012625234527854422,-1.9615140693689446,0.43948110610049906,0.0,0.0,300
MZI_null,MZI,MZI_null_01372,-0.04029686299646138,-7.5090793513111915,-2.298321650765166,0.0,0.0,300
MZI_null,MZI,MZI_null_01373,0.11907277007157234,-2.8921282377293194,-1.739150207543644,0.0,0.0,300
MZI_null,MZI,MZI_null_01374,0.14795647588589056,-4.135919681776768,-5.628409654728699,0.0,0.0,300
MZI_null,MZI,MZI_null_01375,-0.024094667928824153,-3.452521853746211,-3.898738959259762,0.0,0.0,300
MZI_null,MZI,MZI_null_01376,-0.026306768384803607,-0.525483058259649,-1.0278656847034473,0.0,0.0,300
MZI_null,MZI,MZI_null_01377,0.04604716090293566,3.440223095546269,-2.028636584672692,0.0,0.0,300
MZI_null,MZI,MZI_null_01378,0.041752295196700435,-3.5276400877974035,-3.539079159660919,0.0,0.0,300
MZI_null,MZI,MZI_null_01379,-0.08773614801266548,-3.4362757145650655,0.07842739264137677,0.0,0.0,300
MZI_null,MZI,MZI_null_01380,0.3523613680051136,-4.148130308827521,-2.2498759168463875,0.0,0.0,300
MZI_null,MZI,MZI_null_01381,-0.009468451966687238,-0.8126034538707587,-0.20934756413564504,0.0,0.0,300
MZI_null,MZI,MZI_null_01382,0.19261436909221757,-9.279176211605625,-8.160789610587019,0.0,0.0,300
MZI_null,MZI,MZI_null_01383,-0.07438172580152239,1.2919005626311262,-5.696944094816789,0.0,0.0,300
MZI_null,MZI,MZI_null_01384,-0.45114485095406354,-0.286461781342374,-0.2690283288918567,0.0,0.0,300
MZI_null,MZI,MZI_null_01385,-0.16353126101991447,-4.95661880216279,-3.9092311589040234,0.0,0.0,300
MZI_null,MZI,MZI_null_01386,0.01658029762109102,-3.878945828549021,0.482191756926559,0.0,0.0,300
MZI_null,MZI,MZI_null_01387,-0.42819399943565867,-4.570555595383398,-4.378161882733151,0.0,0.0,300
MZI_null,MZI,MZI_null_01388,-0.03845110175587383,-3.6141432754704157,1.3935313396873,0.0,0.0,300
MZI_null,MZI,MZI_null_01389,-0.2789005157490086,-1.863525571007744,0.6750092696351166,0.0,0.0,300
MZI_null,MZI,MZI_null_01390,0.2784971154842932,-3.4452979132804256,-0.026624186942448835,0.0,0.0,300
MZI_null,MZI,MZI_null_01391,-0.2705794188843547,-9.175868612939071,1.5343231273450995,0.0,0.0,300
MZI_null,MZI,MZI_null_01392,-0.0008340440472105849,1.5355380693952685,-5.120208666909248,0.0,0.0,300
MZI_null,MZI,MZI_null_01393,0.07798532092931287,3.6064535216315594,0.2591168250717977,0.0,0.0,300
MZI_null,MZI,MZI_null_01394,0.04148722583865731,-1.9743317575269506,-5.712644371377737,0.0,0.0,300
MZI_null,MZI,MZI_null_01395,0.2033359403565522,-3.832572919415197,0.5134497691490507,0.0,0.0,300
MZI_null,MZI,MZI_null_01396,-0.234455145985688,-5.538378993523342,3.305262197666707,0.0,0.0,300
MZI_null,MZI,MZI_null_01397,-0.05209534334367644,2.3598264281276338,-1.2346919771755533,0.0,0.0,300
MZI_null,MZI,MZI_null_01398,-0.2762846659436786,0.6762027991951616,-2.7696769532668233,0.0,0.0,300
MZI_null,MZI,MZI_null_01399,0.10480332202755652,-1.9243673973797537,-5.629354683828611,0.0,0.0,300
MZI_null,MZI,MZI_null_01400,0.024644214805585356,4.588669426458397,0.47895937554337764,0.0,0.0,300
MZI_null,MZI,MZI_null_01401,-0.00862766295081947,1.2260302058706931,-0.36799460439066756,0.0,0.0,300
MZI_null,MZI,MZI_null_01402,0.03143013453941915,-5.274875516477308,-0.2984559226312049,0.0,0.0,300
MZI_null,MZI,MZI_null_01403,0.15531651246254172,-4.5081864563000735,3.2734874637408424,0.0,0.0,300
MZI_null,MZI,MZI_null_01404,-0.013755903621768897,-4.663308534615622,1.9928962307607332,0.0,0.0,300
MZI_null,MZI,MZI_null_01405,-0.04301913536074039,0.27854466245832343,-1.8752758967756114,0.0,0.0,300
MZI_null,MZI,MZI_null_01406,-0.008973921529485554,-0.5193193869971253,-0.12730882722998227,0.0,0.0,300
MZI_null,MZI,MZI_null_01407,-0.29932976706776077,-5.363731220283175,1.7882299543724463,0.0,0.0,300
MZI_null,MZI,MZI_null_01408,-0.019820488335232086,-3.571193908314265,-5.075722045772423,0.0,0.0,300
MZI_null,MZI,MZI_null_01409,-0.16196044819137725,-8.065395919885843,-1.3038421561045985,0.0,0.0,300
MZI_null,MZI,MZI_null_01410,-0.08976563708715703,-4.899763672955945,-1.2043702755038592,0.0,0.0,300
MZI_null,MZI,MZI_null_01411,0.054595594627910714,4.279593796629834,-5.535650258689641,0.0,0.0,300
MZI_null,MZI,MZI_null_01412,0.1739071564950783,0.9193046830452158,-3.3372782181301015,0.0,0.0,300
MZI_null,MZI,MZI_null_01413,0.030485393187904653,-3.3728997480128458,-0.4429342587437832,0.0,0.0,300
MZI_null,MZI,MZI_null_01414,0.22636965201068257,-0.1831813021060611,0.5258251197003259,0.0,0.0,300
MZI_null,MZI,MZI_null_01415,-0.06454639799319635,-6.452169994773006,-1.6254046316212238,0.0,0.0,300
MZI_null,MZI,MZI_null_01416,0.18099122322958727,-6.581503569768943,-4.165268104530085,0.0,0.0,300
MZI_null,MZI,MZI_null_01417,0.018940160435110227,-4.953964354541787,-3.377570341345638,0.0,0.0,300
MZI_null,MZI,MZI_null_01418,-0.06353978725922656,-6.0968522125704485,-3.922365538649105,0.0,0.0,300
MZI_null,MZI,MZI_null_01419,0.10551418751809631,-5.922109346692892,-5.7936164034845135,0.0,0.0,300
MZI_null,MZI,MZI_null_01420,-0.09450374693008415,0.19586650752953716,-1.5907654239906686,0.0,0.0,300
MZI_null,MZI,MZI_null_01421,-0.06968716171734275,-1.8669236074531788,-6.2371222985789565,0.0,0.0,300
MZI_null,MZI,MZI_null_01422,0.07420584806625487,-0.8496949057890675,-2.227925422287164,0.0,0.0,300
MZI_null,MZI,MZI_null_01423,0.1508886767694625,-5.382488296859116,2.3837269797607075,0.0,0.0,300
MZI_null,MZI,MZI_null_01424,0.02317404983928767,-3.0096577696345204,-1.0596209061049346,0.0,0.0,300
MZI_null,MZI,MZI_null_01425,-0.01608971487164126,1.660848689253151,-4.23003738241304,0.0,0.0,300
MZI_null,MZI,MZI_null_01426,-0.11437788587198973,1.108908676217439,-2.786604805551578,0.0,0.0,300
MZI_null,MZI,MZI_null_01427,0.13507996159973873,3.098307949026129,-2.205385080824901,0.0,0.0,300
MZI_null,MZI,MZI_null_01428,0.10220434898629581,-5.461076844019575,1.2641998942034274,0.0,0.0,300
MZI_null,MZI,MZI_null_01429,0.029913597898015065,-0.5808851535193544,-2.936716216106185,0.0,0.0,300
MZI_null,MZI,MZI_null_01430,-0.24916251233507586,-0.4902438057514855,-7.190209457438364,0.0,0.0,300
MZI_null,MZI,MZI_null_01431,-0.04760257383638022,0.823545599259909,-0.42430679238089175,0.0,0.0,300
MZI_null,MZI,MZI_null_01432,0.29225139671847195,1.0753274577453205,-2.9616951649767294,0.0,0.0,300
MZI_null,MZI,MZI_null_01433,0.0040970069777158,-2.1421121076333076,-5.746530290038382,0.0,0.0,300
MZI_null,MZI,MZI_null_01434,-0.141059837472653,-3.6822827209395808,-7.10866150856781,0.0,0.0,300
MZI_null,MZI,MZI_null_01435,0.007124020237746442,-2.747215533959122,-6.018681703934723,0.0,0.0,300
MZI_null,MZI,MZI_null_01436,0.06063192979159981,0.14761823407287844,-0.31889656340533334,0.0,0.0,300
MZI_null,MZI,MZI_null_01437,-0.04861022628134553,-0.22567354474443535,1.0406610814300734,0.0,0.0,300
MZI_null,MZI,MZI_null_01438,0.04611053545795326,-4.473836751304283,-0.1701977034664579,0.0,0.0,300
MZI_null,MZI,MZI_null_01439,0.17932209762382184,-3.7898871758351906,5.293818017397294,0.0,0.0,300
MZI_null,MZI,MZI_null_01440,-0.07884464009780766,-1.9027789599795915,-3.0174567880190084,0.0,0.0,300
MZI_null,MZI,MZI_null_01441,0.03349062538803913,-7.2266650779058255,-2.638125396450164,0.0,0.0,300
MZI_null,MZI,MZI_null_01442,-0.16381818005228507,-1.5939849563231272,1.983342126526722,0.0,0.0,300
MZI_null,MZI,MZI_null_01443,0.09690092806718272,-9.114978082576677,5.126208958783641,0.0,0.0,300
MZI_null,MZI,MZI_null_01444,0.044291991093130256,-4.329497421479001,-0.5286162430271775,0.0,0.0,300
MZI_null,MZI,MZI_null_01445,0.026428473375403858,-4.0005461508546905,-0.4062499979737735,0.0,0.0,300
MZI_null,MZI,MZI_null_01446,-0.09112084314304608,-3.213085978070068,-3.0588374072652535,0.0,0.0,300
MZI_null,MZI,MZI_null_01447,-0.2149006934609479,-1.5624905893538483,0.7558983095490142,0.0,0.0,300
MZI_null,MZI,MZI_null_01448,0.07723253941145583,0.45977575790570313,-0.026979369955395516,0.0,0.0,300
MZI_null,MZI,MZI_null_01449,-0.07990882473253552,0.5189915932935665,-5.072552619525805,0.0,0.0,300
MZI_null,MZI,MZI_null_01450,-0.13510070737687202,-4.892600214269734,2.2401681774179307,0.0,0.0,300
MZI_null,MZI,MZI_null_01451,0.14141827712101132,-0.5380842888650155,2.2157895956353917,0.0,0.0,300
MZI_null,MZI,MZI_null_01452,-0.13189241736179821,-0.9542146404170588,-1.3755232851494927,0.0,0.0,300
MZI_null,MZI,MZI_null_01453,0.1270323155827371,-2.345672697656593,-2.1548286652302435,0.0,0.0,300
MZI_null,MZI,MZI_null_01454,0.08113627778414849,0.6285075015736985,-3.005035584540405,0.0,0.0,300
MZI_null,MZI,MZI_null_01455,-0.009161350702856414,-5.175321900924958,-8.494183052478817,0.0,0.0,300
MZI_null,MZI,MZI_null_01456,0.03006894471205935,-0.1732839312361043,-0.21379957273982342,0.0,0.0,300
MZI_null,MZI,MZI_null_01457,-0.29243425766315506,-3.0525482902294234,-7.655043280153244,0.0,0.0,300
MZI_null,MZI,MZI_null_01458,0.2054551661481277,-5.258163746354258,2.7662108283796893,0.0,0.0,300
MZI_null,MZI,MZI_null_01459,0.14188044655262183,-4.701771057608185,-4.3983548538032355,0.0,0.0,300
MZI_null,MZI,MZI_null_01460,0.052555532457950735,-4.532972111549213,-0.6925460735253774,0.0,0.0,300
MZI_null,MZI,MZI_null_01461,-0.07242413862103775,-7.343475243396901,-7.6914040573733775,0.0,0.0,300
MZI_null,MZI,MZI_null_01462,0.034002637274189576,-3.684673238991876,-2.659269450742397,0.0,0.0,300
MZI_null,MZI,MZI_null_01463,0.1043795758640678,1.5203268298973347,-1.8176341640854274,0.0,0.0,300
MZI_null,MZI,MZI_null_01464,-0.051089806036479224,-0.49957090065834864,-5.070806709098726,0.0,0.0,300
MZI_null,MZI,MZI_null_01465,0.03347295821215455,-0.3443420845335379,1.0406906252528874,0.0,0.0,300
MZI_null,MZI,MZI_null_01466,-0.2905129053753697,-4.2840658094268225,-3.6347897584704,0.0,0.0,300
MZI_null,MZI,MZI_null_01467,0.014983043161381947,-0.5577662606960481,3.4901312223379444,0.0,0.0,300
MZI_null,MZI,MZI_null_01468,-0.07424482205521096,-3.492717494927642,2.449016056636241,0.0,0.0,300
MZI_null,MZI,MZI_null_01469,0.04448654077954576,1.8029545335639217,-0.13381599097049102,0.0,0.0,300
MZI_null,MZI,MZI_null_01470,-0.17356749280699063,-5.99938506433342,-5.654536747176787,0.0,0.0,300
MZI_null,MZI,MZI_null_01471,0.09930777521377097,1.5657904692610245,4.548086424159143,0.0,0.0,300
MZI_null,MZI,MZI_null_01472,0.12646579984848602,1.4885157326049576,-2.740048997961054,0.0,0.0,300
MZI_null,MZI,MZI_null_01473,-0.1734623725115785,0.5502379972526601,0.253042256718202,0.0,0.0,300
MZI_null,MZI,MZI_null_01474,0.01611665615113388,-0.8378855581010303,-0.030443552625382342,0.0,0.0,300
MZI_null,MZI,MZI_null_01475,0.1925725289780342,1.8849567544508674,0.6326610570210411,0.0,0.0,300
MZI_null,MZI,MZI_null_01476,0.12687043088443922,-0.4578123427256724,-2.383509196103857,0.0,0.0,300
MZI_null,MZI,MZI_null_01477,0.113484701236971,-6.183485206577785,2.1616746568876497,0.0,0.0,300
MZI_null,MZI,MZI_null_01478,-0.17917844096490526,-1.1425901396158011,-3.535461875278477,0.0,0.0,300
MZI_null,MZI,MZI_null_01479,0.083008347461164,-2.1017756777837264,-5.784267874489997,0.0,0.0,300
MZI_null,MZI,MZI_null_01480,0.06310494465277182,-3.7337623304981316,1.6434401624401072,0.0,0.0,300
MZI_null,MZI,MZI_null_01481,0.00019885331016108443,-0.8137370438358855,-3.8727068650456355,0.0,0.0,300
MZI_null,MZI,MZI_null_01482,-0.08839983471410429,-3.3759159083032535,1.570107440727667,0.0,0.0,300
MZI_null,MZI,MZI_null_01483,0.25160656317082336,-4.4155152552286285,2.2305444339730407,0.0,0.0,300
MZI_null,MZI,MZI_null_01484,-0.3254516126588553,-5.5825682032768675,-3.8763353685603246,0.0,0.0,300
MZI_null,MZI,MZI_null_01485,-0.20287630341610835,-6.75076516936274,0.2389967364133927,0.0,0.0,300
MZI_null,MZI,MZI_null_01486,-0.032110154659179206,-0.8617838071846708,1.071418058364539,0.0,0.0,300
MZI_null,MZI,MZI_null_01487,0.039842548975880014,-0.026710471548878845,-1.208596858726808,0.0,0.0,300
MZI_null,MZI,MZI_null_01488,-0.1780490082458617,1.1734425424623884,-2.7673363983433807,0.0,0.0,300
MZI_null,MZI,MZI_null_01489,-0.1403394448143639,-2.533753627413194,-3.738432757889539,0.0,0.0,300
MZI_null,MZI,MZI_null_01490,-0.06261455729841484,-0.9678382353096007,0.04502521773838053,0.0,0.0,300
MZI_null,MZI,MZI_null_01491,-0.1346745099638444,-3.4631161188462336,2.222999014310731,0.0,0.0,300
MZI_null,MZI,MZI_null_01492,0.07446001766009117,4.225195118045625,2.540384521224583,0.0,0.0,300
MZI_null,MZI,MZI_null_01493,0.17164396028399084,-6.163605651367406,1.2915810549002678,0.0,0.0,300
MZI_null,MZI,MZI_null_01494,-0.007966020254536597,-3.6529454106147488,-0.4959539784024145,0.0,0.0,300
MZI_null,MZI,MZI_null_01495,0.14178173019172252,-0.4975052269873652,-3.63542140402618,0.0,0.0,300
MZI_null,MZI,MZI_null_01496,0.11136883703889304,-3.9127626262278916,-0.3499506431071413,0.0,0.0,300
MZI_null,MZI,MZI_null_01497,-0.04550251012157013,-2.6565987552068773,1.2987289251215284,0.0,0.0,300
MZI_null,MZI,MZI_null_01498,-0.15602905797238467,3.835585222830799,-6.463258207883489,0.0,0.0,300
MZI_null,MZI,MZI_null_01499,-0.08965015248822857,-0.8893643301747771,0.7529424993059295,0.0,0.0,300
MZI_null,MZI,MZI_null_01500,-0.01507135808575577,-2.1721721090046273,0.23165025598284972,0.0,0.0,300
MZI_null,MZI,MZI_null_01501,-0.03466042161865204,2.179543773804718,1.5180473426948065,0.0,0.0,300
MZI_null,MZI,MZI_null_01502,0.13092365265084518,-4.898470170111251,-1.2381652732171087,0.0,0.0,300
MZI_null,MZI,MZI_null_01503,-0.045069892308105555,-5.016804127068397,0.08049255183730075,0.0,0.0,300
MZI_null,MZI,MZI_null_01504,-0.08064686366697248,-0.03378851044928899,-4.210574688682995,0.0,0.0,300
MZI_null,MZI,MZI_null_01505,0.2578560919262731,-4.688997975776186,-0.34209298839869184,0.0,0.0,300
MZI_null,MZI,MZI_null_01506,0.11877889655821013,-3.7119212906003383,1.5574059302988519,0.0,0.0,300
MZI_null,MZI,MZI_null_01507,-0.18437753967006243,2.3563530975476814,-0.9575522051027251,0.0,0.0,300
MZI_null,MZI,MZI_null_01508,-0.08946171119533193,-2.8975453172823036,1.4267578081781584,0.0,0.0,300
MZI_null,MZI,MZI_null_01509,-0.08766829377756573,-4.248073068268333,-1.6646097927512145,0.0,0.0,300
MZI_null,MZI,MZI_null_01510,-0.17654431691549521,3.4616317238254464,-2.6991837736441697,0.0,0.0,300
MZI_null,MZI,MZI_null_01511,0.12474251792706054,-1.3715897490566822,-3.9536021514459043,0.0,0.0,300
MZI_null,MZI,MZI_null_01512,-0.0008932063819094074,0.35200833793224406,-1.5647840052589197,0.0,0.0,300
MZI_null,MZI,MZI_null_01513,0.1789669418776542,1.0645461783455916,1.756744563974988,0.0,0.0,300
MZI_null,MZI,MZI_null_01514,-0.06894851584094953,-5.239527343344461,-2.8407628160883833,0.0,0.0,300
MZI_null,MZI,MZI_null_01515,0.029436141100008067,-0.3626398594029334,-7.514714214281343,0.0,0.0,300
MZI_null,MZI,MZI_null_01516,-0.0012169802417625435,-1.5257323240304468,-1.8326327689466546,0.0,0.0,300
MZI_null,MZI,MZI_null_01517,0.19369107585238182,-0.7346597772473873,2.930575724242691,0.0,0.0,300
MZI_null,MZI,MZI_null_01518,-0.03239407805253483,0.8124324775207747,3.9051991835825586,0.0,0.0,300
MZI_null,MZI,MZI_null_01519,0.19675401739089915,-5.276424780286199,-1.761028232627143,0.0,0.0,300
MZI_null,MZI,MZI_null_01520,-0.051774705817469464,-0.5322363947710171,1.0590606650435994,0.0,0.0,300
MZI_null,MZI,MZI_null_01521,-0.12583390110386045,-1.796484458249187,-7.059781996468409,0.0,0.0,300
MZI_null,MZI,MZI_null_01522,0.2162917508702835,-3.5371227220300807,-0.8324081804665091,0.0,0.0,300
MZI_null,MZI,MZI_null_01523,-0.04644745709820918,1.4380827250402453,-9.512519324192137,0.0,0.0,300
MZI_null,MZI,MZI_null_01524,-0.002491551348886348,-2.317456272493094,-2.3609091627750485,0.0,0.0,300
MZI_null,MZI,MZI_null_01525,0.2589339818453449,-4.661988376567313,1.3153885317069838,0.0,0.0,300
MZI_null,MZI,MZI_null_01526,0.05343791830591253,1.7845577576065477,-3.001567254332516,0.0,0.0,300
MZI_null,MZI,MZI_null_01527,-0.10994533486856384,1.2882097224321956,0.2759639249903312,0.0,0.0,300
MZI_null,MZI,MZI_null_01528,-0.23174060200151378,-3.6179150433898113,0.15914796154418287,0.0,0.0,300
MZI_null,MZI,MZI_null_01529,0.12566463323198837,-4.037691959578865,-9.742767969450824,0.0,0.0,300
MZI_null,MZI,MZI_null_01530,0.07848347786055497,-5.660962069831927,-7.052016394367234,0.0,0.0,300
MZI_null,MZI,MZI_null_01531,-0.4248488887476211,0.44194258059322333,-0.6141476487851004,0.0,0.0,300
MZI_null,MZI,MZI_null_01532,-0.033848457106837745,2.1670730888882854,0.9119740490692176,0.0,0.0,300
MZI_null,MZI,MZI_null_01533,0.24244500640828748,-6.17820641650099,-1.1036518718618906,0.0,0.0,300
MZI_null,MZI,MZI_null_01534,-0.24250700624220212,-2.6881469955664015,-1.7458475613000322,0.0,0.0,300
MZI_null,MZI,MZI_null_01535,0.09399204558946063,-1.8633083565743052,0.8702214148397467,0.0,0.0,300
MZI_null,MZI,MZI_null_01536,0.10551601997083412,4.464786032149426,-1.945889965858373,0.0,0.0,300
MZI_null,MZI,MZI_null_01537,-0.14115340509995686,-1.2617491540507735,-3.4068400814186304,0.0,0.0,300
MZI_null,MZI,MZI_null_01538,0.22229411526548037,-2.8496541168356977,-2.696729103621971,0.0,0.0,300
MZI_null,MZI,MZI_null_01539,-0.07069735817266769,0.15525227041492284,-1.4732409496944556,0.0,0.0,300
MZI_null,MZI,MZI_null_01540,-0.09625002301955735,2.9960557528705927,-3.5685095219852503,0.0,0.0,300
MZI_null,MZI,MZI_null_01541,0.005334911104949029,-0.04308154516930873,-5.89400533125122,0.0,0.0,300
MZI_null,MZI,MZI_null_01542,0.07203907521088873,-5.165323026441348,1.4683483425020074,0.0,0.0,300
MZI_null,MZI,MZI_null_01543,-0.14439765178784644,0.07830709554658144,2.3174991988841382,0.0,0.0,300
MZI_null,MZI,MZI_null_01544,0.12921547884492074,-1.2460500552856928,-1.6939028287890983,0.0,0.0,300
MZI_null,MZI,MZI_null_01545,-0.08646293645022658,2.4131040724513113,-3.09848566050293,0.0,0.0,300
MZI_null,MZI,MZI_null_01546,-0.1555599110354994,-0.0038931949015099665,-3.3884104095594862,0.0,0.0,300
MZI_null,MZI,MZI_null_01547,-0.14250952461991906,-6.330812786509295,-2.448729518381553,0.0,0.0,300
MZI_null,MZI,MZI_null_01548,-0.01240725358447398,-1.2707248170179035,1.85391873289845,0.0,0.0,300
MZI_null,MZI,MZI_null_01549,0.07903468854986904,-2.5726166586595394,-1.5945870291391597,0.0,0.0,300
MZI_null,MZI,MZI_null_01550,0.07652362033727751,1.8177104887857087,-0.6210574015503995,0.0,0.0,300
MZI_null,MZI,MZI_null_01551,-0.07036962813156133,-4.978598003256637,-5.335615793236677,0.0,0.0,300
MZI_null,MZI,MZI_null_01552,0.09994045080652847,-0.26606442908132855,0.7320905753199847,0.0,0.0,300
MZI_null,MZI,MZI_null_01553,-0.019298916952808384,2.220804237675252,-2.4523554837544532,0.0,0.0,300
MZI_null,MZI,MZI_null_01554,0.14329038558108081,-2.116228684968629,-2.825052294038013,0.0,0.0,300
MZI_null,MZI,MZI_null_01555,0.0888795460976642,-0.7710916439480189,0.07091827780077842,0.0,0.0,300
MZI_null,MZI,MZI_null_01556,0.012191763308429812,-2.1136792451504927,6.165115978611316,0.0,0.0,300
MZI_null,MZI,MZI_null_01557,0.17763849677942592,0.16848068495653656,-0.6646025253898352,0.0,0.0,300
MZI_null,MZI,MZI_null_01558,0.15107358008950036,-0.4460156708256444,-0.921385741677893,0.0,0.0,300
MZI_null,MZI,MZI_null_01559,-0.04553464878988726,-2.2427520129880647,-10.511277207634167,0.0,0.0,300
MZI_null,MZI,MZI_null_01560,0.031590125894646263,-3.465428240331079,3.7780099948486523,0.0,0.0,300
MZI_null,MZI,MZI_null_01561,0.0029016106217631434,-5.566890258604886,-1.149640462384353,0.0,0.0,300
MZI_null,MZI,MZI_null_01562,-0.15691816275937562,-0.5797777528626007,-0.12715790698154383,0.0,0.0,300
MZI_null,MZI,MZI_null_01563,0.14367594466624015,-4.372645375083696,-0.8979757113155595,0.0,0.0,300
MZI_null,MZI,MZI_null_01564,-0.2047532693139953,0.10448434577414334,0.5566135413203661,0.0,0.0,300
MZI_null,MZI,MZI_null_01565,0.07437075315413562,-1.9951429059291765,0.24431867236637284,0.0,0.0,300
MZI_null,MZI,MZI_null_01566,0.24065086624628942,-2.855282771126042,-0.5840644488697465,0.0,0.0,300
MZI_null,MZI,MZI_null_01567,-0.16291894487721145,-4.6047828847949965,-0.7065601207200778,0.0,0.0,300
MZI_null,MZI,MZI_null_01568,0.16559003200528608,-2.7688424727547174,-1.7077495879363718,0.0,0.0,300
MZI_null,MZI,MZI_null_01569,-0.0610327866756562,-3.6042700125329694,-0.11508563287353535,0.0,0.0,300
MZI_null,MZI,MZI_null_01570,-0.22458864677679669,1.8428187300001824,-2.9962668943883815,0.0,0.0,300
MZI_null,MZI,MZI_null_01571,0.10828552281572121,-5.809995792181628,1.0065203916386545,0.0,0.0,300
MZI_null,MZI,MZI_null_01572,0.10079169117217462,-0.8473937839823105,-3.9832855653993766,0.0,0.0,300
MZI_null,MZI,MZI_null_01573,0.03743222843971155,-5.549168554203167,-1.758289765288556,0.0,0.0,300
MZI_null,MZI,MZI_null_01574,0.15441196514329888,0.39010578121222617,-0.9544511723787006,0.0,0.0,300
MZI_null,MZI,MZI_null_01575,-0.1462209863884263,-0.06323686347741964,-0.9418562869059244,0.0,0.0,300
MZI_null,MZI,MZI_null_01576,-0.3480473397345635,0.34788947894955413,-1.0726985016090764,0.0,0.0,300
MZI_null,MZI,MZI_null_01577,0.18036768719746082,-5.285811556528414,-10.530111439588001,0.0,0.0,300
MZI_null,MZI,MZI_null_01578,0.041862578751777776,-1.1253089699540817,-6.072014882819356,0.0,0.0,300
MZI_null,MZI,MZI_null_01579,-0.14677493187999094,6.265653231159705,-1.9168318424614101,0.0,0.0,300
MZI_null,MZI,MZI_null_01580,0.10964384645643241,-3.951979482105151,-7.27090869655947,0.0,0.0,300
MZI_null,MZI,MZI_null_01581,-0.025538737019385825,-2.7968136808583157,-2.1996347160051144,0.0,0.0,300
MZI_null,MZI,MZI_null_01582,-0.017196125325958867,-1.2071951850630904,-1.4503508537614198,0.0,0.0,300
MZI_null,MZI,MZI_null_01583,-0.18960092519210456,-0.5414456253141833,-6.8481152659672695,0.0,0.0,300
MZI_null,MZI,MZI_null_01584,-0.30755361859263003,0.21754148410470364,0.5210608164060706,0.0,0.0,300
MZI_null,MZI,MZI_null_01585,-0.0086093047611054,-6.186345514265216,-3.123732822022226,0.0,0.0,300
MZI_null,MZI,MZI_null_01586,-0.0394120121529756,-6.78768190572234,-3.2170859740696987,0.0,0.0,300
MZI_null,MZI,MZI_null_01587,0.09784955072650198,2.2819160928676494,-2.258304257975652,0.0,0.0,300
MZI_null,MZI,MZI_null_01588,0.11347325314741476,-7.742180211762402,0.9783537233408346,0.0,0.0,300
MZI_null,MZI,MZI_null_01589,-0.12059226220912214,-1.0779631498760898,-1.7432572547191278,0.0,0.0,300
MZI_null,MZI,MZI_null_01590,0.1980621014675751,-4.623306945019754,0.8828188926854932,0.0,0.0,300
MZI_null,MZI,MZI_null_01591,-0.04192611949448002,-2.4749164340289913,-1.551561679477629,0.0,0.0,300
MZI_null,MZI,MZI_null_01592,-0.12685096567411694,-2.0422968977200147,-1.1879446663654645,0.0,0.0,300
MZI_null,MZI,MZI_null_01593,0.03618603726100939,-1.7464845629214123,1.3939836488367088,0.0,0.0,300
MZI_null,MZI,MZI_null_01594,0.1385262924071053,-5.151869965483403,1.6063175017723132,0.0,0.0,300
MZI_null,MZI,MZI_null_01595,-0.17795046406647816,-0.236432335586795,0.859216354108606,0.0,0.0,300
MZI_null,MZI,MZI_null_01596,-0.2866975337493756,-1.7210622604117711,-2.405488340080947,0.0,0.0,300
MZI_null,MZI,MZI_null_01597,-0.11381478869030624,2.052556992097016,-2.961037421912257,0.0,0.0,300
MZI_null,MZI,MZI_null_01598,-0.12095653936770746,-1.7729151799847196,1.0567692388952494,0.0,0.0,300
MZI_null,MZI,MZI_null_01599,-0.021247287901519033,1.4991116370077564,0.5929269858922717,0.0,0.0,300
MZI_null,MZI,MZI_null_01600,-0.3267316979597145,-3.588400890521025,-2.6855262980550973,0.0,0.0,300
MZI_null,MZI,MZI_null_01601,0.07190414301441335,-9.874451169122334,6.647029126153166,0.0,0.0,300
MZI_null,MZI,MZI_null_01602,0.0796539142341315,-1.5533695882469267,2.5447031492574386,0.0,0.0,300
MZI_null,MZI,MZI_null_01603,0.3515481079218937,0.6122399337652098,1.8464392894148602,0.0,0.0,300
MZI_null,MZI,MZI_null_01604,0.019603503669657348,-2.424577260100845,-2.4273863320147036,0.0,0.0,300
MZI_null,MZI,MZI_null_01605,-0.12391679875718131,-4.061042299098492,-5.05166789302895,0.0,0.0,300
MZI_null,MZI,MZI_null_01606,-0.011380717602753498,-7.0540027316791605,-0.427250427568868,0.0,0.0,300
MZI_null,MZI,MZI_null_01607,-0.005449591206351261,-1.5591941048399367,-2.5663947100599773,0.0,0.0,300
MZI_null,MZI,MZI_null_01608,0.4615290555270755,2.0803477005409388,-4.733627500254168,0.0,0.0,300
MZI_null,MZI,MZI_null_01609,0.034930213114034735,-3.8240184288119705,-4.043439180122242,0.0,0.0,300
MZI_null,MZI,MZI_null_01610,-0.20101081066859022,-0.7033499277222381,-3.0441407052087217,0.0,0.0,300
MZI_null,MZI,MZI_null_01611,0.1451739036037806,0.981346643591317,3.1217431556343485,0.0,0.0,300
MZI_null,MZI,MZI_null_01612,-0.12785801491111554,-0.5739031679239694,0.8973626499269025,0.0,0.0,300
MZI_null,MZI,MZI_null_01613,-0.07112672626559473,-4.315315872178625,3.8285619973279186,0.0,0.0,300
MZI_null,MZI,MZI_null_01614,0.03412438135980806,-0.09209674786478628,-3.466228035483782,0.0,0.0,300
MZI_null,MZI,MZI_null_01615,-0.18289266997832906,-3.708349323476331,-1.3720641621699912,0.0,0.0,300
MZI_null,MZI,MZI_null_01616,-0.15963300102260233,-2.029534425951149,-6.0655155642055,0.0,0.0,300
MZI_null,MZI,MZI_null_01617,-0.16800711337048083,0.012733744830625504,0.8113715608336824,0.0,0.0,300
MZI_null,MZI,MZI_null_01618,-0.058781514808029955,-5.053292927230859,-4.082210654578033,0.0,0.0,300
MZI_null,MZI,MZI_null_01619,-0.05599023689119711,-0.06644452506412568,1.7847370740329738,0.0,0.0,300
MZI_null,MZI,MZI_null_01620,-0.07447976032229535,-5.460477277954352,-0.19646908640100014,0.0,0.0,300
MZI_null,MZI,MZI_null_01621,-0.12353024559387742,-3.554757916583607,2.9758282713111126,0.0,0.0,300
MZI_null,MZI,MZI_null_01622,0.1240673142848652,-1.5260770632456448,-4.8157570033381685,0.0,0.0,300
MZI_null,MZI,MZI_null_01623,0.03170948512059883,1.1879718723625796,-2.1269009972966066,0.0,0.0,300
MZI_null,MZI,MZI_null_01624,0.20266711349800726,1.8782358685546212,3.99119849643042,0.0,0.0,300
MZI_null,MZI,MZI_null_01625,0.04578646897970294,-0.23782490058196326,3.24256186499327,0.0,0.0,300
MZI_null,MZI,MZI_null_01626,0.06710909056034634,-3.5037023233706384,-2.345628509583584,0.0,0.0,300
MZI_null,MZI,MZI_null_01627,0.03578324306606087,-5.871684265838656,-1.4297767460925779,0.0,0.0,300
MZI_null,MZI,MZI_null_01628,0.16448206773453805,-8.573761553495842,3.603446305383545,0.0,0.0,300
MZI_null,MZI,MZI_null_01629,0.16835613280547393,-3.3792938474914287,0.6301724836154288,0.0,0.0,300
MZI_null,MZI,MZI_null_01630,0.00047215903594899496,1.689971105316049,1.9480494283098233,0.0,0.0,300
MZI_null,MZI,MZI_null_01631,-0.21001060847745137,-0.23821275960746968,-1.616883560929743,0.0,0.0,300
MZI_null,MZI,MZI_null_01632,0.012424885577714985,-4.184515702909446,4.244411207362506,0.0,0.0,300
MZI_null,MZI,MZI_null_01633,0.1560092729853864,-4.219313491918902,-5.0038318207306975,0.0,0.0,300
MZI_null,MZI,MZI_null_01634,-0.057850894646677226,-0.6964920617260828,-0.27938246816133105,0.0,0.0,300
MZI_null,MZI,MZI_null_01635,0.1879699237152365,0.3697591665425568,1.9087070772587205,0.0,0.0,300
MZI_null,MZI,MZI_null_01636,0.0490283100915656,-6.167896190632971,-1.5870955934407043,0.0,0.0,300
MZI_null,MZI,MZI_null_01637,0.15901346098629981,-2.154568785573938,0.5092711058712402,0.0,0.0,300
MZI_null,MZI,MZI_null_01638,-0.04781224728691997,-5.089435545625535,-1.3700321921383314,0.0,0.0,300
MZI_null,MZI,MZI_null_01639,0.04635711645489809,-3.967063158384331,-1.7071337345700055,0.0,0.0,300
MZI_null,MZI,MZI_null_01640,-0.14091948629789738,1.3577347526922878,-1.883367272764102,0.0,0.0,300
MZI_null,MZI,MZI_null_01641,0.21791333176892747,2.586243551622726,-1.2431378941652313,0.0,0.0,300
MZI_null,MZI,MZI_null_01642,-0.15126730988210244,-8.257693633200011,-5.416111219080374,0.0,0.0,300
MZI_null,MZI,MZI_null_01643,-0.206075223734799,2.135408882384514,-0.6525262383191617,0.0,0.0,300
MZI_null,MZI,MZI_null_01644,0.05844067861379817,-8.661263026805377,-4.593899287651785,0.0,0.0,300
MZI_null,MZI,MZI_null_01645,0.13306196646694304,-1.1396776628522414,-1.4416158360567919,0.0,0.0,300
MZI_null,MZI,MZI_null_01646,0.08472635379001837,2.9073934184074446,-1.6631273906111517,0.0,0.0,300
MZI_null,MZI,MZI_null_01647,0.010405470398710414,-1.4222092438060847,6.176328905821977,0.0,0.0,300
MZI_null,MZI,MZI_null_01648,-0.31490343966285383,0.04966904436642405,-1.344406746277191,0.0,0.0,300
MZI_null,MZI,MZI_null_01649,0.08501575892762693,-3.972117661984173,-1.1468950925753507,0.0,0.0,300
MZI_null,MZI,MZI_null_01650,0.10671158691982427,7.338730603131523,1.4241085682062145,0.0,0.0,300
MZI_null,MZI,MZI_null_01651,-0.12720983970457628,-3.27127904606811,-2.360242325151562,0.0,0.0,300
MZI_null,MZI,MZI_null_01652,-0.2693464758945022,-2.990270575104312,1.1984872454652349,0.0,0.0,300
MZI_null,MZI,MZI_null_01653,-0.19113481786151926,1.1454479531517774,0.46332446325301446,0.0,0.0,300
MZI_null,MZI,MZI_null_01654,-0.11013499829565568,-2.4245889120135424,3.7949654229230987,0.0,0.0,300
MZI_null,MZI,MZI_null_01655,0.11003217202587988,-1.9736490353055565,-1.7130499508829529,0.0,0.0,300
MZI_null,MZI,MZI_null_01656,0.011491360567748942,-3.5352906738269105,-7.3142485171570435,0.0,0.0,300
MZI_null,MZI,MZI_null_01657,0.3063266865802096,-1.5340250024017956,0.19444179536761141,0.0,0.0,300
MZI_null,MZI,MZI_null_01658,-0.008686162481536308,-4.205350402173764,-1.5577734428463121,0.0,0.0,300
MZI_null,MZI,MZI_null_01659,-0.23990921432914666,4.831259494159914,-4.703535995267188,0.0,0.0,300
MZI_null,MZI,MZI_null_01660,-0.1547949425770769,-3.3207776131592013,2.864227174557133,0.0,0.0,300
MZI_null,MZI,MZI_null_01661,0.0021763498893981204,-5.708407388091388,2.7630150822720188,0.0,0.0,300
MZI_null,MZI,MZI_null_01662,0.1096500940178222,-0.3846951283506428,1.147202723512521,0.0,0.0,300
MZI_null,MZI,MZI_null_01663,0.35915428508736763,4.555284685108337,-3.0601460290098856,0.0,0.0,300
MZI_null,MZI,MZI_null_01664,0.24358274892167284,-0.850495430723299,0.4972874484132481,0.0,0.0,300
MZI_null,MZI,MZI_null_01665,-0.25384062474649927,-2.511157296164588,-3.438470771009695,0.0,0.0,300
MZI_null,MZI,MZI_null_01666,0.12420882223399637,1.2132415012084152,-7.223459053048934,0.0,0.0,300
MZI_null,MZI,MZI_null_01667,-0.0033052296006405675,1.3655845143827565,-1.560036886940335,0.0,0.0,300
MZI_null,MZI,MZI_null_01668,0.10935954675035466,-0.9465035971187479,0.0249806958578791,0.0,0.0,300
MZI_null,MZI,MZI_null_01669,-0.04069724671024462,-5.649742412407129,-4.364590442275082,0.0,0.0,300
MZI_null,MZI,MZI_null_01670,0.10640287716829758,-1.9416252334433506,-1.4155367338216742,0.0,0.0,300
MZI_null,MZI,MZI_null_01671,-0.06358350634835289,-2.915566536442255,2.1407353834644183,0.0,0.0,300
MZI_null,MZI,MZI_null_01672,-0.05028661228020401,-6.023194139904707,1.2309553266205198,0.0,0.0,300
MZI_null,MZI,MZI_null_01673,-0.030731499579707583,-1.9058124034016706,3.822734919198531,0.0,0.0,300
MZI_null,MZI,MZI_null_01674,-0.0030840836025760776,-1.132448980643824,-4.5367704738949755,0.0,0.0,300
MZI_null,MZI,MZI_null_01675,-0.03295041785264402,-0.17142186437419626,-5.666121201523727,0.0,0.0,300
MZI_null,MZI,MZI_null_01676,0.030126763967356435,-1.697626782065581,-0.8761376332376818,0.0,0.0,300
MZI_null,MZI,MZI_null_01677,0.15557383479873646,-0.9966844554544356,3.434215695069332,0.0,0.0,300
MZI_null,MZI,MZI_null_01678,-0.1490384273391054,-1.592226298344956,-0.7465996408301577,0.0,0.0,300
MZI_null,MZI,MZI_null_01679,-0.160388174063262,0.8688850062740383,5.974019917558454,0.0,0.0,300
MZI_null,MZI,MZI_null_01680,-0.0025509111725746493,-0.4849367351786993,-0.7464445725540183,0.0,0.0,300
MZI_null,MZI,MZI_null_01681,-0.10703770048607637,-7.462280833406049,-3.1173204492860953,0.0,0.0,300
MZI_null,MZI,MZI_null_01682,-0.2087937571427597,3.1123062341773533,-1.3453290817697174,0.0,0.0,300
MZI_null,MZI,MZI_null_01683,-0.051887899357075606,0.6674614743634177,-4.365253308567664,0.0,0.0,300
MZI_null,MZI,MZI_null_01684,-0.11502960570068285,-1.795783192254137,2.0863069742704416,0.0,0.0,300
MZI_null,MZI,MZI_null_01685,0.07525275677531823,-1.2550245724523534,-0.7656467942919509,0.0,0.0,300
MZI_null,MZI,MZI_null_01686,0.06003537832901627,-1.395041284612236,-4.089916824330807,0.0,0.0,300
MZI_null,MZI,MZI_null_01687,0.006911883244972701,-5.221065976753257,-0.7567523712975288,0.0,0.0,300
MZI_null,MZI,MZI_null_01688,-0.07209719122323621,5.618144868348584,-1.1196831512551357,0.0,0.0,300
MZI_null,MZI,MZI_null_01689,-0.2106359349392383,-2.4025406320307736,0.5580762369136643,0.0,0.0,300
MZI_null,MZI,MZI_null_01690,0.25100459192287855,-3.7683571998161556,-5.74728392207092,0.0,0.0,300
MZI_null,MZI,MZI_null_01691,0.12252555171464717,-6.141796117698954,-2.3084663245224553,0.0,0.0,300
MZI_null,MZI,MZI_null_01692,-0.038643072826649104,-2.2089003599003245,1.0674933712230068,0.0,0.0,300
MZI_null,MZI,MZI_null_01693,-0.10254514234295815,-2.821187756500282,-1.0428110588481656,0.0,0.0,300
MZI_null,MZI,MZI_null_01694,0.022439693627818207,-1.706518475876232,0.30801732566773943,0.0,0.0,300
MZI_null,MZI,MZI_null_01695,0.1265759264462606,-0.822097653047096,0.3607565705276552,0.0,0.0,300
MZI_null,MZI,MZI_null_01696,-0.23733347501197163,-1.8493169025029585,0.43852264400482577,0.0,0.0,300
MZI_null,MZI,MZI_null_01697,0.10934117918556753,-4.077052322701382,-2.977117824665935,0.0,0.0,300
MZI_null,MZI,MZI_null_01698,-0.08611510129253974,-0.3907583003259698,2.101643164772626,0.0,0.0,300
MZI_null,MZI,MZI_null_01699,-0.061119016093740236,0.7238869408811466,-0.6295605725062174,0.0,0.0,300
MZI_null,MZI,MZI_null_01700,-0.01864286657436544,-2.6341526894539067,1.2398340938064716,0.0,0.0,300
MZI_null,MZI,MZI_null_01701,0.048836672518060516,4.8274762829429125,-3.556673928991972,0.0,0.0,300
MZI_null,MZI,MZI_null_01702,0.07771525530449636,-3.5876030294345385,-3.6078609609659313,0.0,0.0,300
MZI_null,MZI,MZI_null_01703,-0.0016300705552458215,-1.5879425617788918,7.7545206651802765,0.0,0.0,300
MZI_null,MZI,MZI_null_01704,-0.02762187235248031,-5.390536188454051,-0.1809678475168428,0.0,0.0,300
MZI_null,MZI,MZI_null_01705,-0.3111960056319552,-2.2758703478127975,-0.9519241531145187,0.0,0.0,300
MZI_null,MZI,MZI_null_01706,0.11919005744178171,0.9208667482835406,-2.510708856723152,0.0,0.0,300
MZI_null,MZI,MZI_null_01707,-0.02259210219448995,-4.2983624918320125,-4.384187664423082,0.0,0.0,300
MZI_null,MZI,MZI_null_01708,0.04648421690709518,-5.820756645789798,-2.2438807017155895,0.0,0.0,300
MZI_null,MZI,MZI_null_01709,-0.14927609398488562,-0.3509504411292208,4.404290297799464,0.0,0.0,300
MZI_null,MZI,MZI_null_01710,-0.19523819742049967,-7.559055448692707,-1.3746606560502022,0.0,0.0,300
MZI_null,MZI,MZI_null_01711,0.0023546693936637567,-1.3440220797281068,-2.3389615457030346,0.0,0.0,300
MZI_null,MZI,MZI_null_01712,-0.03009589482381477,-0.8974687683781934,2.121292677934517,0.0,0.0,300
MZI_null,MZI,MZI_null_01713,-0.2932573155477424,-3.106818317094387,-0.35857361817680977,0.0,0.0,300
MZI_null,MZI,MZI_null_01714,-0.1376964156916104,3.193508895301899,-2.906229640686211,0.0,0.0,300
MZI_null,MZI,MZI_null_01715,-0.006193903051092425,-0.3319337094731276,-2.7738543664056836,0.0,0.0,300
MZI_null,MZI,MZI_null_01716,-0.27698595717066254,-3.2859635807495997,2.0883216677811216,0.0,0.0,300
MZI_null,MZI,MZI_null_01717,-0.050534269017770785,-4.539302904376935,1.7770166285081652,0.0,0.0,300
MZI_null,MZI,MZI_null_01718,-0.04961623440345791,-3.5304824409506517,-0.5516317310100713,0.0,0.0,300
MZI_null,MZI,MZI_null_01719,0.1156125314428181,5.145140595197638,1.4817083229722692,0.0,0.0,300
MZI_null,MZI,MZI_null_01720,0.17397599495825164,-3.517898596963566,-4.077604317908429,0.0,0.0,300
MZI_null,MZI,MZI_null_01721,0.009349702442868445,-1.6784902542212112,-4.2355382240937915,0.0,0.0,300
MZI_null,MZI,MZI_null_01722,-0.026294179485601924,-0.8020471948426073,0.0811801850542404,0.0,0.0,300
MZI_null,MZI,MZI_null_01723,0.07564317800764085,-1.1271058095876711,-2.5210259778101674,0.0,0.0,300
MZI_null,MZI,MZI_null_01724,-0.07708509399732648,-5.596854193981628,4.354325117555285,0.0,0.0,300
MZI_null,MZI,MZI_null_01725,0.002017554692893951,-2.674559167384556,-3.7863762443573763,0.0,0.0,300
MZI_null,MZI,MZI_null_01726,0.4403486853491667,-5.219984096668687,-2.2865437768182204,0.0,0.0,300
MZI_null,MZI,MZI_null_01727,0.06237552544290907,-0.1993611027671669,1.873796165647052,0.0,0.0,300
MZI_null,MZI,MZI_null_01728,0.27114127616538947,-0.481527033617863,-4.168092399900003,0.0,0.0,300
MZI_null,MZI,MZI_null_01729,-0.038541768768267225,-1.0765028824583451,5.204678124517471,0.0,0.0,300
MZI_null,MZI,MZI_null_01730,-0.20967082176364454,1.6077295156756826,-0.46025689136074965,0.0,0.0,300
MZI_null,MZI,MZI_null_01731,0.1256745802844221,-2.305984149907796,-3.5272978903789793,0.0,0.0,300
MZI_null,MZI,MZI_null_01732,0.1126309169101998,-0.03670691868313636,1.9161708972191658,0.0,0.0,300
MZI_null,MZI,MZI_null_01733,-0.0019956953067952962,-3.799466069959548,-5.676360985071525,0.0,0.0,300
MZI_null,MZI,MZI_null_01734,0.12290599022091095,-0.7283315526680418,-3.8973478985918777,0.0,0.0,300
MZI_null,MZI,MZI_null_01735,-0.08078605099449362,-3.4002764358543214,-5.448953295947255,0.0,0.0,300
MZI_null,MZI,MZI_null_01736,-0.12265235949077005,-5.401491070419063,-2.23743703566381,0.0,0.0,300
MZI_null,MZI,MZI_null_01737,-0.11080462474943441,-6.8810147626002465,5.067770691708445,0.0,0.0,300
MZI_null,MZI,MZI_null_01738,0.1878811096543846,-4.337058264559957,-0.1827358100391704,0.0,0.0,300
MZI_null,MZI,MZI_null_01739,0.06261976347319424,1.5732575643204303,-3.455815079980236,0.0,0.0,300
MZI_null,MZI,MZI_null_01740,0.16381601759736392,-3.643715912620805,-5.00758721250584,0.0,0.0,300
MZI_null,MZI,MZI_null_01741,0.10862048389717459,1.8722752723672844,6.763726920592054,0.0,0.0,300
MZI_null,MZI,MZI_null_01742,-0.17995878976353202,0.09675905524236672,-2.229403731380599,0.0,0.0,300
MZI_null,MZI,MZI_null_01743,0.11750380657860468,-6.411468653693752,-4.788309327095693,0.0,0.0,300
MZI_null,MZI,MZI_null_01744,-0.11638122347497257,-1.7631078629957464,-2.923243799615066,0.0,0.0,300
MZI_null,MZI,MZI_null_01745,0.09885815158701294,1.080683854773743,0.7987326237360675,0.0,0.0,300
MZI_null,MZI,MZI_null_01746,0.2428181459491302,-0.752520111633971,-4.650690131020501,0.0,0.0,300
MZI_null,MZI,MZI_null_01747,0.20450647703075095,-3.815468706817992,1.7312554990567097,0.0,0.0,300
MZI_null,MZI,MZI_null_01748,0.23606013248326593,-0.6299359678088026,-5.488476439493949,0.0,0.0,300
MZI_null,MZI,MZI_null_01749,-0.13773182497646871,1.9682334006554068,-1.507368056928449,0.0,0.0,300
MZI_null,MZI,MZI_null_01750,0.011936030241324875,0.2764732484908281,1.0889685862409704,0.0,0.0,300
MZI_null,MZI,MZI_null_01751,0.041819971857819105,-2.6260051136613978,-1.938005337197072,0.0,0.0,300
MZI_null,MZI,MZI_null_01752,0.12868482379370144,-0.3392914067966202,-1.7719000018533688,0.0,0.0,300
MZI_null,MZI,MZI_null_01753,0.1623168469489711,-2.3871023453893514,-3.55498652300318,0.0,0.0,300
MZI_null,MZI,MZI_null_01754,-0.11384560483550171,-4.936222508929298,-1.8172300498110616,0.0,0.0,300
MZI_null,MZI,MZI_null_01755,0.18505864175042894,-4.415285543091526,-0.43457271694569133,0.0,0.0,300
MZI_null,MZI,MZI_null_01756,-0.09850340184411198,-2.7809271238143127,-5.530123635955757,0.0,0.0,300
MZI_null,MZI,MZI_null_01757,-0.03308073437348061,-2.581116139414886,0.6208638321070861,0.0,0.0,300
MZI_null,MZI,MZI_null_01758,0.03349213698830558,-5.595176374856136,2.2525947321306283,0.0,0.0,300
MZI_null,MZI,MZI_null_01759,0.0315454560332993,-1.4048194484675398,-1.0275470601554169,0.0,0.0,300
MZI_null,MZI,MZI_null_01760,-0.07766361708333296,-1.3465929807538217,0.42676530778574717,0.0,0.0,300
MZI_null,MZI,MZI_null_01761,-0.2620343537018332,-3.6162825120382873,-1.764840911210768,0.0,0.0,300
MZI_null,MZI,MZI_null_01762,0.03842559085414172,1.5799330177813777,-3.315222443790347,0.0,0.0,300
MZI_null,MZI,MZI_null_01763,-0.0746942770226763,-3.53760233193965,-3.404582770313625,0.0,0.0,300
MZI_null,MZI,MZI_null_01764,-0.05207797426683937,0.3124066599639135,-4.161506486093037,0.0,0.0,300
MZI_null,MZI,MZI_null_01765,0.06417215927293547,-7.1057066900550065,-2.6840139893266177,0.0,0.0,300
MZI_null,MZI,MZI_null_01766,-0.04942339503269791,3.0245790187421946,-1.8244069142580641,0.0,0.0,300
MZI_null,MZI,MZI_null_01767,-0.33018652101763774,-7.996666720583749,-0.897911240959957,0.0,0.0,300
MZI_null,MZI,MZI_null_01768,0.0920656283684863,-0.8736324271182416,-0.4972896825970291,0.0,0.0,300
MZI_null,MZI,MZI_null_01769,0.17433893962585004,-3.618773662211395,1.6847316680804756,0.0,0.0,300
MZI_null,MZI,MZI_null_01770,-0.2448022327539626,-4.714843498814199,-6.421124184795449,0.0,0.0,300
MZI_null,MZI,MZI_null_01771,-0.04122679510046883,-2.1387836517990277,-0.6576955233204402,0.0,0.0,300
MZI_null,MZI,MZI_null_01772,0.00928250293307028,-4.782659992435184,-1.570722533239647,0.0,0.0,300
MZI_null,MZI,MZI_null_01773,-0.2246170002908623,2.0896869253967516,-1.910878218694003,0.0,0.0,300
MZI_null,MZI,MZI_null_01774,-0.07333291785655369,2.7668209853322487,-4.726739600647687,0.0,0.0,300
MZI_null,MZI,MZI_null_01775,-0.16883806710479535,-5.288660974605696,-1.2036141450984457,0.0,0.0,300
MZI_null,MZI,MZI_null_01776,0.0647447444456396,0.2190264043535013,6.715985952484907,0.0,0.0,300
MZI_null,MZI,MZI_null_01777,-0.33741486813011456,-0.17379323262674928,-2.6713917177166935,0.0,0.0,300
MZI_null,MZI,MZI_null_01778,-0.08796227233331601,-3.859316384761633,-3.72630901242392,0.0,0.0,300
MZI_null,MZI,MZI_null_01779,0.25267872519051776,0.5268919810417083,-0.9304120643278755,0.0,0.0,300
MZI_null,MZI,MZI_null_01780,0.20265236287305005,-6.537586895896627,-4.992115393992778,0.0,0.0,300
MZI_null,MZI,MZI_null_01781,-0.32669515982920316,-4.098243620369862,-0.5149044198857413,0.0,0.0,300
MZI_null,MZI,MZI_null_01782,0.015428786689850111,-1.5519742668203587,-5.233170493198245,0.0,0.0,300
MZI_null,MZI,MZI_null_01783,0.12047321139210329,-1.281117445283006,1.1991628443979954,0.0,0.0,300
MZI_null,MZI,MZI_null_01784,-0.28391432663850774,-1.0655274236066303,-4.563295719752581,0.0,0.0,300
MZI_null,MZI,MZI_null_01785,-0.059598487882704276,-0.3969053040908499,-0.7267191812322604,0.0,0.0,300
MZI_null,MZI,MZI_null_01786,-0.12773099696689783,-1.9811805314467452,-5.59460594573093,0.0,0.0,300
MZI_null,MZI,MZI_null_01787,0.1725401093847444,-2.6158520584887537,2.3556498327659776,0.0,0.0,300
MZI_null,MZI,MZI_null_01788,-0.07897975306440645,-3.570727965219749,-3.2925603599135393,0.0,0.0,300
MZI_null,MZI,MZI_null_01789,0.1314260897539613,-4.128293471985428,0.9337862972455295,0.0,0.0,300
MZI_null,MZI,MZI_null_01790,-0.05736785965039353,-7.9278898996748595,-2.7109422033593984,0.0,0.0,300
MZI_null,MZI,MZI_null_01791,-0.17686623215442723,-1.8982918289529875,-4.57122320702347,0.0,0.0,300
MZI_null,MZI,MZI_null_01792,0.1388962651071925,-2.2732275810590816,-1.5327879842762169,0.0,0.0,300
MZI_null,MZI,MZI_null_01793,0.09838382066813739,0.8917208022275873,-1.060296255308955,0.0,0.0,300
MZI_null,MZI,MZI_null_01794,-0.11568004493239359,-7.321908848336388,-3.05814927110554,0.0,0.0,300
MZI_null,MZI,MZI_null_01795,-0.09258183699719423,-1.6788276410231098,-2.0354406434140815,0.0,0.0,300
MZI_null,MZI,MZI_null_01796,0.10318994580771422,-3.838949813812069,-1.1711235005588252,0.0,0.0,300
MZI_null,MZI,MZI_null_01797,0.17759811647953339,-0.9745243581351004,-1.1801126250656935,0.0,0.0,300
MZI_null,MZI,MZI_null_01798,-0.09029166629027656,-3.899694190144931,-3.5518397588558432,0.0,0.0,300
MZI_null,MZI,MZI_null_01799,-0.0811510298674349,0.2669975162329439,-1.665664813876806,0.0,0.0,300
MZI_null,MZI,MZI_null_01800,-0.20246596040718465,3.3045078791793507,-0.040104426564510964,0.0,0.0,300
MZI_null,MZI,MZI_null_01801,-0.21104151007697539,-3.3255467817224718,-0.6673408515147464,0.0,0.0,300
MZI_null,MZI,MZI_null_01802,0.2556888139946065,-5.324337374776608,1.9281221580678398,0.0,0.0,300
MZI_null,MZI,MZI_null_01803,0.20992296404585145,-3.8859629152237107,-1.8325408565807004,0.0,0.0,300
MZI_null,MZI,MZI_null_01804,-0.15544638710606554,-2.610383423240915,-1.1097699230287934,0.0,0.0,300
MZI_null,MZI,MZI_null_01805,0.09894749971235557,1.2705504130613403,-3.2442881938649415,0.0,0.0,300
MZI_null,MZI,MZI_null_01806,-0.29509875963389914,-2.0637343378287265,-0.11938741009407838,0.0,0.0,300
MZI_null,MZI,MZI_null_01807,0.03741265315275625,-2.9800197425271318,-0.6257437010081965,0.0,0.0,300
MZI_null,MZI,MZI_null_01808,0.22731672125283714,-0.8547974931124722,-2.1201052750092533,0.0,0.0,300
MZI_null,MZI,MZI_null_01809,-0.07502967256439937,-2.509557073033192,3.9102198854919195,0.0,0.0,300
MZI_null,MZI,MZI_null_01810,-0.02749510642892959,-2.0593830335621237,-2.446940712808909,0.0,0.0,300
MZI_null,MZI,MZI_null_01811,0.16484750361629472,3.8795117642340244,0.35183914829416496,0.0,0.0,300
MZI_null,MZI,MZI_null_01812,0.012415935567813861,-1.8896515004772956,-8.152920366357236,0.0,0.0,300
MZI_null,MZI,MZI_null_01813,0.1117726296427226,-1.5975007520124693,0.28502615198217485,0.0,0.0,300
MZI_null,MZI,MZI_null_01814,-0.10671932911255572,-3.1533706369312746,-2.233074809509519,0.0,0.0,300
MZI_null,MZI,MZI_null_01815,0.15324344761095582,-3.13627950980928,5.2479809663293935,0.0,0.0,300
MZI_null,MZI,MZI_null_01816,0.06462936285225561,-5.827047979987195,-1.3856388797558705,0.0,0.0,300
MZI_null,MZI,MZI_null_01817,-0.09775126832346234,-8.583147409460073,3.798412820341368,0.0,0.0,300
MZI_null,MZI,MZI_null_01818,0.10547138133300059,-0.40037804630206253,-0.5037890191008872,0.0,0.0,300
MZI_null,MZI,MZI_null_01819,-0.20730263530386564,-3.45085141866631,1.5253423243520379,0.0,0.0,300
MZI_null,MZI,MZI_null_01820,-0.1576830044673754,-9.595307948752442,-1.681318023342778,0.0,0.0,300
MZI_null,MZI,MZI_null_01821,-0.021263633104130788,-1.5933097507558727,1.1855559305436087,0.0,0.0,300
MZI_null,MZI,MZI_null_01822,0.09564087183468128,-1.223690584268235,2.586594164260128,0.0,0.0,300
MZI_null,MZI,MZI_null_01823,-0.22784546712199719,-0.48625455656782934,0.8796150900108275,0.0,0.0,300
MZI_null,MZI,MZI_null_01824,-0.18593434291203592,-6.508611826047168,-3.237826379426804,0.0,0.0,300
MZI_null,MZI,MZI_null_01825,-0.09923121637729378,0.26025839050729216,-2.843616351073285,0.0,0.0,300
MZI_null,MZI,MZI_null_01826,-0.1284522777421806,-3.8349012100836775,2.355897002462635,0.0,0.0,300
MZI_null,MZI,MZI_null_01827,0.0019565061565428197,-2.5377530760707354,-1.3300164961031544,0.0,0.0,300
MZI_null,MZI,MZI_null_01828,0.1938090501489784,-4.247515179809725,2.9465248728203117,0.0,0.0,300
MZI_null,MZI,MZI_null_01829,0.031574444838225545,-2.481258145926043,6.502701493802844,0.0,0.0,300
MZI_null,MZI,MZI_null_01830,-0.15834592346978946,-3.061057278701018,-4.697293717492,0.0,0.0,300
MZI_null,MZI,MZI_null_01831,0.1428692955804254,3.0675668009550368,4.009768344213917,0.0,0.0,300
MZI_null,MZI,MZI_null_01832,0.1835923129719007,-2.592861403387897,-2.0957229324695397,0.0,0.0,300
MZI_null,MZI,MZI_null_01833,-0.25067546587410977,4.107620605545378,0.4069342344454032,0.0,0.0,300
MZI_null,MZI,MZI_null_01834,-0.07379353573042245,1.9841706669609023,-3.9182935502800027,0.0,0.0,300
MZI_null,MZI,MZI_null_01835,0.06099330513340111,-2.5178874028725042,0.9160314196409027,0.0,0.0,300
MZI_null,MZI,MZI_null_01836,-0.00953603087791822,-6.352783673333673,-0.7732708819898866,0.0,0.0,300
MZI_null,MZI,MZI_null_01837,0.15732962128130432,-2.087649217561956,1.3253453647672582,0.0,0.0,300
MZI_null,MZI,MZI_null_01838,-0.15682942285110796,-2.0787823798095566,-2.873531365265732,0.0,0.0,300
MZI_null,MZI,MZI_null_01839,0.11204712601570646,-1.9055253132140126,1.0702210290098377,0.0,0.0,300
MZI_null,MZI,MZI_null_01840,0.16315656392367991,0.07485572536416507,-0.1806446971190674,0.0,0.0,300
MZI_null,MZI,MZI_null_01841,-0.14973183877671079,-2.0083583320007037,-2.5992712060474994,0.0,0.0,300
MZI_null,MZI,MZI_null_01842,-0.05160959350563398,-3.1236024522507524,-3.9397767243467334,0.0,0.0,300
MZI_null,MZI,MZI_null_01843,-0.29360078837009845,-4.0044291449833,-0.4198616442275228,0.0,0.0,300
MZI_null,MZI,MZI_null_01844,-0.20222655681412352,-1.952953290585127,4.700805272932894,0.0,0.0,300
MZI_null,MZI,MZI_null_01845,0.15345848328783587,2.930624527361587,0.17338363079817865,0.0,0.0,300
MZI_null,MZI,MZI_null_01846,0.1751264734479669,-4.1718941914033625,-2.9330208010659526,0.0,0.0,300
MZI_null,MZI,MZI_null_01847,-0.4108710309206209,1.558436422126897,3.6209719394596576,0.0,0.0,300
MZI_null,MZI,MZI_null_01848,-0.0829765868020905,-2.761855119191705,-3.2615863410728845,0.0,0.0,300
MZI_null,MZI,MZI_null_01849,0.057398032721623735,1.3747976359097223,-6.228315921643123,0.0,0.0,300
MZI_null,MZI,MZI_null_01850,0.06141577959633784,-2.8300153151574365,-0.6598168240999319,0.0,0.0,300
MZI_null,MZI,MZI_null_01851,0.06884910025114364,-2.5646073163184635,-1.3107605602173418,0.0,0.0,300
MZI_null,MZI,MZI_null_01852,-0.032081275133195836,0.9109486053648439,0.2562798803824897,0.0,0.0,300
MZI_null,MZI,MZI_null_01853,0.03308753066060412,-5.812855163276848,-2.1357392296394626,0.0,0.0,300
MZI_null,MZI,MZI_null_01854,0.13480037405087614,-1.8869102806282312,0.978594408767415,0.0,0.0,300
MZI_null,MZI,MZI_null_01855,0.26497677004914505,1.1158182076264498,-0.720524986900773,0.0,0.0,300
MZI_null,MZI,MZI_null_01856,-0.07664837552935906,-9.660648788167695,-1.5051547674185577,0.0,0.0,300
MZI_null,MZI,MZI_null_01857,-0.048901874372527375,-0.8289014168138729,-1.4617156809240628,0.0,0.0,300
MZI_null,MZI,MZI_null_01858,-0.04805775891551915,-7.338196791521662,-3.8199034874501994,0.0,0.0,300
MZI_null,MZI,MZI_null_01859,0.07149765612008362,3.1477228933980834,-1.2925761512368703,0.0,0.0,300
MZI_null,MZI,MZI_null_01860,0.049171661036118496,0.8574344708584158,-3.432681808600749,0.0,0.0,300
MZI_null,MZI,MZI_null_01861,0.05502210649281634,-4.2214703189964755,1.5944733154730342,0.0,0.0,300
MZI_null,MZI,MZI_null_01862,0.02271045719275989,-1.1046445580556807,-3.3477957922557673,0.0,0.0,300
MZI_null,MZI,MZI_null_01863,0.10605485394161773,4.254138763693048,-4.023735086284619,0.0,0.0,300
MZI_null,MZI,MZI_null_01864,-0.05096385114712857,-1.3051775774957246,1.3592186359874496,0.0,0.0,300
MZI_null,MZI,MZI_null_01865,-0.08393194279342034,-10.499090870428219,3.077568482492075,0.0,0.0,300
MZI_null,MZI,MZI_null_01866,0.11407591793762138,-7.228842591459995,-2.822706375338668,0.0,0.0,300
MZI_null,MZI,MZI_null_01867,0.23522736442909892,2.343389255373598,1.8159200680368341,0.0,0.0,300
MZI_null,MZI,MZI_null_01868,-0.026416865093979395,-1.75103774356247,-1.3927774153783794,0.0,0.0,300
MZI_null,MZI,MZI_null_01869,0.16923596749032563,-4.62752721948533,-3.417398964652614,0.0,0.0,300
MZI_null,MZI,MZI_null_01870,0.15154118802540234,-2.133084366534685,3.135402066361424,0.0,0.0,300
MZI_null,MZI,MZI_null_01871,-0.10072683104708186,-2.164335081016475,-3.7672389545318596,0.0,0.0,300
MZI_null,MZI,MZI_null_01872,0.0011044022135350703,-6.4356408109963965,-2.4629002628648884,0.0,0.0,300
MZI_null,MZI,MZI_null_01873,-0.21543807973921766,0.08176969957377445,1.1497680192789552,0.0,0.0,300
MZI_null,MZI,MZI_null_01874,-0.25953940957265176,2.0016572365017185,6.492245379259561,0.0,0.0,300
MZI_null,MZI,MZI_null_01875,0.006900958010451142,-3.9233427806739343,7.472991773009138,0.0,0.0,300
MZI_null,MZI,MZI_null_01876,-0.1978452747453766,-1.9396805993927049,-0.4611331821042297,0.0,0.0,300
MZI_null,MZI,MZI_null_01877,0.2017721430678622,-0.9207830746196346,-2.4959016873653543,0.0,0.0,300
MZI_null,MZI,MZI_null_01878,-0.14267765555819342,-3.0254654607384066,-4.020782082835432,0.0,0.0,300
MZI_null,MZI,MZI_null_01879,0.007173797967702441,-3.6925885395814597,-5.482113379869252,0.0,0.0,300
MZI_null,MZI,MZI_null_01880,0.18827186825623557,-3.493017570287118,-4.804410414925938,0.0,0.0,300
MZI_null,MZI,MZI_null_01881,-0.02523887017313123,-1.7948853020970237,-6.239400176737101,0.0,0.0,300
MZI_null,MZI,MZI_null_01882,0.04974715006886441,-5.141472706070793,4.133086427572363,0.0,0.0,300
MZI_null,MZI,MZI_null_01883,0.07859407681151022,-3.1996999703279494,-3.2355033109520512,0.0,0.0,300
MZI_null,MZI,MZI_null_01884,-0.01574515613454359,-0.16162777525013095,-1.076482385755599,0.0,0.0,300
MZI_null,MZI,MZI_null_01885,-0.03257382107052849,-1.824889127546313,-2.8115767937108638,0.0,0.0,300
MZI_null,MZI,MZI_null_01886,-0.05148088902645565,-8.257377316715012,1.9211786925571035,0.0,0.0,300
MZI_null,MZI,MZI_null_01887,0.04481966704826428,-4.32036753210029,4.696204944065716,0.0,0.0,300
MZI_null,MZI,MZI_null_01888,0.013052472058857982,-5.10843071592559,1.5702122644113752,0.0,0.0,300
MZI_null,MZI,MZI_null_01889,0.05970723247638937,-0.8162600435473419,-2.2772668139547716,0.0,0.0,300
MZI_null,MZI,MZI_null_01890,0.0675743585667052,-2.7852748706632835,0.6678243549375265,0.0,0.0,300
MZI_null,MZI,MZI_null_01891,-0.2857416681015958,-3.3016203889375673,4.166465293424585,0.0,0.0,300
MZI_null,MZI,MZI_null_01892,-0.11506011831004508,-3.81151489247956,-2.3438840153499254,0.0,0.0,300
MZI_null,MZI,MZI_null_01893,-0.1822209203832965,-8.624842328684757,-1.6917591955708384,0.0,0.0,300
MZI_null,MZI,MZI_null_01894,0.02037891361224853,-2.1575152056159563,-1.4346356858436606,0.0,0.0,300
MZI_null,MZI,MZI_null_01895,0.006456130627558146,1.068524414652292,-1.5713385577876502,0.0,0.0,300
MZI_null,MZI,MZI_null_01896,-0.08611238656309043,-2.843376454664259,0.7380402792703271,0.0,0.0,300
MZI_null,MZI,MZI_null_01897,0.2118040317814874,-3.884431217507535,-0.7031986389133489,0.0,0.0,300
MZI_null,MZI,MZI_null_01898,0.05075361629039394,-4.977734020186469,-0.9387484983612456,0.0,0.0,300
MZI_null,MZI,MZI_null_01899,-0.21985107860131425,-7.307150911218196,0.10023922367677107,0.0,0.0,300
MZI_null,MZI,MZI_null_01900,-0.05758121119961742,-1.3931587771363425,-1.0536849310250502,0.0,0.0,300
MZI_null,MZI,MZI_null_01901,-0.1464600072995696,-2.135762905893009,-4.699303915044565,0.0,0.0,300
MZI_null,MZI,MZI_null_01902,0.20864585370021008,-6.0679110345798914,-1.5873558129057441,0.0,0.0,300
MZI_null,MZI,MZI_null_01903,-0.15634073820708724,-0.2887364799176133,-1.9942941138445085,0.0,0.0,300
MZI_null,MZI,MZI_null_01904,-0.07780000794318152,0.5596046351546633,-0.9117082249673435,0.0,0.0,300
MZI_null,MZI,MZI_null_01905,0.07749666689039508,-4.943977809552394,-5.2144508317825204,0.0,0.0,300
MZI_null,MZI,MZI_null_01906,0.016081194306020046,-2.9565390664841935,0.8793040173618327,0.0,0.0,300
MZI_null,MZI,MZI_null_01907,-0.011986267899382454,-1.3847739822961103,-5.8701475898237305,0.0,0.0,300
MZI_null,MZI,MZI_null_01908,0.28326554094213846,-2.4927259550960956,1.092760911017597,0.0,0.0,300
MZI_null,MZI,MZI_null_01909,-0.12541375053294396,-1.0759702933479773,-4.908534290574236,0.0,0.0,300
MZI_null,MZI,MZI_null_01910,0.06781017573895065,-3.0679222531574983,-0.9124284881932977,0.0,0.0,300
MZI_null,MZI,MZI_null_01911,0.10469610451951462,-5.697620933660841,-3.053475191838391,0.0,0.0,300
MZI_null,MZI,MZI_null_01912,0.06859864216301483,4.29466442364024,-1.4142470039844453,0.0,0.0,300
MZI_null,MZI,MZI_null_01913,0.08867041768858987,-2.3209144095754404,4.826736784268899,0.0,0.0,300
MZI_null,MZI,MZI_null_01914,-0.26208325004478833,-1.716136865991926,-5.876632100686183,0.0,0.0,300
MZI_null,MZI,MZI_null_01915,-0.37598573558050746,-1.1076138406465503,-0.5815066115576234,0.0,0.0,300
MZI_null,MZI,MZI_null_01916,-0.042725540661330205,-2.3185822701192595,8.294898302213772,0.0,0.0,300
MZI_null,MZI,MZI_null_01917,-0.038726270704715154,-0.4696269162497755,-2.9480944588416427,0.0,0.0,300
MZI_null,MZI,MZI_null_01918,0.04428488625609047,-2.7147010251668524,-2.23155544818919,0.0,0.0,300
MZI_null,MZI,MZI_null_01919,0.2728347798300487,1.5315548895530169,-0.589760057802308,0.0,0.0,300
MZI_null,MZI,MZI_null_01920,-0.34563179039159503,-3.0830276697577093,7.109082693215251,0.0,0.0,300
MZI_null,MZI,MZI_null_01921,-0.03459924999595622,1.3096527161609743,3.3258272058578022,0.0,0.0,300
MZI_null,MZI,MZI_null_01922,0.03284458737839626,-4.525464895604457,-8.305936995348665,0.0,0.0,300
MZI_null,MZI,MZI_null_01923,0.10262448129134318,-4.444268008470644,-0.4715486443369237,0.0,0.0,300
MZI_null,MZI,MZI_null_01924,-0.1874730509384046,-2.7957126214106065,-0.8988428352968403,0.0,0.0,300
MZI_null,MZI,MZI_null_01925,0.040289037156644676,-5.344466562057242,2.590732846284057,0.0,0.0,300
MZI_null,MZI,MZI_null_01926,-0.0895342177097957,-7.023408381359736,-1.3270702598903914,0.0,0.0,300
MZI_null,MZI,MZI_null_01927,0.005156296353969013,-1.5182317004847206,3.086397211055238,0.0,0.0,300
MZI_null,MZI,MZI_null_01928,-0.03546732551037891,-2.358858873106314,-4.30955314369928,0.0,0.0,300
MZI_null,MZI,MZI_null_01929,0.12308302543318454,-1.4470728077656896,-2.2600831818824876,0.0,0.0,300
MZI_null,MZI,MZI_null_01930,-0.2857012040198195,2.3332365851652623,-4.683039893368171,0.0,0.0,300
MZI_null,MZI,MZI_null_01931,-0.08869170140545585,-0.9249664667719903,-4.58967378585006,0.0,0.0,300
MZI_null,MZI,MZI_null_01932,-0.22402646673797152,-8.371842748101994,1.1629908587169075,0.0,0.0,300
MZI_null,MZI,MZI_null_01933,-0.08177793670894828,6.781810277419989,-3.9830651968926203,0.0,0.0,300
MZI_null,MZI,MZI_null_01934,-0.13821765351433818,-3.6961789108562044,-0.27059603458453274,0.0,0.0,300
MZI_null,MZI,MZI_null_01935,-0.0705305008177967,-0.1630033579924639,-3.935765169965963,0.0,0.0,300
MZI_null,MZI,MZI_null_01936,-0.20723875776953715,-7.394644218227322,-7.67072250381159,0.0,0.0,300
MZI_null,MZI,MZI_null_01937,-0.07771035292125851,-2.9029409371796655,-2.89431108244955,0.0,0.0,300
MZI_null,MZI,MZI_null_01938,0.18651086957807428,1.6840906288244053,-2.0044089623335055,0.0,0.0,300
MZI_null,MZI,MZI_null_01939,-0.26908816697879445,-3.7001153241651585,-2.7994641817511843,0.0,0.0,300
MZI_null,MZI,MZI_null_01940,-0.0985702443417087,-4.093156711694735,-2.9603886871744214,0.0,0.0,300
MZI_null,MZI,MZI_null_01941,-0.05798124238466396,-3.90662329644667,-0.3750324741232236,0.0,0.0,300
MZI_null,MZI,MZI_null_01942,0.05405530738572916,-4.73193526154747,2.8131959780211004,0.0,0.0,300
MZI_null,MZI,MZI_null_01943,-0.1470093452760921,-6.853401841446011,0.14233421409515512,0.0,0.0,300
MZI_null,MZI,MZI_null_01944,-0.12261122016215097,-1.036125587727836,-8.21100580330159,0.0,0.0,300
MZI_null,MZI,MZI_null_01945,0.20886839122246012,0.01688022412120649,-5.5014296474890045,0.0,0.0,300
MZI_null,MZI,MZI_null_01946,-0.22181656857694285,3.0167977122925826,-3.212139710493876,0.0,0.0,300
MZI_null,MZI,MZI_null_01947,-0.12512772730989355,-8.798156282447849,-2.0523346168046626,0.0,0.0,300
MZI_null,MZI,MZI_null_01948,-0.034157942225362926,0.14647929030845575,-5.197235284553426,0.0,0.0,300
MZI_null,MZI,MZI_null_01949,-0.22804301883609143,-0.6471120956705694,2.0201902136811944,0.0,0.0,300
MZI_null,MZI,MZI_null_01950,-0.23567285266768245,1.2445422588992239,-0.8873744755395356,0.0,0.0,300
MZI_null,MZI,MZI_null_01951,0.16377080086119683,-2.2106610845528496,-8.56683375246385,0.0,0.0,300
MZI_null,MZI,MZI_null_01952,-0.022795107347405832,1.1804314560138098,-3.681238057251143,0.0,0.0,300
MZI_null,MZI,MZI_null_01953,-0.05819474533611783,-2.5284005106529346,-9.698541639605445,0.0,0.0,300
MZI_null,MZI,MZI_null_01954,0.25070213631562144,-4.704127039691524,0.5172062974183969,0.0,0.0,300
MZI_null,MZI,MZI_null_01955,-0.013005170422231307,1.7728571690780806,0.21816836728424271,0.0,0.0,300
MZI_null,MZI,MZI_null_01956,-0.03523864072814619,-4.68054527755784,1.3935521041464165,0.0,0.0,300
MZI_null,MZI,MZI_null_01957,-0.2810161955931925,-0.0623287391723224,-4.297134254664618,0.0,0.0,300
MZI_null,MZI,MZI_null_01958,0.187842549293496,-1.5161013720119145,0.932371303550326,0.0,0.0,300
MZI_null,MZI,MZI_null_01959,0.012298322073707905,-7.25713128542299,-3.5821874901860156,0.0,0.0,300
MZI_null,MZI,MZI_null_01960,0.10085840064170735,-1.5000325479204681,2.542969715917016,0.0,0.0,300
MZI_null,MZI,MZI_null_01961,0.06049118445557576,-4.90010567210798,-3.388192413161902,0.0,0.0,300
MZI_null,MZI,MZI_null_01962,0.01543760857848558,-8.942132198000316,4.020325656868955,0.0,0.0,300
MZI_null,MZI,MZI_null_01963,0.06626201045663359,1.681103791146617,-5.741811822427507,0.0,0.0,300
MZI_null,MZI,MZI_null_01964,0.18668477405328834,4.694496733083246,-4.962635066131953,0.0,0.0,300
MZI_null,MZI,MZI_null_01965,0.11571026923556499,-1.9966701659381205,-5.633301544744732,0.0,0.0,300
MZI_null,MZI,MZI_null_01966,0.07393259577778047,0.5008096145120451,-2.8033796580065404,0.0,0.0,300
MZI_null,MZI,MZI_null_01967,0.17488747803828342,-7.000290220367593,-5.4842684393489325,0.0,0.0,300
MZI_null,MZI,MZI_null_01968,0.020489609338312852,-1.9238441660831849,-3.1497204652723156,0.0,0.0,300
MZI_null,MZI,MZI_null_01969,0.12143916539578287,-0.40731705735215185,1.574417212802048,0.0,0.0,300
MZI_null,MZI,MZI_null_01970,-0.01847046530284014,-0.19225919606497754,-2.3369509090899836,0.0,0.0,300
MZI_null,MZI,MZI_null_01971,0.3080728035129893,-4.437637310365957,5.315892288374936,0.0,0.0,300
MZI_null,MZI,MZI_null_01972,0.005233192063411285,-6.126532668706228,3.104238051465803,0.0,0.0,300
MZI_null,MZI,MZI_null_01973,0.018885208259243853,0.5533722951407141,2.6715677556277795,0.0,0.0,300
MZI_null,MZI,MZI_null_01974,0.05069333312175379,-3.7767225344384436,1.9271401330077502,0.0,0.0,300
MZI_null,MZI,MZI_null_01975,0.0001133261181893322,0.05757345582525719,-7.461191721374384,0.0,0.0,300
MZI_null,MZI,MZI_null_01976,0.06704725755147778,-3.9157574754350906,3.9599289115355916,0.0,0.0,300
MZI_null,MZI,MZI_null_01977,0.09346310218336427,-1.2804267624521102,0.45892998005066477,0.0,0.0,300
MZI_null,MZI,MZI_null_01978,-0.14976612793150773,2.8697700715841616,4.974111255250714,0.0,0.0,300
MZI_null,MZI,MZI_null_01979,0.058937026582232446,2.7712107057209163,-2.7074445960176017,0.0,0.0,300
MZI_null,MZI,MZI_null_01980,-0.11956703493374711,-1.8772257538132315,0.304823115103696,0.0,0.0,300
MZI_null,MZI,MZI_null_01981,-0.05909800218646806,-0.3866954288945488,-0.08083155377975793,0.0,0.0,300
MZI_null,MZI,MZI_null_01982,-0.14974601629365825,-0.4436209476448363,1.5905847275645635,0.0,0.0,300
MZI_null,MZI,MZI_null_01983,0.02572039763855864,1.457944309785077,-4.652211380490856,0.0,0.0,300
MZI_null,MZI,MZI_null_01984,0.07019256331977776,-5.5108421191903245,-4.342244074699263,0.0,0.0,300
MZI_null,MZI,MZI_null_01985,-0.0946396250606685,-4.826180550722735,-2.6439874562234134,0.0,0.0,300
MZI_null,MZI,MZI_null_01986,-0.032122546606678314,0.5114634589941534,-1.9634771161171074,0.0,0.0,300
MZI_null,MZI,MZI_null_01987,-0.2378438560154389,1.420203539485481,-3.5112704008451185,0.0,0.0,300
MZI_null,MZI,MZI_null_01988,-0.008808064065694308,-0.6603904791778654,-0.40116874479165165,0.0,0.0,300
MZI_null,MZI,MZI_null_01989,0.16412693212822133,-0.5629905698217232,-3.583928739091324,0.0,0.0,300
MZI_null,MZI,MZI_null_01990,0.32678432609874924,-1.4169996099853002,-1.4420206798645188,0.0,0.0,300
MZI_null,MZI,MZI_null_01991,0.14458881345833563,-1.2516471622097833,0.1976845788179813,0.0,0.0,300
MZI_null,MZI,MZI_null_01992,0.373827599790103,-2.82536428476514,-1.9532826820521874,0.0,0.0,300
MZI_null,MZI,MZI_null_01993,0.01748677680186957,1.214547806743116,-5.5196020905711976,0.0,0.0,300
MZI_null,MZI,MZI_null_01994,-0.2948333837214758,-3.761345811860443,-5.901768877177862,0.0,0.0,300
MZI_null,MZI,MZI_null_01995,-0.06372470212884576,-0.4925009116121293,-3.6722465906567905,0.0,0.0,300
MZI_null,MZI,MZI_null_01996,-0.21402398651720136,-1.791988514853956,1.5876304538455108,0.0,0.0,300
MZI_null,MZI,MZI_null_01997,-0.2542460157774919,0.4606971949179526,1.4519186112149787,0.0,0.0,300
MZI_null,MZI,MZI_null_01998,0.1431127653234942,1.6554406446150596,5.606041773978848,0.0,0.0,300
MZI_null,MZI,MZI_null_01999,-0.05341380729285828,-1.6712852597664256,-2.249315299744077,0.0,0.0,300
MZI_null,MZI,MZI_null_02000,0.00029652671337161636,2.5986200669089357,-5.035043451792006,0.0,0.0,300
MZI_null,MZI,MZI_null_02001,-0.12915745082483632,2.131542809513684,2.0601095207062694,0.0,0.0,300
MZI_null,MZI,MZI_null_02002,-0.054469747022561694,0.5632060033621595,0.02364752747609966,0.0,0.0,300
MZI_null,MZI,MZI_null_02003,0.2250411913501482,-1.7764712185196823,2.076896341617747,0.0,0.0,300
MZI_null,MZI,MZI_null_02004,0.396301786573893,-0.20570253485760137,-0.8520155026154691,0.0,0.0,300
MZI_null,MZI,MZI_null_02005,0.1083670477831469,-3.0958425746116545,6.163903116574197,0.0,0.0,300
MZI_null,MZI,MZI_null_02006,0.027010655654397222,-2.8187999606765386,-3.5070670150601084,0.0,0.0,300
MZI_null,MZI,MZI_null_02007,0.16458302874096575,0.6015622384832167,-2.4920631142422796,0.0,0.0,300
MZI_null,MZI,MZI_null_02008,0.0864677017683634,-6.525667904638569,-0.44508827478053126,0.0,0.0,300
MZI_null,MZI,MZI_null_02009,0.06791345281150417,3.1219894286776686,-3.312456408186068,0.0,0.0,300
MZI_null,MZI,MZI_null_02010,-0.19175289432034864,-4.686283882775125,-5.00970550094476,0.0,0.0,300
MZI_null,MZI,MZI_null_02011,0.20049860366384745,2.6459178850721097,-0.039350266153513225,0.0,0.0,300
MZI_null,MZI,MZI_null_02012,0.1831942418527722,-1.5981248582592942,-1.285334943102298,0.0,0.0,300
MZI_null,MZI,MZI_null_02013,-0.049955642858064246,-2.9311729741326964,-5.643404668927094,0.0,0.0,300
MZI_null,MZI,MZI_null_02014,0.03963821454110086,-2.1210017306421314,1.2360821722336275,0.0,0.0,300
MZI_null,MZI,MZI_null_02015,0.014028524465791455,-2.4881111047072753,-3.613579090022892,0.0,0.0,300
MZI_null,MZI,MZI_null_02016,0.010822985523264198,0.21471169244848598,-4.430016973251583,0.0,0.0,300
MZI_null,MZI,MZI_null_02017,0.013121063052110886,-1.3008711454115482,-3.1541943508547927,0.0,0.0,300
MZI_null,MZI,MZI_null_02018,-0.08817844573620003,-1.3081674537013566,-4.400263054877869,0.0,0.0,300
MZI_null,MZI,MZI_null_02019,0.05248855728740888,-4.6860631209776,2.1885610790996495,0.0,0.0,300
MZI_null,MZI,MZI_null_02020,0.35067416180824496,-4.582270405105459,0.602623587124024,0.0,0.0,300
MZI_null,MZI,MZI_null_02021,-0.10901128573230288,1.122862521393368,-4.795775227255645,0.0,0.0,300
MZI_null,MZI,MZI_null_02022,0.0720880137641569,-4.618966900668058,-1.6209537672951062,0.0,0.0,300
MZI_null,MZI,MZI_null_02023,-0.15465379127209605,0.4670514126872609,-3.5109410633187608,0.0,0.0,300
MZI_null,MZI,MZI_null_02024,0.08279463889977413,-3.032294084786999,-1.3434171153965888,0.0,0.0,300
MZI_null,MZI,MZI_null_02025,0.02216338611001928,-4.285474014976546,-0.36889865937733923,0.0,0.0,300
MZI_null,MZI,MZI_null_02026,0.22955018465316165,-4.334284357498143,2.515430429821534,0.0,0.0,300
MZI_null,MZI,MZI_null_02027,0.22471464502316763,-4.448464967084131,-5.365163815271655,0.0,0.0,300
MZI_null,MZI,MZI_null_02028,0.0452941350257647,-3.642222568300619,4.605809657489007,0.0,0.0,300
MZI_null,MZI,MZI_null_02029,0.00522113107497483,-4.4065982241055375,-4.441478533035134,0.0,0.0,300
MZI_null,MZI,MZI_null_02030,0.16348574386362455,-3.7135519222525595,-0.8685136016187152,0.0,0.0,300
MZI_null,MZI,MZI_null_02031,0.14337041176687212,-3.4527750557924906,-1.1377864862204818,0.0,0.0,300
MZI_null,MZI,MZI_null_02032,-0.002485261473378011,0.04997353454827547,0.7722330065309775,0.0,0.0,300
MZI_null,MZI,MZI_null_02033,-0.03301705968822428,-1.8090528155104468,-2.115337034570465,0.0,0.0,300
MZI_null,MZI,MZI_null_02034,-0.2216418610379167,-1.227197427805612,4.676575282499203,0.0,0.0,300
MZI_null,MZI,MZI_null_02035,-0.1325578711036594,-4.319089128808109,-3.612183314931224,0.0,0.0,300
MZI_null,MZI,MZI_null_02036,0.10868876680846838,-0.6545436374106797,-1.47561307724937,0.0,0.0,300
MZI_null,MZI,MZI_null_02037,-0.13770285924584474,-1.7228696250802271,-5.693866382007413,0.0,0.0,300
MZI_null,MZI,MZI_null_02038,0.02151398502862398,0.6145731582638025,-4.753597409901033,0.0,0.0,300
MZI_null,MZI,MZI_null_02039,-0.22987774152444954,2.7383136750845782,-2.8352789185137546,0.0,0.0,300
MZI_null,MZI,MZI_null_02040,0.1703921768915733,-2.461992995593495,-1.4858644508239824,0.0,0.0,300
MZI_null,MZI,MZI_null_02041,0.06576190492449678,-4.651996570239322,-0.6025085695130634,0.0,0.0,300
MZI_null,MZI,MZI_null_02042,-0.05722341222361391,-5.961480330215094,0.012446224179197163,0.0,0.0,300
MZI_null,MZI,MZI_null_02043,-0.03949617103168742,-2.4710744853341233,-4.630482830242474,0.0,0.0,300
MZI_null,MZI,MZI_null_02044,0.23871005516442062,0.6301425591583483,1.8924676525159358,0.0,0.0,300
MZI_null,MZI,MZI_null_02045,-0.0458167053662523,-7.187548668510261,4.8587521474685325,0.0,0.0,300
MZI_null,MZI,MZI_null_02046,-0.009164626200880219,-4.246399388060161,0.2504047234493416,0.0,0.0,300
MZI_null,MZI,MZI_null_02047,0.17506811820049462,-2.0691516682563984,2.8357255038181233,0.0,0.0,300
MZI_null,MZI,MZI_null_02048,0.16244999077753028,-5.2291435622061755,-3.0213703169784294,0.0,0.0,300
MZI_null,MZI,MZI_null_02049,0.14363057449196512,-10.137837691431313,-1.4483670794949663,0.0,0.0,300
MZI_null,MZI,MZI_null_02050,-0.21462468024370077,-3.4296614043005738,-1.8964602670876125,0.0,0.0,300
MZI_null,MZI,MZI_null_02051,-0.05373665668612619,-3.6567837563378256,-4.291430948886442,0.0,0.0,300
MZI_null,MZI,MZI_null_02052,0.3437866900228029,3.602386012484052,-4.4861974607688495,0.0,0.0,300
MZI_null,MZI,MZI_null_02053,0.23731751269553508,-3.1983964714185587,-0.6124375800048686,0.0,0.0,300
MZI_null,MZI,MZI_null_02054,-0.00949109398453738,-3.9792459237618973,1.95155703081844,0.0,0.0,300
MZI_null,MZI,MZI_null_02055,0.01888297958649867,-3.429654269657724,-4.9137683314014176,0.0,0.0,300
MZI_null,MZI,MZI_null_02056,-0.13403925205786807,-6.924140346806291,-0.9633293547544917,0.0,0.0,300
MZI_null,MZI,MZI_null_02057,-0.17949983884265938,-2.7966815375556235,3.1103055608311125,0.0,0.0,300
MZI_null,MZI,MZI_null_02058,0.17989493593823783,-2.0968306823078535,-1.2612541784294498,0.0,0.0,300
MZI_null,MZI,MZI_null_02059,0.2819811824131512,-0.43773163892386635,-1.9834193796295687,0.0,0.0,300
MZI_null,MZI,MZI_null_02060,-0.2139027175680678,-0.8183803455057703,1.4879713177485874,0.0,0.0,300
MZI_null,MZI,MZI_null_02061,-0.09474772867704659,-1.1263917345859025,-2.0907198847450874,0.0,0.0,300
MZI_null,MZI,MZI_null_02062,-0.027604859879850407,-9.463466172686994,-1.6653442111484065,0.0,0.0,300
MZI_null,MZI,MZI_null_02063,0.14540539536120814,-3.8942076666996748,-0.8424208953540512,0.0,0.0,300
MZI_null,MZI,MZI_null_02064,-0.11339260600378806,-0.9186749711216813,-1.6495695926085208,0.0,0.0,300
MZI_null,MZI,MZI_null_02065,-0.14088623110230103,1.9976544029953835,1.7867960405966454,0.0,0.0,300
MZI_null,MZI,MZI_null_02066,-0.09073601458922621,-0.5066350717466679,0.6122360084611422,0.0,0.0,300
MZI_null,MZI,MZI_null_02067,0.09634518525167639,-7.082767687985234,2.0198196230978835,0.0,0.0,300
MZI_null,MZI,MZI_null_02068,-0.08545484443885971,-3.0734838003238005,6.9136452567806,0.0,0.0,300
MZI_null,MZI,MZI_null_02069,0.04528100710815176,-3.1589674263415266,-7.615883118267718,0.0,0.0,300
MZI_null,MZI,MZI_null_02070,0.20846462009195332,-6.035629012425808,-4.01031671049851,0.0,0.0,300
MZI_null,MZI,MZI_null_02071,-0.04970284486317738,2.249235375100877,1.3197199599972778,0.0,0.0,300
MZI_null,MZI,MZI_null_02072,-0.023675626476038995,-1.075123809083537,-2.8011570786133175,0.0,0.0,300
MZI_null,MZI,MZI_null_02073,0.020948053434802622,-1.77998976566559,1.9063096870440601,0.0,0.0,300
MZI_null,MZI,MZI_null_02074,0.14507671836584243,-0.5180678533830656,-2.0870426726383067,0.0,0.0,300
MZI_null,MZI,MZI_null_02075,0.11127334415851899,-2.2759053986091398,-4.245743106139399,0.0,0.0,300
MZI_null,MZI,MZI_null_02076,-0.060493168786640794,-1.7464190486470264,1.7306473509942357,0.0,0.0,300
MZI_null,MZI,MZI_null_02077,-0.027529225823572957,-5.627596133718818,-0.8297749501095417,0.0,0.0,300
MZI_null,MZI,MZI_null_02078,0.017018406008482857,-1.4424871132917407,1.7596145478632907,0.0,0.0,300
MZI_null,MZI,MZI_null_02079,0.15283848601348476,-3.7826326171449995,-2.8484303741468304,0.0,0.0,300
MZI_null,MZI,MZI_null_02080,-0.15602980664332097,0.09644701084142904,3.3464603250131466,0.0,0.0,300
MZI_null,MZI,MZI_null_02081,-0.04726228918633851,-2.7242916941749793,3.4003476706969282,0.0,0.0,300
MZI_null,MZI,MZI_null_02082,0.07583367798225114,-0.6912928855968348,-4.572749517921181,0.0,0.0,300
MZI_null,MZI,MZI_null_02083,0.10180921039191285,-4.787409021529275,-4.402060557804875,0.0,0.0,300
MZI_null,MZI,MZI_null_02084,-0.05201573651500682,-3.7573781703460707,-1.6647990831551178,0.0,0.0,300
MZI_null,MZI,MZI_null_02085,-0.2161472451787378,0.8764489194030176,2.383058883549287,0.0,0.0,300
MZI_null,MZI,MZI_null_02086,-0.2921013711211221,0.9353734169996506,-3.4315858894648787,0.0,0.0,300
MZI_null,MZI,MZI_null_02087,0.1285463305474179,-2.205339477999247,-0.9136733077570043,0.0,0.0,300
MZI_null,MZI,MZI_null_02088,-0.027764647413182804,1.6363876127004584,-4.718764037575085,0.0,0.0,300
MZI_null,MZI,MZI_null_02089,0.09117605081025128,1.3039904946686511,1.149020241621232,0.0,0.0,300
MZI_null,MZI,MZI_null_02090,0.34870483714851264,-3.5868402881740966,1.8719144677805937,0.0,0.0,300
MZI_null,MZI,MZI_null_02091,-0.015913595301213047,1.7002182290580086,-1.0230669871641085,0.0,0.0,300
MZI_null,MZI,MZI_null_02092,-0.058181367279370434,1.9182166116148869,-2.4746858170567902,0.0,0.0,300
MZI_null,MZI,MZI_null_02093,-0.21190886383508342,-3.5505406495214857,0.8570988397655974,0.0,0.0,300
MZI_null,MZI,MZI_null_02094,0.2088058127380637,-1.6666118741104636,2.954591201702076,0.0,0.0,300
MZI_null,MZI,MZI_null_02095,-0.20372623822163902,-3.329790394453709,-1.8657253514623036,0.0,0.0,300
MZI_null,MZI,MZI_null_02096,-0.017183914120877948,-1.7477168352494106,1.0727328721765783,0.0,0.0,300
MZI_null,MZI,MZI_null_02097,-0.06672102572557354,-1.5829139391406233,-1.1353686709721549,0.0,0.0,300
MZI_null,MZI,MZI_null_02098,-0.13888348558367247,-2.3410000672443063,-1.4309785896913545,0.0,0.0,300
MZI_null,MZI,MZI_null_02099,-0.024762084750456916,-1.9047216302556478,-0.7729793781598416,0.0,0.0,300
MZI_null,MZI,MZI_null_02100,-0.06484427686609953,1.8181442019137943,-4.50844188760905,0.0,0.0,300
MZI_null,MZI,MZI_null_02101,-0.10814551627048444,6.339890872670669,-4.11397406496769,0.0,0.0,300
MZI_null,MZI,MZI_null_02102,-0.2030632012064638,0.20343023500365343,-7.2313595613216215,0.0,0.0,300
MZI_null,MZI,MZI_null_02103,-0.035291086495865834,4.437474775229465,-5.634807766460201,0.0,0.0,300
MZI_null,MZI,MZI_null_02104,-0.29729467286080696,-6.497543605873094,1.6950787050409568,0.0,0.0,300
MZI_null,MZI,MZI_null_02105,0.16871650799787188,-3.537766390935526,1.0496372120032067,0.0,0.0,300
MZI_null,MZI,MZI_null_02106,0.20853829912679842,3.362039243289477,-1.7390058435395446,0.0,0.0,300
MZI_null,MZI,MZI_null_02107,-0.34522075765049803,-4.4626367672290606,-2.280412584805773,0.0,0.0,300
MZI_null,MZI,MZI_null_02108,-0.038840819486758583,-2.5635782030261582,2.3566837937920075,0.0,0.0,300
MZI_null,MZI,MZI_null_02109,0.1911642640031372,-2.5150209617743498,2.295454628155456,0.0,0.0,300
MZI_null,MZI,MZI_null_02110,0.053649204994663406,-1.8064820814122848,1.7196324713298914,0.0,0.0,300
MZI_null,MZI,MZI_null_02111,0.010837807235687372,4.173433531293287,-5.315233500383678,0.0,0.0,300
MZI_null,MZI,MZI_null_02112,-0.07727563486380266,-2.379556690861851,0.31835807137397176,0.0,0.0,300
MZI_null,MZI,MZI_null_02113,0.19019407306546335,-2.07319570170847,-5.266688948518622,0.0,0.0,300
MZI_null,MZI,MZI_null_02114,0.12637708446825063,0.26487629842589344,-6.825575978138218,0.0,0.0,300
MZI_null,MZI,MZI_null_02115,-0.0005706200506199074,-6.770425492040894,-2.9939532925061876,0.0,0.0,300
MZI_null,MZI,MZI_null_02116,-0.13542133904441997,0.4277940947259573,-0.6495094774834487,0.0,0.0,300
MZI_null,MZI,MZI_null_02117,-0.19283865011340415,0.6401978888720268,-5.301417471785243,0.0,0.0,300
MZI_null,MZI,MZI_null_02118,0.049517068570641545,-4.442032007874667,-2.0970312475915596,0.0,0.0,300
MZI_null,MZI,MZI_null_02119,0.0756406122057576,-0.4356518028214129,3.010907220667881,0.0,0.0,300
MZI_null,MZI,MZI_null_02120,-0.012338054950717976,-1.080647411109978,-2.3132119672129736,0.0,0.0,300
MZI_null,MZI,MZI_null_02121,0.027298482393419646,-0.6815418559744648,-1.294929542363128,0.0,0.0,300
MZI_null,MZI,MZI_null_02122,-0.27056257261387445,-1.005587311007314,0.093684432066371,0.0,0.0,300
MZI_null,MZI,MZI_null_02123,-0.10202602145219263,-5.8531611082175425,3.427637451511896,0.0,0.0,300
MZI_null,MZI,MZI_null_02124,0.0737168266341603,-2.687243092765129,-4.411098649442462,0.0,0.0,300
MZI_null,MZI,MZI_null_02125,-0.12327222426320188,1.9077711903586945,-0.5870141773958617,0.0,0.0,300
MZI_null,MZI,MZI_null_02126,-0.08258806005010598,-0.47093230632603156,-3.443194562338971,0.0,0.0,300
MZI_null,MZI,MZI_null_02127,0.22512645454205674,2.058401604690175,-2.39972221360833,0.0,0.0,300
MZI_null,MZI,MZI_null_02128,-0.09430053705462906,-9.854399596076838,-5.444742314654104,0.0,0.0,300
MZI_null,MZI,MZI_null_02129,-0.20092046624366341,-1.5944289770378424,-1.9787011133240786,0.0,0.0,300
MZI_null,MZI,MZI_null_02130,-0.2018003231122862,-2.843492127393672,0.5160114429420455,0.0,0.0,300
MZI_null,MZI,MZI_null_02131,0.07917590248733807,-7.6990108425766435,-1.3847904414514924,0.0,0.0,300
MZI_null,MZI,MZI_null_02132,-0.20750111654574155,0.7051860914208219,1.3524392490604953,0.0,0.0,300
MZI_null,MZI,MZI_null_02133,-0.13470408394866876,-4.2981356072012,-2.3838011514949216,0.0,0.0,300
MZI_null,MZI,MZI_null_02134,-0.33791900920970086,-0.9920954796782702,-1.8185336390203921,0.0,0.0,300
MZI_null,MZI,MZI_null_02135,0.14552626238517885,-5.2952276538876575,-2.8573688447497947,0.0,0.0,300
MZI_null,MZI,MZI_null_02136,-0.2259787887058673,-5.0128716904827595,-4.545945988204657,0.0,0.0,300
MZI_null,MZI,MZI_null_02137,0.14939605182696686,-4.094785546254177,-0.6274729457661596,0.0,0.0,300
MZI_null,MZI,MZI_null_02138,-0.05711451057927066,-5.808395798038439,-1.504901269514928,0.0,0.0,300
MZI_null,MZI,MZI_null_02139,0.0898654997795392,-5.623278177630057,1.4273383721941362,0.0,0.0,300
MZI_null,MZI,MZI_null_02140,-0.12745813822165444,-3.448951778218522,0.5920493690301436,0.0,0.0,300
MZI_null,MZI,MZI_null_02141,-0.0995154235829232,-1.887275421992403,-1.9440724863642773,0.0,0.0,300
MZI_null,MZI,MZI_null_02142,0.019405201005572775,-9.142217316570491,-6.489045445624249,0.0,0.0,300
MZI_null,MZI,MZI_null_02143,0.09239505090702572,1.1115442169471508,-3.731460110594564,0.0,0.0,300
MZI_null,MZI,MZI_null_02144,-0.036604252825670154,-1.1158422412930953,1.0796528049761127,0.0,0.0,300
MZI_null,MZI,MZI_null_02145,-0.3041515907506273,-4.658120740935131,-1.9977381395496248,0.0,0.0,300
MZI_null,MZI,MZI_null_02146,0.10547102958540738,5.495291451164484,-1.6840171804291537,0.0,0.0,300
MZI_null,MZI,MZI_null_02147,-0.21104661931559832,-0.793195768396106,2.96298736862213,0.0,0.0,300
MZI_null,MZI,MZI_null_02148,0.016202118146925137,-4.719945635462878,1.8739818244400572,0.0,0.0,300
MZI_null,MZI,MZI_null_02149,0.09953184277476525,-5.078242532586874,0.1442768526030258,0.0,0.0,300
MZI_null,MZI,MZI_null_02150,0.1495898351488309,1.545670127676681,-1.199346925928368,0.0,0.0,300
MZI_null,MZI,MZI_null_02151,-0.05371191692689783,1.6818214662437878,-4.630481508942655,0.0,0.0,300
MZI_null,MZI,MZI_null_02152,0.06578689363815081,-6.110079882093288,2.196128816778808,0.0,0.0,300
MZI_null,MZI,MZI_null_02153,-0.03870682734167422,1.8057497069424082,0.47423826906658095,0.0,0.0,300
MZI_null,MZI,MZI_null_02154,-0.1834830345092895,2.27388319623173,3.6537357992831883,0.0,0.0,300
MZI_null,MZI,MZI_null_02155,0.13234297388988234,-4.284763595108659,-1.9180418630722267,0.0,0.0,300
MZI_null,MZI,MZI_null_02156,0.02181408261086391,-4.1111311979943,4.0770397173896145,0.0,0.0,300
MZI_null,MZI,MZI_null_02157,0.021648970758905522,-10.11004414132207,0.018067438268660974,0.0,0.0,300
MZI_null,MZI,MZI_null_02158,-0.05222360952259698,-2.224779668355344,-2.105858097357099,0.0,0.0,300
MZI_null,MZI,MZI_null_02159,0.12105696249100309,1.3590633356601436,-0.1508405132240388,0.0,0.0,300
MZI_null,MZI,MZI_null_02160,-0.05089667807072386,-2.124011614427511,-0.9412011502671151,0.0,0.0,300
MZI_null,MZI,MZI_null_02161,-0.12036450597972552,-0.2632140542862955,0.38012697158139863,0.0,0.0,300
MZI_null,MZI,MZI_null_02162,0.231066185966501,1.766049340865425,-3.0570247527703907,0.0,0.0,300
MZI_null,MZI,MZI_null_02163,0.1230447561763447,-4.852860149283415,1.0877963028225492,0.0,0.0,300
MZI_null,MZI,MZI_null_02164,-0.07749212981401617,-5.0697596701267535,-0.15986397190778667,0.0,0.0,300
MZI_null,MZI,MZI_null_02165,-0.4011850692231211,-7.252926723215684,-1.5324756513228497,0.0,0.0,300
MZI_null,MZI,MZI_null_02166,0.012366264995226368,-3.1079563104745667,-5.738308896152796,0.0,0.0,300
MZI_null,MZI,MZI_null_02167,-0.12268377632077582,-0.8263720182878185,0.7453453118850877,0.0,0.0,300
MZI_null,MZI,MZI_null_02168,-0.0024334676393911858,1.4705013431109668,0.19219107037770278,0.0,0.0,300
MZI_null,MZI,MZI_null_02169,-0.11211834809373183,-2.841506160234852,-5.208598471623564,0.0,0.0,300
MZI_null,MZI,MZI_null_02170,-0.016220848558712513,1.3363018576640155,1.0558702541329037,0.0,0.0,300
MZI_null,MZI,MZI_null_02171,0.21030139888786828,-2.9086557313969794,3.038299383542773,0.0,0.0,300
MZI_null,MZI,MZI_null_02172,-0.02899563396719548,2.4147552477096816,-1.065570242326371,0.0,0.0,300
MZI_null,MZI,MZI_null_02173,0.10608470607064151,2.425337092929567,-1.5802828857436169,0.0,0.0,300
MZI_null,MZI,MZI_null_02174,0.032758348131626126,1.8665902756189068,-1.3990094917901907,0.0,0.0,300
MZI_null,MZI,MZI_null_02175,-0.19813384237592416,4.429021163754729,-2.4092933930114104,0.0,0.0,300
MZI_null,MZI,MZI_null_02176,0.023813407640631425,1.4680200083533812,-2.8254817111936052,0.0,0.0,300
MZI_null,MZI,MZI_null_02177,-0.15118018698331953,-1.2387881096755007,-6.379229193737169,0.0,0.0,300
MZI_null,MZI,MZI_null_02178,-0.04318591153018803,-1.2648840070537823,-1.8098556904754923,0.0,0.0,300
MZI_null,MZI,MZI_null_02179,-0.23151764147786205,2.7825338686120364,-0.6893855381524738,0.0,0.0,300
MZI_null,MZI,MZI_null_02180,0.21467281766426113,-2.780108750541334,-3.6400359450722917,0.0,0.0,300
MZI_null,MZI,MZI_null_02181,0.04037713803827398,-2.647361378984659,-4.533284373974074,0.0,0.0,300
MZI_null,MZI,MZI_null_02182,0.22046763881812434,-3.866810668681988,-6.520799154386705,0.0,0.0,300
MZI_null,MZI,MZI_null_02183,0.1992249080935999,-3.51289404743787,-2.823471677846873,0.0,0.0,300
MZI_null,MZI,MZI_null_02184,-0.2648081380544961,3.2228244597909725,-4.868441761629063,0.0,0.0,300
MZI_null,MZI,MZI_null_02185,0.008767422105847484,0.7378609676213213,0.26515079900929095,0.0,0.0,300
MZI_null,MZI,MZI_null_02186,-0.00894814679882874,-7.1049975748622485,-3.429174507301852,0.0,0.0,300
MZI_null,MZI,MZI_null_02187,0.0281700507063783,-4.361522209960989,-0.3899216200036968,0.0,0.0,300
MZI_null,MZI,MZI_null_02188,0.10226151132227125,0.8875086574003053,-4.67853807343805,0.0,0.0,300
MZI_null,MZI,MZI_null_02189,0.32949690824684313,0.3024380336623915,-1.005142461007192,0.0,0.0,300
MZI_null,MZI,MZI_null_02190,0.16343048746149608,5.096223315999921,-5.316160303170609,0.0,0.0,300
MZI_null,MZI,MZI_null_02191,-0.03378939637370304,-9.135294979619985,-0.422045402055926,0.0,0.0,300
MZI_null,MZI,MZI_null_02192,0.05480913628877111,-2.1174863463282785,-2.9636007129949298,0.0,0.0,300
MZI_null,MZI,MZI_null_02193,-0.30742717742824877,-0.8793989497646939,3.366303451745975,0.0,0.0,300
MZI_null,MZI,MZI_null_02194,-0.0886527683600148,-0.679820212930565,-5.704432940260151,0.0,0.0,300
MZI_null,MZI,MZI_null_02195,0.06858195955387708,-3.180146893233971,-3.2872538518087433,0.0,0.0,300
MZI_null,MZI,MZI_null_02196,-0.11405454618241957,-3.1808347460990296,0.14729994707760619,0.0,0.0,300
MZI_null,MZI,MZI_null_02197,-0.19682448017932766,-3.1913459947035587,-1.124415333997443,0.0,0.0,300
MZI_null,MZI,MZI_null_02198,-0.16485588367977888,3.3899956050250513,-3.560486440184025,0.0,0.0,300
MZI_null,MZI,MZI_null_02199,-0.10041553704502357,-4.934923849467493,4.395440261414352,0.0,0.0,300
MZI_null,MZI,MZI_null_02200,0.08293578428992222,-4.809776018730926,2.318694676579906,0.0,0.0,300
MZI_null,MZI,MZI_null_02201,0.03010480414333174,-1.228239736665495,-2.033431626257358,0.0,0.0,300
MZI_null,MZI,MZI_null_02202,-0.112412398043546,-0.986701702836196,-2.635261689986771,0.0,0.0,300
MZI_null,MZI,MZI_null_02203,0.2725133444362657,-5.807873315729313,3.6084703185648355,0.0,0.0,300
MZI_null,MZI,MZI_null_02204,-0.0166978273196701,-1.1027427979366824,1.499473299888304,0.0,0.0,300
MZI_null,MZI,MZI_null_02205,-0.09453739425066544,0.5927451540959097,-9.122631566143532,0.0,0.0,300
MZI_null,MZI,MZI_null_02206,-0.10799842998329087,-4.772188422023197,-4.760518037115284,0.0,0.0,300
MZI_null,MZI,MZI_null_02207,-0.03224322571184267,-0.8427500954549156,1.1079799954979173,0.0,0.0,300
MZI_null,MZI,MZI_null_02208,0.03613151358006114,-3.9970803946806406,0.1070493134755015,0.0,0.0,300
MZI_null,MZI,MZI_null_02209,0.018642854227627605,0.8081685038080488,1.3308101087945499,0.0,0.0,300
MZI_null,MZI,MZI_null_02210,0.0045714620880943305,-4.69175901848377,-2.9588504674962426,0.0,0.0,300
MZI_null,MZI,MZI_null_02211,-0.082468403945705,-2.9457990017487674,-0.19584871723074015,0.0,0.0,300
MZI_null,MZI,MZI_null_02212,0.10727615851920876,-2.153356079046133,-0.9516256362985827,0.0,0.0,300
MZI_null,MZI,MZI_null_02213,0.021495945750000557,-3.54771593939702,-3.776176772928868,0.0,0.0,300
MZI_null,MZI,MZI_null_02214,-0.2633156845966065,-4.085448074230618,0.4194363598033608,0.0,0.0,300
MZI_null,MZI,MZI_null_02215,-0.10543671570593512,-2.7134211122778193,0.39929386223695085,0.0,0.0,300
MZI_null,MZI,MZI_null_02216,0.07810342446340031,-5.238598556498117,1.9911780693609242,0.0,0.0,300
MZI_null,MZI,MZI_null_02217,0.1691025134033228,-5.38954957165568,-3.471510608923462,0.0,0.0,300
MZI_null,MZI,MZI_null_02218,0.17866360247192872,-2.4405605637659025,-7.659333842355553,0.0,0.0,300
MZI_null,MZI,MZI_null_02219,-0.20995222570990293,-2.7481088755174436,-4.489127950853805,0.0,0.0,300
MZI_null,MZI,MZI_null_02220,-0.062013565595466204,-1.902811358949264,3.3867638121041868,0.0,0.0,300
MZI_null,MZI,MZI_null_02221,-0.04356808743416835,1.2176253987182766,3.2862804861103116,0.0,0.0,300
MZI_null,MZI,MZI_null_02222,0.2151464504028114,-1.1457362198432952,-6.8898674435169225,0.0,0.0,300
MZI_null,MZI,MZI_null_02223,0.06912372981057979,1.1451996634406232,-1.2432013163062514,0.0,0.0,300
MZI_null,MZI,MZI_null_02224,0.26168758051128727,0.5795006844023733,0.7048201314583529,0.0,0.0,300
MZI_null,MZI,MZI_null_02225,0.16295710668087568,-0.9998904462173657,-8.47843149818606,0.0,0.0,300
MZI_null,MZI,MZI_null_02226,-0.07487084272055484,1.5915040817435608,-3.422774020294888,0.0,0.0,300
MZI_null,MZI,MZI_null_02227,-0.033520875785540874,-5.134508941709214,4.351767785605307,0.0,0.0,300
MZI_null,MZI,MZI_null_02228,0.2522238686127023,-4.651606685422188,-0.558105998832748,0.0,0.0,300
MZI_null,MZI,MZI_null_02229,-0.10207410716460714,-0.15516608290586564,0.529049231726987,0.0,0.0,300
MZI_null,MZI,MZI_null_02230,0.12175583574198982,-1.0042446568763381,7.806218619165405,0.0,0.0,300
MZI_null,MZI,MZI_null_02231,-0.15418856475161083,-7.131810063309542,-2.1792706021043844,0.0,0.0,300
MZI_null,MZI,MZI_null_02232,-0.23519823983404012,-6.477386810017979,-4.003943962593901,0.0,0.0,300
MZI_null,MZI,MZI_null_02233,-0.1383283358147441,-4.863854305850181,0.5546568513362347,0.0,0.0,300
MZI_null,MZI,MZI_null_02234,-0.07592835916280041,-2.5385437246174405,1.6826983235028043,0.0,0.0,300
MZI_null,MZI,MZI_null_02235,-0.11494837871721393,-2.7936376961141667,0.09727995827874669,0.0,0.0,300
MZI_null,MZI,MZI_null_02236,-0.2912351700930332,-9.154716526851747,0.03835198639316806,0.0,0.0,300
MZI_null,MZI,MZI_null_02237,0.07380214208503479,4.192660404557232,-0.5257153723995702,0.0,0.0,300
MZI_null,MZI,MZI_null_02238,0.12296095758871421,-2.5864179307579214,-0.108318335244741,0.0,0.0,300
MZI_null,MZI,MZI_null_02239,0.25008852626243006,-8.371978454376906,0.24084877271504146,0.0,0.0,300
MZI_null,MZI,MZI_null_02240,0.3203380095116049,-1.1538973423719725,3.951718889698544,0.0,0.0,300
MZI_null,MZI,MZI_null_02241,-0.09438182242941635,-2.0961424824911403,-0.8994258928342375,0.0,0.0,300
MZI_null,MZI,MZI_null_02242,-0.3326386619038156,-5.504533483550601,-4.290625238151958,0.0,0.0,300
MZI_null,MZI,MZI_null_02243,0.12330991170487911,0.6164593170521648,-0.027890671880400064,0.0,0.0,300
MZI_null,MZI,MZI_null_02244,0.12361543452835587,-2.4924482381653217,2.60579500861863,0.0,0.0,300
MZI_null,MZI,MZI_null_02245,0.001318266394810773,-1.8264078577197305,-1.7967778997872341,0.0,0.0,300
MZI_null,MZI,MZI_null_02246,0.10266757164546418,-3.2635964498387393,1.9292941315942045,0.0,0.0,300
MZI_null,MZI,MZI_null_02247,-0.169822371107401,-5.296748764184581,1.0622802653795125,0.0,0.0,300
MZI_null,MZI,MZI_null_02248,-0.013281632187451905,-3.361674248459385,1.6701731974263794,0.0,0.0,300
MZI_null,MZI,MZI_null_02249,-0.09108921211291267,-2.6006037629011094,3.197683850213478,0.0,0.0,300
MZI_null,MZI,MZI_null_02250,0.23087135187159755,2.7171946308109813,-1.846377330801734,0.0,0.0,300
MZI_null,MZI,MZI_null_02251,0.18460543574767052,-4.846858483306034,-3.720708624166183,0.0,0.0,300
MZI_null,MZI,MZI_null_02252,-0.35256837789365414,3.0186046056955895,-3.5919395472282347,0.0,0.0,300
MZI_null,MZI,MZI_null_02253,-0.018979886962058996,-4.730973025784852,1.0854957449904212,0.0,0.0,300
MZI_null,MZI,MZI_null_02254,-0.05634504910760102,-5.914450671298848,0.32498769255818205,0.0,0.0,300
MZI_null,MZI,MZI_null_02255,-0.21505950372153426,-4.512217175946474,-7.320667343878243,0.0,0.0,300
MZI_null,MZI,MZI_null_02256,-0.213593716829641,-1.4644124908385665,-6.893608114308774,0.0,0.0,300
MZI_null,MZI,MZI_null_02257,-0.22217185869325734,-2.007106748398424,-2.6308206882791576,0.0,0.0,300
MZI_null,MZI,MZI_null_02258,0.29880549539389634,3.5016896380731266,-3.603767388253461,0.0,0.0,300
MZI_null,MZI,MZI_null_02259,0.08357064276052227,0.2478476706383539,-2.79243657407321,0.0,0.0,300
MZI_null,MZI,MZI_null_02260,-0.22433123047473058,-2.036895347924173,-1.5185370244423329,0.0,0.0,300
MZI_null,MZI,MZI_null_02261,-0.06536467454559287,-0.6730493955065442,-3.252188821016796,0.0,0.0,300
MZI_null,MZI,MZI_null_02262,-0.17279963213687147,-1.6727510889505044,0.1579102777066277,0.0,0.0,300
MZI_null,MZI,MZI_null_02263,-0.17649674158500794,0.7842718329732437,-6.311443413328234,0.0,0.0,300
MZI_null,MZI,MZI_null_02264,-0.0867170188073465,-2.7740256085928268,-2.9086711379557895,0.0,0.0,300
MZI_null,MZI,MZI_null_02265,-0.08475907103267886,3.6132234469243425,-3.552652267116696,0.0,0.0,300
MZI_null,MZI,MZI_null_02266,0.3661832583707871,-0.6886196608068444,-0.723834588064024,0.0,0.0,300
MZI_null,MZI,MZI_null_02267,0.07143605300814988,5.589783247755857,-3.9807790117943442,0.0,0.0,300
MZI_null,MZI,MZI_null_02268,-0.16806268784045839,-4.264598589715763,-0.9035705591063173,0.0,0.0,300
MZI_null,MZI,MZI_null_02269,-0.258865668721886,-1.932982282044176,4.080641400241016,0.0,0.0,300
MZI_null,MZI,MZI_null_02270,0.022711108593716636,-2.878056376925831,-2.854481346050882,0.0,0.0,300
MZI_null,MZI,MZI_null_02271,0.13477675568273467,-4.477498319714143,4.539187761797744,0.0,0.0,300
MZI_null,MZI,MZI_null_02272,0.29000396215715357,-1.2297476040146373,-1.0345452642299353,0.0,0.0,300
MZI_null,MZI,MZI_null_02273,0.15459897123623392,1.2843955066819754,-3.4179751931782465,0.0,0.0,300
MZI_null,MZI,MZI_null_02274,-0.0789832699705053,-5.967042304049887,0.22719481500217142,0.0,0.0,300
MZI_null,MZI,MZI_null_02275,0.0999941825185336,-6.049776913583819,-2.3655967144484773,0.0,0.0,300
MZI_null,MZI,MZI_null_02276,-0.20208808763720237,-4.696399430731512,0.6530511806788986,0.0,0.0,300
MZI_null,MZI,MZI_null_02277,-0.11002231000174191,-2.902477868096896,-5.8819351838419465,0.0,0.0,300
MZI_null,MZI,MZI_null_02278,0.028048531458699642,-2.1328199595339465,-3.1868777500994865,0.0,0.0,300
MZI_null,MZI,MZI_null_02279,-0.02835214465237112,-1.4591153584896668,-3.4446044467280323,0.0,0.0,300
MZI_null,MZI,MZI_null_02280,-0.2214393816002669,3.416723298060446,-2.899818114130818,0.0,0.0,300
MZI_null,MZI,MZI_null_02281,-0.014514015478033397,1.0325192050609404,9.587165562711451,0.0,0.0,300
MZI_null,MZI,MZI_null_02282,-0.18667296748332984,-0.6505183588204702,-3.122656855882319,0.0,0.0,300
MZI_null,MZI,MZI_null_02283,-0.08081854568650662,-4.16063606302037,-4.376964903401754,0.0,0.0,300
MZI_null,MZI,MZI_null_02284,-0.006193704267699216,-6.423508061144707,1.8404226995356114,0.0,0.0,300
MZI_null,MZI,MZI_null_02285,0.008250440405006193,-0.7326950812956805,-2.398565835838669,0.0,0.0,300
MZI_null,MZI,MZI_null_02286,-0.055080590131762246,-1.1373082844980158,-4.492151897217477,0.0,0.0,300
MZI_null,MZI,MZI_null_02287,-0.053698565162000375,-4.578840541635362,-3.671706431773043,0.0,0.0,300
MZI_null,MZI,MZI_null_02288,-0.3164757360938462,2.017979768439999,-3.0596162594613068,0.0,0.0,300
MZI_null,MZI,MZI_null_02289,0.1745064082745325,1.2063769641828768,-4.857999119549481,0.0,0.0,300
MZI_null,MZI,MZI_null_02290,-0.16326168535092686,5.681508878067051,4.252777825781431,0.0,0.0,300
MZI_null,MZI,MZI_null_02291,-0.004727776999215623,-1.2278806807479519,-2.8925392088415665,0.0,0.0,300
MZI_null,MZI,MZI_null_02292,0.06485290713005099,-4.1515457021674145,-7.0970612928951535,0.0,0.0,300
MZI_null,MZI,MZI_null_02293,-0.19823336797665764,-1.9367217564482382,-4.393201706507763,0.0,0.0,300
MZI_null,MZI,MZI_null_02294,-0.01009161973703018,-5.223983118298589,-3.3470617675059806,0.0,0.0,300
MZI_null,MZI,MZI_null_02295,0.12797479596197875,-1.257558357079686,-1.0289932639400416,0.0,0.0,300
MZI_null,MZI,MZI_null_02296,0.13184459596059767,-0.558174219957958,3.3396898737541028,0.0,0.0,300
MZI_null,MZI,MZI_null_02297,-0.06897888934727102,-3.288904935582526,-4.903327799174036,0.0,0.0,300
MZI_null,MZI,MZI_null_02298,-0.06434710760586296,0.8943096829073367,2.8999621167864023,0.0,0.0,300
MZI_null,MZI,MZI_null_02299,0.1440457752130002,-7.382575599648309,2.249435637982203,0.0,0.0,300
MZI_null,MZI,MZI_null_02300,-0.2757777934908106,0.6943519723670422,-2.1033535797131657,0.0,0.0,300
MZI_null,MZI,MZI_null_02301,0.10537999709007835,-5.997345043683698,2.51350289811844,0.0,0.0,300
MZI_null,MZI,MZI_null_02302,-0.21974621191573335,-4.005364732559533,-3.994283883307106,0.0,0.0,300
MZI_null,MZI,MZI_null_02303,-0.26314272792337484,-1.716417297234595,4.418267353510884,0.0,0.0,300
MZI_null,MZI,MZI_null_02304,0.40003578334800133,-1.7085326387412567,2.350043825202567,0.0,0.0,300
MZI_null,MZI,MZI_null_02305,0.03481419568928058,-0.5033504156953619,-2.0264459533817165,0.0,0.0,300
MZI_null,MZI,MZI_null_02306,0.029261538813390317,-0.38756388618071425,-2.735379186628994,0.0,0.0,300
MZI_null,MZI,MZI_null_02307,-0.011624144983948188,-2.175290356992465,1.479209951991574,0.0,0.0,300
MZI_null,MZI,MZI_null_02308,-0.15990482574415207,-2.1546266258229547,4.736016407158092,0.0,0.0,300
MZI_null,MZI,MZI_null_02309,0.17460902288789062,2.047537146666116,-0.9267044794658975,0.0,0.0,300
MZI_null,MZI,MZI_null_02310,0.04814963455290348,1.0067085001087763,3.6807665885927925,0.0,0.0,300
MZI_null,MZI,MZI_null_02311,-0.292740436932433,-5.946323921149537,2.9283323042079434,0.0,0.0,300
MZI_null,MZI,MZI_null_02312,-0.041533403365320534,-4.0151623677742325,-4.762482960986811,0.0,0.0,300
MZI_null,MZI,MZI_null_02313,-0.08325250523161641,-6.207107850271474,5.273282818197432,0.0,0.0,300
MZI_null,MZI,MZI_null_02314,-0.0033654077970860234,-2.173851625288153,0.7642300255034953,0.0,0.0,300
MZI_null,MZI,MZI_null_02315,0.14435177538998542,0.8376644696639177,2.2208658317227146,0.0,0.0,300
MZI_null,MZI,MZI_null_02316,-0.09462683261862845,-2.893600414870584,1.3070949663268263,0.0,0.0,300
MZI_null,MZI,MZI_null_02317,-0.07910835924594299,-2.015319896081675,0.19629129327444272,0.0,0.0,300
MZI_null,MZI,MZI_null_02318,0.11777776234655643,-7.3330428871106035,1.1442369496668352,0.0,0.0,300
MZI_null,MZI,MZI_null_02319,-0.03505860867775882,0.1223731325931432,1.330795077064486,0.0,0.0,300
MZI_null,MZI,MZI_null_02320,0.24118725916787362,2.0603609428636096,3.0397149878308882,0.0,0.0,300
MZI_null,MZI,MZI_null_02321,0.21655054787493574,-1.1258630455521623,-0.9034447388894808,0.0,0.0,300
MZI_null,MZI,MZI_null_02322,0.13092256247675016,0.1962428542990673,-1.9271987102147805,0.0,0.0,300
MZI_null,MZI,MZI_null_02323,0.06072351132124021,-2.1052894003537834,-3.561798725380168,0.0,0.0,300
MZI_null,MZI,MZI_null_02324,0.19356911120645245,-1.8344022724097324,5.1461247730965525,0.0,0.0,300
MZI_null,MZI,MZI_null_02325,-0.24382384052997488,-3.670336318530099,-0.9020834899273857,0.0,0.0,300
MZI_null,MZI,MZI_null_02326,0.1706071646443371,-0.8015918821934447,-0.06858173745774576,0.0,0.0,300
MZI_null,MZI,MZI_null_02327,-0.16908956888312207,-5.470824191688414,-0.032486019130285815,0.0,0.0,300
MZI_null,MZI,MZI_null_02328,-0.20461589907275377,-3.595633250867986,0.5027519872575725,0.0,0.0,300
MZI_null,MZI,MZI_null_02329,-0.1473486408415164,2.8160678870854197,2.6718090327136705,0.0,0.0,300
MZI_null,MZI,MZI_null_02330,-0.23571299975074506,-4.797113729545961,-7.85733173348485,0.0,0.0,300
MZI_null,MZI,MZI_null_02331,-0.11738870438221997,0.2991654297171982,-2.241684826824571,0.0,0.0,300
MZI_null,MZI,MZI_null_02332,0.06911958654239511,-6.567002954845233,1.3939257637457159,0.0,0.0,300
MZI_null,MZI,MZI_null_02333,-0.08326638418925247,-1.9634909531512843,-1.278623504179158,0.0,0.0,300
MZI_null,MZI,MZI_null_02334,-0.19073227813384258,-5.459252995219347,1.9033834070102782,0.0,0.0,300
MZI_null,MZI,MZI_null_02335,0.05984882362525434,1.15014712466028,-0.02602529349244498,0.0,0.0,300
MZI_null,MZI,MZI_null_02336,0.021448595221382472,-7.1780318560003,-1.8111000902835093,0.0,0.0,300
MZI_null,MZI,MZI_null_02337,-0.004107648060561603,3.8593215948177217,1.060869896296032,0.0,0.0,300
MZI_null,MZI,MZI_null_02338,0.23040917725642926,-0.20738688231581537,-3.133909680848438,0.0,0.0,300
MZI_null,MZI,MZI_null_02339,0.0175686324224777,-1.291329061207301,-3.817466709312045,0.0,0.0,300
MZI_null,MZI,MZI_null_02340,-0.05765810648893817,-2.6173009810315158,3.8168594976953543,0.0,0.0,300
MZI_null,MZI,MZI_null_02341,-0.31211107880864675,1.6174552621481295,-3.8103857048781484,0.0,0.0,300
MZI_null,MZI,MZI_null_02342,-0.2058118780904421,1.5398263901153921,1.1956942077031432,0.0,0.0,300
MZI_null,MZI,MZI_null_02343,0.18817780535717848,0.4021058426367303,5.179535005212205,0.0,0.0,300
MZI_null,MZI,MZI_null_02344,0.0838085755416728,-2.4694321283694753,0.028779131964027815,0.0,0.0,300
MZI_null,MZI,MZI_null_02345,0.18652036925189452,-4.3381259757803505,-2.9556657475941424,0.0,0.0,300
MZI_null,MZI,MZI_null_02346,-0.04634400218968611,-8.313748396295997,-0.5857647747473594,0.0,0.0,300
MZI_null,MZI,MZI_null_02347,-0.28291930559265394,-1.8408220612021429,1.5958692684057496,0.0,0.0,300
MZI_null,MZI,MZI_null_02348,-0.07153146909657535,3.031347610560613,-5.3815026982554635,0.0,0.0,300
MZI_null,MZI,MZI_null_02349,0.17868910224477488,0.025411169220762364,-6.148099744932067,0.0,0.0,300
MZI_null,MZI,MZI_null_02350,0.4066191448560799,-2.1912358565118986,-3.632452066466895,0.0,0.0,300
MZI_null,MZI,MZI_null_02351,-0.21106307921760253,-2.660054082979022,-1.3822206171698792,0.0,0.0,300
MZI_null,MZI,MZI_null_02352,0.015396829280949664,-2.8933884686718807,0.8996759303452806,0.0,0.0,300
MZI_null,MZI,MZI_null_02353,-0.05814447489948695,-7.8048923517214135,-1.4480844869489236,0.0,0.0,300
MZI_null,MZI,MZI_null_02354,-0.3551216480059917,-0.9386881073258315,-3.937900690847906,0.0,0.0,300
MZI_null,MZI,MZI_null_02355,0.02450405323737007,1.9422249445738125,-3.846246085804,0.0,0.0,300
MZI_null,MZI,MZI_null_02356,0.15918843877681768,-3.3001687000584594,4.2595844061967565,0.0,0.0,300
MZI_null,MZI,MZI_null_02357,-0.054772891979732,-4.521478956520074,1.0617153511858652,0.0,0.0,300
MZI_null,MZI,MZI_null_02358,-0.06536845944354538,-4.524348542387026,-2.4335195521113735,0.0,0.0,300
MZI_null,MZI,MZI_null_02359,-0.006690979827450211,2.026540393734562,-6.802263236378732,0.0,0.0,300
MZI_null,MZI,MZI_null_02360,0.0034620988425631007,-0.12528921603787113,-0.4196542750246117,0.0,0.0,300
MZI_null,MZI,MZI_null_02361,0.19647977541503012,-2.223035989275573,-1.5536543265578355,0.0,0.0,300
MZI_null,MZI,MZI_null_02362,0.08884943205200149,-1.702058555145951,-2.171226214841413,0.0,0.0,300
MZI_null,MZI,MZI_null_02363,0.07742160593795695,-3.9575848796499358,-2.8335314560579814,0.0,0.0,300
MZI_null,MZI,MZI_null_02364,-0.07919910326484204,2.0592074804992215,-10.66304906795714,0.0,0.0,300
MZI_null,MZI,MZI_null_02365,0.059339825214441345,-1.8971845573993333,-6.042611377714361,0.0,0.0,300
MZI_null,MZI,MZI_null_02366,0.046459016870400334,-0.5727440245054041,0.7689176940722002,0.0,0.0,300
MZI_null,MZI,MZI_null_02367,-0.3977742094567423,2.099168235563315,-3.2132101140545224,0.0,0.0,300
MZI_null,MZI,MZI_null_02368,0.10298516201297642,0.22322134204685806,-3.6300912568578787,0.0,0.0,300
MZI_null,MZI,MZI_null_02369,0.09906899285273255,-3.1564797227370747,-7.214131538014472,0.0,0.0,300
MZI_null,MZI,MZI_null_02370,0.17516128882916684,-4.325134889048719,-3.563480388214163,0.0,0.0,300
MZI_null,MZI,MZI_null_02371,-0.06045988020550831,-1.1832898240178358,-1.1718112324663068,0.0,0.0,300
MZI_null,MZI,MZI_null_02372,0.08221003870607556,-6.018468099585977,-3.227159111292204,0.0,0.0,300
MZI_null,MZI,MZI_null_02373,-0.017399560848230033,3.6936618779761172,-1.3414376152412741,0.0,0.0,300
MZI_null,MZI,MZI_null_02374,0.16278333954924473,-1.884334493647047,-2.4509759123127055,0.0,0.0,300
MZI_null,MZI,MZI_null_02375,-0.03700866361716608,-2.5052591360866434,0.8109372168822158,0.0,0.0,300
MZI_null,MZI,MZI_null_02376,0.20619169013648317,-0.9209574569410368,2.561233036225266,0.0,0.0,300
MZI_null,MZI,MZI_null_02377,-0.14471846064445282,-3.2438915264420918,-3.1729076026230003,0.0,0.0,300
MZI_null,MZI,MZI_null_02378,0.04716668863122788,-3.076875155538241,1.189318811102586,0.0,0.0,300
MZI_null,MZI,MZI_null_02379,-0.13965025674486622,-1.8709070800361558,1.0605737330367684,0.0,0.0,300
MZI_null,MZI,MZI_null_02380,-0.3097954162560915,4.36489392199061,-1.849455654639627,0.0,0.0,300
MZI_null,MZI,MZI_null_02381,-0.3037559870514259,-1.5257183042696418,-0.8996695960805472,0.0,0.0,300
MZI_null,MZI,MZI_null_02382,-0.01228415693587395,0.9735733387799987,1.2423349142811677,0.0,0.0,300
MZI_null,MZI,MZI_null_02383,0.04468142865357677,-0.6495330981600571,-1.3130753483142596,0.0,0.0,300
MZI_null,MZI,MZI_null_02384,0.26632362738600723,-6.4375880550733,-0.5810449773523103,0.0,0.0,300
MZI_null,MZI,MZI_null_02385,0.009753694678317017,0.43984121819377897,-3.531561632274698,0.0,0.0,300
MZI_null,MZI,MZI_null_02386,-0.2615508903594804,-1.5295309517054205,-0.15630852334418766,0.0,0.0,300
MZI_null,MZI,MZI_null_02387,0.22343991141714734,-5.811086138975258,2.46408130015016,0.0,0.0,300
MZI_null,MZI,MZI_null_02388,0.3551121546040682,-3.1332946625674314,-4.8728266584796724,0.0,0.0,300
MZI_null,MZI,MZI_null_02389,-0.06104615495600567,-1.9579850978858577,0.691363625020744,0.0,0.0,300
MZI_null,MZI,MZI_null_02390,-0.08870920947570711,2.6655956024420258,-4.343596945024185,0.0,0.0,300
MZI_null,MZI,MZI_null_02391,-0.26088077282592,1.320131272861952,-7.823863093618598,0.0,0.0,300
MZI_null,MZI,MZI_null_02392,-0.030619465330907425,7.353043387624142,-1.0361306588797945,0.0,0.0,300
MZI_null,MZI,MZI_null_02393,-0.16811514760443744,-2.1721923913603813,-1.1524023658586007,0.0,0.0,300
MZI_null,MZI,MZI_null_02394,0.02409749105296748,-0.013211053521140936,-4.117333505103217,0.0,0.0,300
MZI_null,MZI,MZI_null_02395,0.253132208285519,-1.2646571468821466,1.1803821392054115,0.0,0.0,300
MZI_null,MZI,MZI_null_02396,-0.09422240996334638,1.8591464109866003,-1.7711572264391942,0.0,0.0,300
MZI_null,MZI,MZI_null_02397,0.041632877024029756,-4.799318231561328,-3.9907948792063808,0.0,0.0,300
MZI_null,MZI,MZI_null_02398,0.1032307959679324,-3.330820490622158,-3.561469262513131,0.0,0.0,300
MZI_null,MZI,MZI_null_02399,-0.09647750130405457,0.09685921515226337,-2.887113583610833,0.0,0.0,300
MZI_null,MZI,MZI_null_02400,-0.01764823974032461,-1.954916749138709,-6.752046658030897,0.0,0.0,300
MZI_null,MZI,MZI_null_02401,-0.2206689608060277,-0.9911663322573125,-3.2110880834580913,0.0,0.0,300
MZI_null,MZI,MZI_null_02402,0.15850873669206275,0.9004213127516332,1.1575059990663115,0.0,0.0,300
MZI_null,MZI,MZI_null_02403,0.2729657680968896,-2.2492679832295495,0.9466457777115171,0.0,0.0,300
MZI_null,MZI,MZI_null_02404,-0.08766014648940466,5.357109738606171,4.9509009573080585,0.0,0.0,300
MZI_null,MZI,MZI_null_02405,0.001782065177668791,-0.8402413102844233,3.0778927980944175,0.0,0.0,300
MZI_null,MZI,MZI_null_02406,-0.022070925722116042,-3.9698722123991144,1.6219692530206475,0.0,0.0,300
MZI_null,MZI,MZI_null_02407,0.011765886912550512,-1.4510166510642188,-3.5028140292038965,0.0,0.0,300
MZI_null,MZI,MZI_null_02408,-0.2576508222545094,-1.2915727703626967,1.7148861244825993,0.0,0.0,300
MZI_null,MZI,MZI_null_02409,-0.03387101236140627,2.3092885586766005,-3.1117489762466333,0.0,0.0,300
MZI_null,MZI,MZI_null_02410,-0.158205668244888,-2.2016909215883937,-1.2477777260538714,0.0,0.0,300
MZI_null,MZI,MZI_null_02411,0.11549530970028338,-4.3248884721919545,3.1042827104446946,0.0,0.0,300
MZI_null,MZI,MZI_null_02412,0.295037544376238,-2.1174320809050258,2.7491312605529554,0.0,0.0,300
MZI_null,MZI,MZI_null_02413,-0.158474560593789,1.2256646235457476,2.1418292256783875,0.0,0.0,300
MZI_null,MZI,MZI_null_02414,0.12951559202848179,-2.046689266610882,-9.862746823726093,0.0,0.0,300
MZI_null,MZI,MZI_null_02415,-0.0962590715478194,-3.877748053053806,-3.934764814181432,0.0,0.0,300
MZI_null,MZI,MZI_null_02416,0.01833645068205993,-3.256890336563704,-3.473836029295066,0.0,0.0,300
MZI_null,MZI,MZI_null_02417,-0.15882002223717295,-4.146538956455686,2.364497635549785,0.0,0.0,300
MZI_null,MZI,MZI_null_02418,-0.09915375819412413,-3.544816119299817,-2.370092845069739,0.0,0.0,300
MZI_null,MZI,MZI_null_02419,0.05084902707141295,-0.6312515344144016,-10.133969617729486,0.0,0.0,300
MZI_null,MZI,MZI_null_02420,0.1532452820741412,2.3091041027312613,-4.150559612085008,0.0,0.0,300
MZI_null,MZI,MZI_null_02421,-0.14584473671022521,-3.3507601633348143,-3.2680120583698145,0.0,0.0,300
MZI_null,MZI,MZI_null_02422,0.033589031091990955,-7.839575859076593,-4.353782824110219,0.0,0.0,300
MZI_null,MZI,MZI_null_02423,0.2308795800262361,-4.784659902044053,2.7302848343087747,0.0,0.0,300
MZI_null,MZI,MZI_null_02424,0.05330072933852053,-7.427803143764774,0.9059875856486186,0.0,0.0,300
MZI_null,MZI,MZI_null_02425,-0.017650095328928004,-3.3664011687492215,-0.2651287204839883,0.0,0.0,300
MZI_null,MZI,MZI_null_02426,0.07119502283501881,0.12277546592385846,2.534758542644007,0.0,0.0,300
MZI_null,MZI,MZI_null_02427,0.06122038691675345,-6.126902266359085,-2.420936372953573,0.0,0.0,300
MZI_null,MZI,MZI_null_02428,0.4414572502902932,0.17347318114518284,6.107861902434491,0.0,0.0,300
MZI_null,MZI,MZI_null_02429,0.2093151123298778,-1.2745937853327542,-0.09577879065664774,0.0,0.0,300
MZI_null,MZI,MZI_null_02430,-0.005487005981526869,-7.213413847539498,-0.9458582425953271,0.0,0.0,300
MZI_null,MZI,MZI_null_02431,0.18160118288132956,-3.798919984463611,0.23585899718542858,0.0,0.0,300
MZI_null,MZI,MZI_null_02432,0.1277386568839796,-4.729041317937426,-2.3539085930309938,0.0,0.0,300
MZI_null,MZI,MZI_null_02433,-0.15268672357157387,-4.466496820068221,-4.8628158509591835,0.0,0.0,300
MZI_null,MZI,MZI_null_02434,-0.135067269206704,2.258367042393518,-3.7464310872708775,0.0,0.0,300
MZI_null,MZI,MZI_null_02435,0.018968882859103506,-3.5086062610128677,2.536597811110817,0.0,0.0,300
MZI_null,MZI,MZI_null_02436,0.19667434449054247,0.5922099464168409,-0.08159634069173394,0.0,0.0,300
MZI_null,MZI,MZI_null_02437,-0.034658930526134786,-5.57562411257375,4.830586643366591,0.0,0.0,300
MZI_null,MZI,MZI_null_02438,-0.11395095266288299,-0.009060958901475846,2.1786967178701917,0.0,0.0,300
MZI_null,MZI,MZI_null_02439,-0.08329207453579941,1.1140375819478865,1.292639610016566,0.0,0.0,300
MZI_null,MZI,MZI_null_02440,0.25919457530726475,-3.4080393992801334,-4.857592051839145,0.0,0.0,300
MZI_null,MZI,MZI_null_02441,-0.07582346331667666,-1.3734393723970049,-0.8253618187448306,0.0,0.0,300
MZI_null,MZI,MZI_null_02442,-0.05901568444118256,-7.727592376931729,0.4114489883873196,0.0,0.0,300
MZI_null,MZI,MZI_null_02443,0.29585167186232997,-0.6072462856309893,0.8274065571605407,0.0,0.0,300
MZI_null,MZI,MZI_null_02444,0.08586679592326527,-0.8088599903528002,1.7949979006042844,0.0,0.0,300
MZI_null,MZI,MZI_null_02445,0.05930605217784987,-2.9380315089598277,-3.387966730026262,0.0,0.0,300
MZI_null,MZI,MZI_null_02446,-0.03734604829210128,-1.0576115106480022,-1.94824888336892,0.0,0.0,300
MZI_null,MZI,MZI_null_02447,0.04715080246971457,-0.6825495988987473,1.4995382938105455,0.0,0.0,300
MZI_null,MZI,MZI_null_02448,0.19241924532584706,-1.7659777445634275,-4.923329695442982,0.0,0.0,300
MZI_null,MZI,MZI_null_02449,-0.05176561452287851,-1.8678122977802019,-6.50730626853127,0.0,0.0,300
MZI_null,MZI,MZI_null_02450,0.2082996780153723,-1.5728662624686012,0.1440585037408546,0.0,0.0,300
MZI_null,MZI,MZI_null_02451,0.20482896937893985,-3.8904284904270403,0.7221257926520903,0.0,0.0,300
MZI_null,MZI,MZI_null_02452,-0.01647961846529035,-2.552260601047758,-3.316577163413138,0.0,0.0,300
MZI_null,MZI,MZI_null_02453,0.2498404820529791,-3.1265001202267126,1.0983927406871064,0.0,0.0,300
MZI_null,MZI,MZI_null_02454,-0.28125110812079046,1.5399655890693595,2.156633467871176,0.0,0.0,300
MZI_null,MZI,MZI_null_02455,0.014615116544595455,-2.680827398413773,0.20000001684069924,0.0,0.0,300
MZI_null,MZI,MZI_null_02456,0.3433185991320434,-7.289710096710455,1.3460821627223827,0.0,0.0,300
MZI_null,MZI,MZI_null_02457,-0.1367425953230854,-2.0597551888991936,-1.743640357235989,0.0,0.0,300
MZI_null,MZI,MZI_null_02458,-0.06424773866966335,-2.031395387158188,-4.402513435833372,0.0,0.0,300
MZI_null,MZI,MZI_null_02459,0.15437706541919505,-7.382430533595802,0.6192935384850262,0.0,0.0,300
MZI_null,MZI,MZI_null_02460,-0.048980377880185666,-5.512774681422361,-0.3928498882039144,0.0,0.0,300
MZI_null,MZI,MZI_null_02461,-0.23354266300597168,-1.880858534841096,-5.268630723434663,0.0,0.0,300
MZI_null,MZI,MZI_null_02462,0.06919081264767467,-4.773072000891126,-2.3529820510879285,0.0,0.0,300
MZI_null,MZI,MZI_null_02463,0.04409240819147433,-4.3176263355267075,-1.1738919990049075,0.0,0.0,300
MZI_null,MZI,MZI_null_02464,-0.22707457518672802,-0.10737318921153327,4.294741416652315,0.0,0.0,300
MZI_null,MZI,MZI_null_02465,0.41883133018649416,-1.7264955600006826,1.36461242239156,0.0,0.0,300
MZI_null,MZI,MZI_null_02466,-0.26709385093612337,2.5082029789167644,1.3286855141723182,0.0,0.0,300
MZI_null,MZI,MZI_null_02467,-0.07259001674268495,1.7115424008670277,-1.7634282299360244,0.0,0.0,300
MZI_null,MZI,MZI_null_02468,-0.06870377745218348,-0.5739952237175261,-4.190063499490956,0.0,0.0,300
MZI_null,MZI,MZI_null_02469,0.1532437146599922,-5.16796943578053,-4.150164369469559,0.0,0.0,300
MZI_null,MZI,MZI_null_02470,-0.13645346826125015,0.2785001125483664,-2.850326084559123,0.0,0.0,300
MZI_null,MZI,MZI_null_02471,-0.20219936765507532,-3.817039999807394,-1.0961271120414606,0.0,0.0,300
MZI_null,MZI,MZI_null_02472,-0.17714587254965783,-5.455043327103031,5.333889002298752,0.0,0.0,300
MZI_null,MZI,MZI_null_02473,-0.12908481057208304,-2.9691271063190205,-2.101711002397858,0.0,0.0,300
MZI_null,MZI,MZI_null_02474,-0.06320352116556628,-0.13595978009269327,1.8444288514161489,0.0,0.0,300
MZI_null,MZI,MZI_null_02475,-0.04589316472973881,-5.709434859777047,2.8233206835467097,0.0,0.0,300
MZI_null,MZI,MZI_null_02476,-0.014301163679502392,3.190965444571506,-7.736757692695488,0.0,0.0,300
MZI_null,MZI,MZI_null_02477,0.02931048319249804,3.7558190016286233,-2.0597924063144744,0.0,0.0,300
MZI_null,MZI,MZI_null_02478,-0.033824013500195406,-1.1134649252289837,-2.676387456654872,0.0,0.0,300
MZI_null,MZI,MZI_null_02479,-0.04681078980790993,-3.0134452825742093,-2.8822622032791196,0.0,0.0,300
MZI_null,MZI,MZI_null_02480,0.1843284825300839,-0.6167659031106947,-0.24811530369009382,0.0,0.0,300
MZI_null,MZI,MZI_null_02481,0.1212856510335175,-2.793067499610401,-3.3226114550587016,0.0,0.0,300
MZI_null,MZI,MZI_null_02482,-0.09039364569218361,-1.9946508766861732,-4.177635125118706,0.0,0.0,300
MZI_null,MZI,MZI_null_02483,-0.07503915248800133,-3.5483499256143043,5.373668689487041,0.0,0.0,300
MZI_null,MZI,MZI_null_02484,-0.4160722409900875,-2.5388591642169,4.177081378444312,0.0,0.0,300
MZI_null,MZI,MZI_null_02485,0.018276669619868093,0.26025242026327833,-0.7005210547006963,0.0,0.0,300
MZI_null,MZI,MZI_null_02486,-0.10010000718247204,-8.725747803526739,-0.3836329388910915,0.0,0.0,300
MZI_null,MZI,MZI_null_02487,-0.11634099069035866,-4.401006218495912,-2.4969617679373357,0.0,0.0,300
MZI_null,MZI,MZI_null_02488,0.26172921099352403,5.214512626761919,-0.34837618741479726,0.0,0.0,300
MZI_null,MZI,MZI_null_02489,-0.06971508358675915,-5.531679252353631,0.4056204846382072,0.0,0.0,300
MZI_null,MZI,MZI_null_02490,0.2674358400097716,-2.7420211610754706,-8.136988122259673,0.0,0.0,300
MZI_null,MZI,MZI_null_02491,0.10050745077232856,0.9561991343501486,-5.757536921157542,0.0,0.0,300
MZI_null,MZI,MZI_null_02492,0.026472627549442924,-0.6463219515917036,-1.2193219060268157,0.0,0.0,300
MZI_null,MZI,MZI_null_02493,-0.11861563786280305,1.0478116706906686,-2.2101392379060476,0.0,0.0,300
MZI_null,MZI,MZI_null_02494,-0.2227779244049898,-8.148423457009043,2.782548559997929,0.0,0.0,300
MZI_null,MZI,MZI_null_02495,0.09249959647066773,-1.7360793586124932,-2.3208239105524107,0.0,0.0,300
MZI_null,MZI,MZI_null_02496,-0.07934976213046904,-5.227209945324834,-2.2943669336796546,0.0,0.0,300
MZI_null,MZI,MZI_null_02497,-0.31801308226802616,-4.208190960405543,-1.9328125490532815,0.0,0.0,300
MZI_null,MZI,MZI_null_02498,0.09148200707856283,-2.119779390120091,1.384769341626677,0.0,0.0,300
MZI_null,MZI,MZI_null_02499,0.20237026576701442,1.1745102814723047,0.4115295421356704,0.0,0.0,300
MZI_null,MZI,MZI_null_02500,0.0017794018771176306,-4.9423640252406775,1.2198321541379489,0.0,0.0,300
MZI_null,MZI,MZI_null_02501,0.2519621073332294,-0.9736818810487455,4.751777445278369,0.0,0.0,300
MZI_null,MZI,MZI_null_02502,-0.22883575620916255,-5.462490154338624,1.5656045232447875,0.0,0.0,300
MZI_null,MZI,MZI_null_02503,0.039643531522987656,1.9413465297154229,-1.0464149221802188,0.0,0.0,300
MZI_null,MZI,MZI_null_02504,-0.13019631337924978,-2.6407797266151274,-5.5980519127712025,0.0,0.0,300
MZI_null,MZI,MZI_null_02505,-0.16928860096455517,0.9173319937540305,1.6183622434088298,0.0,0.0,300
MZI_null,MZI,MZI_null_02506,0.05445064272091153,-7.163232562881408,-2.075210726538666,0.0,0.0,300
MZI_null,MZI,MZI_null_02507,-0.18374998329900757,1.5295997613632961,-2.751166400687804,0.0,0.0,300
MZI_null,MZI,MZI_null_02508,-0.1628621566172324,-1.9106115046357266,-2.9204633705038354,0.0,0.0,300
MZI_null,MZI,MZI_null_02509,0.22256158653055602,-4.204432692602572,-5.197684777673894,0.0,0.0,300
MZI_null,MZI,MZI_null_02510,-0.32293702736362734,-2.0923595072402454,-2.685790341573779,0.0,0.0,300
MZI_null,MZI,MZI_null_02511,-0.214335690976759,1.5676793837673557,1.0017354422877256,0.0,0.0,300
MZI_null,MZI,MZI_null_02512,-0.004232681840584466,2.0929787325125995,0.987608100195839,0.0,0.0,300
MZI_null,MZI,MZI_null_02513,-0.12342838522776485,-5.117660491972298,1.4539446333615844,0.0,0.0,300
MZI_null,MZI,MZI_null_02514,0.05945504347010264,-1.490756696088015,-3.539493408606722,0.0,0.0,300
MZI_null,MZI,MZI_null_02515,0.09119213505086309,-4.266496649401848,-1.305959963781034,0.0,0.0,300
MZI_null,MZI,MZI_null_02516,0.21704162195804697,-3.982502707430437,-5.718967771218583,0.0,0.0,300
MZI_null,MZI,MZI_null_02517,-0.15788207878051655,0.9828964800628697,-0.23580658785937159,0.0,0.0,300
MZI_null,MZI,MZI_null_02518,-0.019331606803313035,-3.5272814159347083,0.4560797226595703,0.0,0.0,300
MZI_null,MZI,MZI_null_02519,-0.12736572764853352,-1.0830032940722123,-3.1937637064388706,0.0,0.0,300
MZI_null,MZI,MZI_null_02520,-0.1346489077912581,-3.912462304475035,-2.1262223394518855,0.0,0.0,300
MZI_null,MZI,MZI_null_02521,-0.0073244753900554745,-1.293632614666657,-12.065095874285333,0.0,0.0,300
MZI_null,MZI,MZI_null_02522,-0.12114758366201472,-3.174709932068118,3.5151861158249904,0.0,0.0,300
MZI_null,MZI,MZI_null_02523,-0.16200039125731983,-1.5116101457002624,3.4850909292075123,0.0,0.0,300
MZI_null,MZI,MZI_null_02524,-0.19694527949209092,-0.818074322406793,-3.4068155018035613,0.0,0.0,300
MZI_null,MZI,MZI_null_02525,-0.07569506134338518,-4.409332501859943,-3.1955719252476578,0.0,0.0,300
MZI_null,MZI,MZI_null_02526,0.40828682218597395,0.5333676162149974,2.305213585358627,0.0,0.0,300
MZI_null,MZI,MZI_null_02527,0.07379902302547442,-6.818770365205874,0.18487391096992134,0.0,0.0,300
MZI_null,MZI,MZI_null_02528,0.16093944217610198,-4.560198422117335,1.8959800014833799,0.0,0.0,300
MZI_null,MZI,MZI_null_02529,0.10565043147811183,3.5561201344410103,-2.2533490375408567,0.0,0.0,300
MZI_null,MZI,MZI_null_02530,-0.164641647341359,-3.084884328117637,3.30671297949087,0.0,0.0,300
MZI_null,MZI,MZI_null_02531,-0.27426088212629446,-8.205127146293098,-0.7318141632051602,0.0,0.0,300
MZI_null,MZI,MZI_null_02532,-0.06638839391612342,-1.976816320472946,1.8359353137075956,0.0,0.0,300
MZI_null,MZI,MZI_null_02533,-0.08288540191782787,-7.619017492791862,5.1334446715998325,0.0,0.0,300
MZI_null,MZI,MZI_null_02534,-0.14958424311581642,-5.177111366036293,2.3111600411677893,0.0,0.0,300
MZI_null,MZI,MZI_null_02535,-0.057673368156227686,-2.1901695561044323,0.44837037218095377,0.0,0.0,300
MZI_null,MZI,MZI_null_02536,0.16253746546649933,-3.0003820795453158,3.5598560177428977,0.0,0.0,300
MZI_null,MZI,MZI_null_02537,-0.3203699773102208,0.27936171085923167,-3.518582674052972,0.0,0.0,300
MZI_null,MZI,MZI_null_02538,0.2058406974911987,-1.5738665635083642,-3.018715996028205,0.0,0.0,300
MZI_null,MZI,MZI_null_02539,0.09942616395324487,0.6795650416217547,0.9256823685759148,0.0,0.0,300
MZI_null,MZI,MZI_null_02540,-0.15445443594495906,-3.452051370866254,-1.0122185113643052,0.0,0.0,300
MZI_null,MZI,MZI_null_02541,-0.00618894789750906,0.24923642631504306,-7.044703697519825,0.0,0.0,300
MZI_null,MZI,MZI_null_02542,0.050149058183025515,-2.86994406330992,-3.515501849151857,0.0,0.0,300
MZI_null,MZI,MZI_null_02543,-0.11137301666543993,-2.643612993553891,-11.803255313378553,0.0,0.0,300
MZI_null,MZI,MZI_null_02544,-0.1051934356187325,-4.62744447393888,0.5983496279678726,0.0,0.0,300
MZI_null,MZI,MZI_null_02545,-0.12082900237657807,-2.6453414005114695,3.6268298829839063,0.0,0.0,300
MZI_null,MZI,MZI_null_02546,0.14915272797231352,0.7068141998303581,-2.499617291232555,0.0,0.0,300
MZI_null,MZI,MZI_null_02547,0.08145484189344786,-2.7016934013607816,-1.5882796320308137,0.0,0.0,300
MZI_null,MZI,MZI_null_02548,0.06145280156198245,-3.7909807652627974,3.4790093133296107,0.0,0.0,300
MZI_null,MZI,MZI_null_02549,-0.02401952093969057,-0.14491830122100513,3.366801437771894,0.0,0.0,300
MZI_null,MZI,MZI_null_02550,0.15474806618627626,-6.226757308071575,0.33468768502965274,0.0,0.0,300
MZI_null,MZI,MZI_null_02551,0.12760790916909703,0.6755890664822464,-4.339884502343893,0.0,0.0,300
MZI_null,MZI,MZI_null_02552,-0.09855528555259858,0.983674707224865,-3.285281112047937,0.0,0.0,300
MZI_null,MZI,MZI_null_02553,-0.04495440849964714,2.727627428505908,-1.1433977511543694,0.0,0.0,300
MZI_null,MZI,MZI_null_02554,-0.10901612067507645,-4.632852070588715,-0.0018420112444361703,0.0,0.0,300
MZI_null,MZI,MZI_null_02555,-0.19997220127158133,-2.7420078916892545,-0.0003083950299347382,0.0,0.0,300
MZI_null,MZI,MZI_null_02556,0.1948724730821501,0.0026442411099871777,-3.142195353946536,0.0,0.0,300
MZI_null,MZI,MZI_null_02557,0.17676289763455802,-2.8985451126424326,-4.707109066148227,0.0,0.0,300
MZI_null,MZI,MZI_null_02558,-0.025806203889820876,2.3145076034371055,-0.5042798498052243,0.0,0.0,300
MZI_null,MZI,MZI_null_02559,0.0018782796494679506,2.9116349341085597,-5.294064541163281,0.0,0.0,300
MZI_null,MZI,MZI_null_02560,-0.19283986710791584,-6.847539412900496,0.11794455944016535,0.0,0.0,300
MZI_null,MZI,MZI_null_02561,0.024973969067268675,2.628209101839328,-0.2695747685896893,0.0,0.0,300
MZI_null,MZI,MZI_null_02562,-0.06062357392189541,-1.9946153813656788,-0.6468777446171257,0.0,0.0,300
MZI_null,MZI,MZI_null_02563,-0.25076419099922503,6.130994933004679,0.5596130543057345,0.0,0.0,300
MZI_null,MZI,MZI_null_02564,0.03150124620338836,-0.15450804716425903,1.1282329417598151,0.0,0.0,300
MZI_null,MZI,MZI_null_02565,-0.021083022825364752,-3.8937234087221015,0.7983520589651119,0.0,0.0,300
MZI_null,MZI,MZI_null_02566,0.057856626079717866,-4.429670297268224,3.2571068341017924,0.0,0.0,300
MZI_null,MZI,MZI_null_02567,0.0440028054484475,0.1894580868028921,3.175762663039757,0.0,0.0,300
MZI_null,MZI,MZI_null_02568,0.0032833231747252164,-1.049143979047654,1.4300817155183494,0.0,0.0,300
MZI_null,MZI,MZI_null_02569,-0.10872916257000782,-1.8378450114619973,-0.6233542400465552,0.0,0.0,300
MZI_null,MZI,MZI_null_02570,-0.14340878275250918,4.952910366021635,-5.221880330477207,0.0,0.0,300
MZI_null,MZI,MZI_null_02571,-0.19471558555307367,1.9426797271107374,1.139798752389627,0.0,0.0,300
MZI_null,MZI,MZI_null_02572,-0.15389472262211668,-0.17813295469492152,3.4035513349919295,0.0,0.0,300
MZI_null,MZI,MZI_null_02573,-0.004539458639547863,5.7964687002237465,-6.172185432604106,0.0,0.0,300
MZI_null,MZI,MZI_null_02574,0.10407351807886532,1.4995850086630096,1.6740317048157403,0.0,0.0,300
MZI_null,MZI,MZI_null_02575,-0.03065335899684725,-2.871324446033448,0.332435513261772,0.0,0.0,300
MZI_null,MZI,MZI_null_02576,0.12236317299781041,-0.1925796911529103,2.120173672380168,0.0,0.0,300
MZI_null,MZI,MZI_null_02577,-0.15283049356001027,-2.683312937370904,-3.8200477963712625,0.0,0.0,300
MZI_null,MZI,MZI_null_02578,-0.057916916412921245,1.045662675442916,-0.6760482378243136,0.0,0.0,300
MZI_null,MZI,MZI_null_02579,0.3910288744724654,-1.419780898430849,-0.8209243582607912,0.0,0.0,300
MZI_null,MZI,MZI_null_02580,0.01592743791603244,-3.913426078579808,-1.1735098371327812,0.0,0.0,300
MZI_null,MZI,MZI_null_02581,0.16916820406674687,-1.658087995616683,-3.380379189650414,0.0,0.0,300
MZI_null,MZI,MZI_null_02582,-0.13876269307179526,-3.35060567499753,-0.7784096967673588,0.0,0.0,300
MZI_null,MZI,MZI_null_02583,0.1790379803214393,-6.02146592409931,-1.9594788336662687,0.0,0.0,300
MZI_null,MZI,MZI_null_02584,0.021646502915261826,-7.501117302888304,-3.5007948488992193,0.0,0.0,300
MZI_null,MZI,MZI_null_02585,-0.10198328096042795,-4.387911121551495,-0.42433136493505774,0.0,0.0,300
MZI_null,MZI,MZI_null_02586,-0.02408394142526961,-3.665858307803109,0.28388787965790496,0.0,0.0,300
MZI_null,MZI,MZI_null_02587,0.2584612076469375,2.9177695502252563,-6.768315316187008,0.0,0.0,300
MZI_null,MZI,MZI_null_02588,0.08656082757527093,-2.5340698701915154,-0.5345339714039311,0.0,0.0,300
MZI_null,MZI,MZI_null_02589,-0.059742455031382286,-1.6472341103383932,-0.5457778117839438,0.0,0.0,300
MZI_null,MZI,MZI_null_02590,-0.08684276360233846,-4.689102643475542,-2.3460870478584526,0.0,0.0,300
MZI_null,MZI,MZI_null_02591,0.03513888966851483,-0.20301097494720777,1.5600469320204398,0.0,0.0,300
MZI_null,MZI,MZI_null_02592,-0.07412850346003691,-1.1484662980917897,1.8875077758598953,0.0,0.0,300
MZI_null,MZI,MZI_null_02593,0.1748392342716192,-2.1764985623945665,-1.6627951748188379,0.0,0.0,300
MZI_null,MZI,MZI_null_02594,0.028668635075458825,-5.449122418692217,-1.5808285331065242,0.0,0.0,300
MZI_null,MZI,MZI_null_02595,0.11168795977096949,-0.07415861166889659,-1.8108028130916671,0.0,0.0,300
MZI_null,MZI,MZI_null_02596,0.03265773016307499,-4.473951020872063,1.1104764446750743,0.0,0.0,300
MZI_null,MZI,MZI_null_02597,-0.011673215420470963,-2.8278543550884145,-2.08517150828016,0.0,0.0,300
MZI_null,MZI,MZI_null_02598,-0.00943408003497873,-3.343632934795875,0.9744291080076899,0.0,0.0,300
MZI_null,MZI,MZI_null_02599,-0.059292532202427105,2.778892288082144,3.395631510444143,0.0,0.0,300
MZI_null,MZI,MZI_null_02600,-0.1337315234781757,-1.7908871917121594,-2.9519698640085847,0.0,0.0,300
MZI_null,MZI,MZI_null_02601,-0.04899713447829172,4.007282402934392,-1.9227142513473976,0.0,0.0,300
MZI_null,MZI,MZI_null_02602,0.05403390556161431,-0.376036117975165,-4.001888117449722,0.0,0.0,300
MZI_null,MZI,MZI_null_02603,-0.12826432116138073,-5.618067114224356,-3.657912201693331,0.0,0.0,300
MZI_null,MZI,MZI_null_02604,-0.4275045163975773,-0.3662527976191159,5.16258152376821,0.0,0.0,300
MZI_null,MZI,MZI_null_02605,0.02217311085547904,-6.2488065780218225,-2.928329148699844,0.0,0.0,300
MZI_null,MZI,MZI_null_02606,-0.06883152675374954,-5.052754331640127,1.5805479151854698,0.0,0.0,300
MZI_null,MZI,MZI_null_02607,0.12153900665630007,-5.466355381452979,1.1752431333425237,0.0,0.0,300
MZI_null,MZI,MZI_null_02608,0.22902189953658977,3.7076746156886795,7.595636069257887,0.0,0.0,300
MZI_null,MZI,MZI_null_02609,-0.1352988974164796,6.472661279185608,-2.062619165526365,0.0,0.0,300
MZI_null,MZI,MZI_null_02610,-0.08886981830707714,-1.018782875366464,-2.7461840022790374,0.0,0.0,300
MZI_null,MZI,MZI_null_02611,0.05985662109697891,-5.960231563211905,-1.716257806190303,0.0,0.0,300
MZI_null,MZI,MZI_null_02612,0.19283733515425192,-2.171183874293468,-0.5752126397803515,0.0,0.0,300
MZI_null,MZI,MZI_null_02613,0.07128879070759672,1.5119848879529805,-5.965674136568299,0.0,0.0,300
MZI_null,MZI,MZI_null_02614,0.0876786077756152,-2.80441741772529,-0.5000863140644844,0.0,0.0,300
MZI_null,MZI,MZI_null_02615,0.15899252546435644,-5.582559954235533,-4.037933324329268,0.0,0.0,300
MZI_null,MZI,MZI_null_02616,-0.29031449395707093,-3.647476825291329,2.9912970331364495,0.0,0.0,300
MZI_null,MZI,MZI_null_02617,-0.01808807827102043,-6.020374686964358,-2.457036233725141,0.0,0.0,300
MZI_null,MZI,MZI_null_02618,-0.22317925552359344,-5.375558305193485,0.16645673079113976,0.0,0.0,300
MZI_null,MZI,MZI_null_02619,-0.17608099894590432,1.3379029156099058,-1.213360872491008,0.0,0.0,300
MZI_null,MZI,MZI_null_02620,0.012839205591678815,-2.835118902823682,1.3185435156311698,0.0,0.0,300
MZI_null,MZI,MZI_null_02621,0.11747398316655161,-0.9948369442634857,0.6943673177229441,0.0,0.0,300
MZI_null,MZI,MZI_null_02622,-0.031813450488063846,-0.3733909792728545,-2.01363332642142,0.0,0.0,300
MZI_null,MZI,MZI_null_02623,0.0003347433243603001,-2.8239312480988925,-2.371655617957588,0.0,0.0,300
MZI_null,MZI,MZI_null_02624,-0.10336676965826853,-0.5969296884233435,2.93181773844039,0.0,0.0,300
MZI_null,MZI,MZI_null_02625,0.1756652957504339,-5.769696007836306,2.86760915422062,0.0,0.0,300
MZI_null,MZI,MZI_null_02626,-0.04772377524268933,-0.1978009545632251,-3.718645996141633,0.0,0.0,300
MZI_null,MZI,MZI_null_02627,0.0212969870811008,-1.0588304513092788,-5.4538143757589586,0.0,0.0,300
MZI_null,MZI,MZI_null_02628,0.09124007495162839,2.037805023514945,-1.5239438370448837,0.0,0.0,300
MZI_null,MZI,MZI_null_02629,0.20402521962420192,-2.5690804803572225,1.5487535931398515,0.0,0.0,300
MZI_null,MZI,MZI_null_02630,-0.3327854948926649,5.25633333794039,3.4863747357288712,0.0,0.0,300
MZI_null,MZI,MZI_null_02631,-0.04269382563805183,-7.916267079931454,-0.1359148950835325,0.0,0.0,300
MZI_null,MZI,MZI_null_02632,-0.21658883206106352,-0.6654393873275359,0.2346971574928458,0.0,0.0,300
MZI_null,MZI,MZI_null_02633,-0.1412104753503037,1.362901070843133,1.4167241084185207,0.0,0.0,300
MZI_null,MZI,MZI_null_02634,0.1463735005932845,-1.973426888993314,-5.24657220074112,0.0,0.0,300
MZI_null,MZI,MZI_null_02635,0.14668084083167063,-2.8111141974073734,-5.169340429578007,0.0,0.0,300
MZI_null,MZI,MZI_null_02636,0.2028059048961489,4.298222561507528,-1.1237443869376091,0.0,0.0,300
MZI_null,MZI,MZI_null_02637,0.32386817319049377,-1.7260558141659512,-2.1413677124990533,0.0,0.0,300
MZI_null,MZI,MZI_null_02638,-0.09456876812782163,2.9112472239782274,-3.3404316441633153,0.0,0.0,300
MZI_null,MZI,MZI_null_02639,0.11029039649624811,-3.677491505177625,-2.3809202877230895,0.0,0.0,300
MZI_null,MZI,MZI_null_02640,0.15453745409543504,-3.140110538868061,-2.2143861382608794,0.0,0.0,300
MZI_null,MZI,MZI_null_02641,0.16992070457622108,2.7921918796648697,0.9340694098526998,0.0,0.0,300
MZI_null,MZI,MZI_null_02642,-0.09821546634359238,-3.531825497892738,-0.7602542087798876,0.0,0.0,300
MZI_null,MZI,MZI_null_02643,0.04813950928884863,-4.963597730419316,1.1691138187395915,0.0,0.0,300
MZI_null,MZI,MZI_null_02644,0.012826999445939853,-7.147124955914388,-3.786779447382191,0.0,0.0,300
MZI_null,MZI,MZI_null_02645,-0.07561930104774955,-2.2185730665231653,4.667836386511988,0.0,0.0,300
MZI_null,MZI,MZI_null_02646,0.03572569592094424,-4.522315669695875,-0.3381075870785103,0.0,0.0,300
MZI_null,MZI,MZI_null_02647,-0.05281316211808214,-1.0257252813993747,0.7417030611068443,0.0,0.0,300
MZI_null,MZI,MZI_null_02648,0.1813845970835907,-2.0728594870100774,3.9168815827994994,0.0,0.0,300
MZI_null,MZI,MZI_null_02649,0.1362033993804287,-4.122318634436564,5.629566997245393,0.0,0.0,300
MZI_null,MZI,MZI_null_02650,0.04904917699051465,-4.505373511916705,3.9587391536912655,0.0,0.0,300
MZI_null,MZI,MZI_null_02651,0.31166663777976666,-2.0990757911586817,-2.5109507811267893,0.0,0.0,300
MZI_null,MZI,MZI_null_02652,-0.025856243618049293,0.14419518255309915,2.8335699650915416,0.0,0.0,300
MZI_null,MZI,MZI_null_02653,0.08557309962953602,-1.6948303745846907,3.494035310913283,0.0,0.0,300
MZI_null,MZI,MZI_null_02654,-0.046925470957728324,1.0927580151007215,-1.8641883950538358,0.0,0.0,300
MZI_null,MZI,MZI_null_02655,0.06465344370163396,-2.3406876943713546,-1.1675565479584327,0.0,0.0,300
MZI_null,MZI,MZI_null_02656,-0.056607977619331486,2.0345620935420836,-3.1987781143256053,0.0,0.0,300
MZI_null,MZI,MZI_null_02657,-0.11103483788230625,4.362980697535328,1.9335426939629943,0.0,0.0,300
MZI_null,MZI,MZI_null_02658,-0.35776705480395543,-3.695776217631211,-6.435968012686162,0.0,0.0,300
MZI_null,MZI,MZI_null_02659,-0.14260360401228828,-11.41554399870212,-1.4109687330818272,0.0,0.0,300
MZI_null,MZI,MZI_null_02660,-0.17129127287419674,-1.820284229610685,-5.875363776647575,0.0,0.0,300
MZI_null,MZI,MZI_null_02661,0.01243677797580599,-3.2447488343609816,3.505858895565787,0.0,0.0,300
MZI_null,MZI,MZI_null_02662,0.21170352926184374,0.356036809030849,-1.9798413419836378,0.0,0.0,300
MZI_null,MZI,MZI_null_02663,0.297807059289044,-6.659105833519462,-5.210675888690988,0.0,0.0,300
MZI_null,MZI,MZI_null_02664,-0.012567464983359698,4.762114326763358,-1.6070167206102626,0.0,0.0,300
MZI_null,MZI,MZI_null_02665,-0.02748678648139229,-6.325731068335427,1.8377887558111352,0.0,0.0,300
MZI_null,MZI,MZI_null_02666,0.14297643814940306,0.3672256041997297,-2.887662018542087,0.0,0.0,300
MZI_null,MZI,MZI_null_02667,-0.10600601525595085,-5.879366751214912,-0.7483824947171991,0.0,0.0,300
MZI_null,MZI,MZI_null_02668,-0.16206109939177524,-5.532249515747866,-2.271072150732028,0.0,0.0,300
MZI_null,MZI,MZI_null_02669,-0.07337342627763242,-3.6139355864658653,0.3993337905207839,0.0,0.0,300
MZI_null,MZI,MZI_null_02670,0.011857170322541882,-2.864468091533353,-0.45096121506555387,0.0,0.0,300
MZI_null,MZI,MZI_null_02671,-0.14872905616569482,-1.6841641282709663,-0.5481925214660986,0.0,0.0,300
MZI_null,MZI,MZI_null_02672,-0.22545702890362207,0.9870812631110861,-3.6443011156809866,0.0,0.0,300
MZI_null,MZI,MZI_null_02673,0.013546469880965244,1.493235221605811,1.7770302731416079,0.0,0.0,300
MZI_null,MZI,MZI_null_02674,0.005150008285325322,-3.0874970086462055,1.8425357257267017,0.0,0.0,300
MZI_null,MZI,MZI_null_02675,0.10120424667129298,-3.85509506013239,-3.384680941005071,0.0,0.0,300
MZI_null,MZI,MZI_null_02676,-0.3108532772543997,-1.5379044749492379,-1.248093235055196,0.0,0.0,300
MZI_null,MZI,MZI_null_02677,0.17042870619638134,-0.9228347195589,3.002687582518071,0.0,0.0,300
MZI_null,MZI,MZI_null_02678,-0.10460463418742562,1.4144509929028555,-2.5867491373139657,0.0,0.0,300
MZI_null,MZI,MZI_null_02679,0.11663940926884081,-6.37627517759208,-0.2945941019014344,0.0,0.0,300
MZI_null,MZI,MZI_null_02680,-0.2977031912168865,-2.801412457825264,0.3210619816337408,0.0,0.0,300
MZI_null,MZI,MZI_null_02681,-0.07814528268466436,-5.1513128862679025,1.538355407887801,0.0,0.0,300
MZI_null,MZI,MZI_null_02682,-0.015519418477038516,-3.468711941092015,-0.8743122365371705,0.0,0.0,300
MZI_null,MZI,MZI_null_02683,0.3955003712918383,1.4605085493446315,2.4877210045635207,0.0,0.0,300
MZI_null,MZI,MZI_null_02684,0.0653319478488546,-1.5005441822685588,-8.18824686499125,0.0,0.0,300
MZI_null,MZI,MZI_null_02685,-0.10184705196946982,-3.4417232396074233,-6.6246761921426,0.0,0.0,300
MZI_null,MZI,MZI_null_02686,-0.17361236853231504,-7.942509412767902,-1.1149715070921176,0.0,0.0,300
MZI_null,MZI,MZI_null_02687,0.12281489562732241,1.320323555872986,0.2443533862377234,0.0,0.0,300
MZI_null,MZI,MZI_null_02688,-0.14450945117978534,-7.796195475559879,-6.270606098204506,0.0,0.0,300
MZI_null,MZI,MZI_null_02689,-0.19034738658817477,-4.666579094107024,-1.47924549397476,0.0,0.0,300
MZI_null,MZI,MZI_null_02690,-0.15212463271904525,-0.9830723189952155,-1.6968205083984185,0.0,0.0,300
MZI_null,MZI,MZI_null_02691,0.0015818567611538398,1.4207516580136144,-4.5406952026011105,0.0,0.0,300
MZI_null,MZI,MZI_null_02692,0.06280568674385525,-2.04191968542822,-2.0004588429090857,0.0,0.0,300
MZI_null,MZI,MZI_null_02693,0.13278844812989404,0.6370424636710221,-3.8394723879652846,0.0,0.0,300
MZI_null,MZI,MZI_null_02694,-0.027324087578688615,-1.156364952247804,-1.8190202440677536,0.0,0.0,300
MZI_null,MZI,MZI_null_02695,0.08775319984316975,-1.1564239462691737,4.497683721068038,0.0,0.0,300
MZI_null,MZI,MZI_null_02696,-0.22954187038946813,-2.3673079692421926,-3.725507534536573,0.0,0.0,300
MZI_null,MZI,MZI_null_02697,0.09061611831585661,-6.851515670136633,0.03893813067465968,0.0,0.0,300
MZI_null,MZI,MZI_null_02698,-0.09450726470225117,-4.202485598363042,-5.3394946106220615,0.0,0.0,300
MZI_null,MZI,MZI_null_02699,-0.0697613919301509,1.253501590872777,-1.0755660505884383,0.0,0.0,300
MZI_null,MZI,MZI_null_02700,0.09415206268117117,2.9939254658988252,-0.20873324553227268,0.0,0.0,300
MZI_null,MZI,MZI_null_02701,-0.0838199358093511,-0.5982433544516306,-2.6328884389428757,0.0,0.0,300
MZI_null,MZI,MZI_null_02702,-0.07566340249457541,-6.5596783988569545,1.7787724732531767,0.0,0.0,300
MZI_null,MZI,MZI_null_02703,-0.05790038634741589,-1.4537052625524138,-4.107885785819919,0.0,0.0,300
MZI_null,MZI,MZI_null_02704,0.06539214445732085,-4.285823714405251,-1.4251261651054727,0.0,0.0,300
MZI_null,MZI,MZI_null_02705,0.13167390468586887,0.3722779366975879,-1.0660902175508213,0.0,0.0,300
MZI_null,MZI,MZI_null_02706,-0.26521965490600774,6.978431710181924,4.237576910819408,0.0,0.0,300
MZI_null,MZI,MZI_null_02707,0.10840122373324478,-4.259611344772912,-1.340776485105894,0.0,0.0,300
MZI_null,MZI,MZI_null_02708,-0.08151306446647753,1.791567817289165,-0.2124913274444986,0.0,0.0,300
MZI_null,MZI,MZI_null_02709,-0.11762457875397492,-3.412265297374346,2.363564427709714,0.0,0.0,300
MZI_null,MZI,MZI_null_02710,0.24001467702307172,2.5849946904587364,1.2710961951619324,0.0,0.0,300
MZI_null,MZI,MZI_null_02711,-0.037893730320395516,-11.724541475987362,-0.10851992857533521,0.0,0.0,300
MZI_null,MZI,MZI_null_02712,-0.000274313826615059,-1.580053711035939,-0.8383079589003808,0.0,0.0,300
MZI_null,MZI,MZI_null_02713,-0.19893932429237354,-0.32777432944644325,0.8966489420955508,0.0,0.0,300
MZI_null,MZI,MZI_null_02714,0.10235081730894886,0.8397310107201599,0.8121549347648696,0.0,0.0,300
MZI_null,MZI,MZI_null_02715,-0.06150441173083662,-2.212510543748271,-0.7266253982398694,0.0,0.0,300
MZI_null,MZI,MZI_null_02716,0.016154917365992772,0.9946529679151892,0.9310062590674724,0.0,0.0,300
MZI_null,MZI,MZI_null_02717,0.31160151593549296,4.6194069396540165,-0.761051252158225,0.0,0.0,300
MZI_null,MZI,MZI_null_02718,-0.5754983322689053,1.7104973983817997,-2.621129016961163,0.0,0.0,300
MZI_null,MZI,MZI_null_02719,-0.12022258827465102,-3.1953358249681005,-2.3399291404438194,0.0,0.0,300
MZI_null,MZI,MZI_null_02720,0.09184047151580889,-6.678307337378676,-4.233162237374804,0.0,0.0,300
MZI_null,MZI,MZI_null_02721,0.05147378312961249,-0.13116790876007567,0.924624934808036,0.0,0.0,300
MZI_null,MZI,MZI_null_02722,-0.11805544183999483,-4.93479694779872,-2.519904501363758,0.0,0.0,300
MZI_null,MZI,MZI_null_02723,0.03598091284270876,2.4564321078176485,-7.142311557312251,0.0,0.0,300
MZI_null,MZI,MZI_null_02724,-0.03310931354375498,-5.998035323075611,-5.956728032060469,0.0,0.0,300
MZI_null,MZI,MZI_null_02725,0.1450434968017225,-0.3661262765019839,0.34830054784178666,0.0,0.0,300
MZI_null,MZI,MZI_null_02726,0.138153875959649,-3.4391566902984083,-2.2979125490005847,0.0,0.0,300
MZI_null,MZI,MZI_null_02727,0.32785959250838614,-2.739713162778723,1.2053963391622737,0.0,0.0,300
MZI_null,MZI,MZI_null_02728,0.0009572311444972465,-7.544775590235245,-7.133887011403805,0.0,0.0,300
MZI_null,MZI,MZI_null_02729,-0.08684763299098572,1.1683037550099673,1.3648749699080112,0.0,0.0,300
MZI_null,MZI,MZI_null_02730,0.13711157463360504,-4.961138536808946,3.8476174703669406,0.0,0.0,300
MZI_null,MZI,MZI_null_02731,-0.14473399502795764,-1.3615268039900938,-1.03105686972321,0.0,0.0,300
MZI_null,MZI,MZI_null_02732,-0.02608107304718795,2.0157764148868207,-3.1153315604978817,0.0,0.0,300
MZI_null,MZI,MZI_null_02733,-0.2024407883567892,-1.9400135413807422,-2.1994802028595792,0.0,0.0,300
MZI_null,MZI,MZI_null_02734,0.5066074378623968,0.029522429319924992,-2.228021725655873,0.0,0.0,300
MZI_null,MZI,MZI_null_02735,-0.15841673537806297,-7.640865231706354,-4.075657257212299,0.0,0.0,300
MZI_null,MZI,MZI_null_02736,0.01724126576386976,2.281985954784308,2.3650674271637566,0.0,0.0,300
MZI_null,MZI,MZI_null_02737,0.034364224746956905,-2.969502997107454,-0.19356293076353737,0.0,0.0,300
MZI_null,MZI,MZI_null_02738,-0.07779569962268638,3.1550919872916268,-1.5675705438252399,0.0,0.0,300
MZI_null,MZI,MZI_null_02739,-0.012950678737009032,-8.647467275062004,-1.5863045395682915,0.0,0.0,300
MZI_null,MZI,MZI_null_02740,0.12547262069474116,-5.203167731115636,-3.2521610034784385,0.0,0.0,300
MZI_null,MZI,MZI_null_02741,0.1189066526600497,-6.42997167055416,2.173403022625755,0.0,0.0,300
MZI_null,MZI,MZI_null_02742,-0.0798215835259653,-3.165704661473609,-4.371635215376783,0.0,0.0,300
MZI_null,MZI,MZI_null_02743,0.05670693906418248,5.3796159550881395,1.3444917183818959,0.0,0.0,300
MZI_null,MZI,MZI_null_02744,-0.12964278929108036,1.4068617564744281,-1.9500386378027483,0.0,0.0,300
MZI_null,MZI,MZI_null_02745,0.2061727472141339,0.42002920649308884,-9.829424696415199,0.0,0.0,300
MZI_null,MZI,MZI_null_02746,-0.1506119449432541,0.8331556685061692,-0.5450281835649473,0.0,0.0,300
MZI_null,MZI,MZI_null_02747,-0.1535633921561776,-3.900768546481438,-6.718709860268142,0.0,0.0,300
MZI_null,MZI,MZI_null_02748,-0.013255993128959403,4.632069178047293,1.4148001721969767,0.0,0.0,300
MZI_null,MZI,MZI_null_02749,0.32856255017826347,0.6471912693699409,2.082438030058075,0.0,0.0,300
MZI_null,MZI,MZI_null_02750,0.29611180316175356,-0.868210221973321,-1.5616819645206408,0.0,0.0,300
MZI_null,MZI,MZI_null_02751,0.15489862749330183,2.361520711365655,-2.4398939281366268,0.0,0.0,300
MZI_null,MZI,MZI_null_02752,-0.10823536235100438,-1.5834319027073596,1.494496600794986,0.0,0.0,300
MZI_null,MZI,MZI_null_02753,0.11971365729923425,-6.272502800562798,4.734818201189965,0.0,0.0,300
MZI_null,MZI,MZI_null_02754,-0.09617473940952756,-2.7951949906657383,-3.7079630799634593,0.0,0.0,300
MZI_null,MZI,MZI_null_02755,0.40474932539056313,-1.273787989136098,-3.5529252420446946,0.0,0.0,300
MZI_null,MZI,MZI_null_02756,0.1295885324943669,0.30740733793009944,-1.5631810707396516,0.0,0.0,300
MZI_null,MZI,MZI_null_02757,0.12609100691750746,-4.475875882492593,-2.4787548248477567,0.0,0.0,300
MZI_null,MZI,MZI_null_02758,-0.3015324981849094,-5.971853252658688,4.422892417012058,0.0,0.0,300
MZI_null,MZI,MZI_null_02759,0.24621429415834717,-1.8026340540531125,3.9887943415695126,0.0,0.0,300
MZI_null,MZI,MZI_null_02760,-0.024011172991245718,-2.730230907703724,-0.830468054603331,0.0,0.0,300
MZI_null,MZI,MZI_null_02761,-0.018738239298534812,-2.6455889706805413,2.430194321448658,0.0,0.0,300
MZI_null,MZI,MZI_null_02762,0.022520348093430464,0.13744529330141342,2.094141575831993,0.0,0.0,300
MZI_null,MZI,MZI_null_02763,0.05822786934821001,-4.910813977724716,-5.058597666892116,0.0,0.0,300
MZI_null,MZI,MZI_null_02764,0.02231709522109578,-2.513768914474803,-0.7378257132396349,0.0,0.0,300
MZI_null,MZI,MZI_null_02765,-0.0024081058872879283,5.750720980499701,-4.990678766924014,0.0,0.0,300
MZI_null,MZI,MZI_null_02766,-0.2984919404731687,-1.002869499441171,-2.129267663764586,0.0,0.0,300
MZI_null,MZI,MZI_null_02767,0.04741018045949268,-0.2483509331479965,2.852314085536692,0.0,0.0,300
MZI_null,MZI,MZI_null_02768,-0.22608387305759076,-3.670153693571489,0.28628377664229143,0.0,0.0,300
MZI_null,MZI,MZI_null_02769,0.11556953935308398,4.580348650865157,1.8671119133416014,0.0,0.0,300
MZI_null,MZI,MZI_null_02770,-0.008518289382941567,-4.671307258827985,-2.6928695581570574,0.0,0.0,300
MZI_null,MZI,MZI_null_02771,-0.08890542344356597,-0.034299114458717916,-0.22900766324250854,0.0,0.0,300
MZI_null,MZI,MZI_null_02772,-0.19854743562632685,-3.3077044072712987,1.632642660354262,0.0,0.0,300
MZI_null,MZI,MZI_null_02773,0.05274935324610885,-0.2940661519616885,0.14876513017178916,0.0,0.0,300
MZI_null,MZI,MZI_null_02774,0.2439646101913289,-1.2918708085268897,-2.158068393612094,0.0,0.0,300
MZI_null,MZI,MZI_null_02775,-0.1373632561700341,-1.2511716253708647,-8.322112044325252,0.0,0.0,300
MZI_null,MZI,MZI_null_02776,-0.02764335027490679,-2.617519579764032,-5.093412560851843,0.0,0.0,300
MZI_null,MZI,MZI_null_02777,-0.1392398757983994,0.4289725904447237,-0.30786475277511227,0.0,0.0,300
MZI_null,MZI,MZI_null_02778,0.015268250056099124,-1.0809573982039322,-0.7221172361532293,0.0,0.0,300
MZI_null,MZI,MZI_null_02779,0.18642938442874718,-1.6297124548890538,-5.374639341456251,0.0,0.0,300
MZI_null,MZI,MZI_null_02780,0.24451949473116152,-0.8889791980134629,-2.767761192385203,0.0,0.0,300
MZI_null,MZI,MZI_null_02781,-0.18801025774425278,-0.8122573371258639,-1.3515160149231265,0.0,0.0,300
MZI_null,MZI,MZI_null_02782,0.23612201790486131,-3.0377218420004835,-3.5121423690474005,0.0,0.0,300
MZI_null,MZI,MZI_null_02783,0.13436943273538926,0.7758456781504943,-0.4940458971694135,0.0,0.0,300
MZI_null,MZI,MZI_null_02784,0.10145355715123625,-2.1130613622267136,-0.298404696972259,0.0,0.0,300
MZI_null,MZI,MZI_null_02785,0.17474863238458846,-0.12404499793549073,-1.5078233149978741,0.0,0.0,300
MZI_null,MZI,MZI_null_02786,0.20285438188892257,-9.094566118374537,5.156219934265804,0.0,0.0,300
MZI_null,MZI,MZI_null_02787,-0.25589386423361027,-3.881278474316888,-1.122752605585207,0.0,0.0,300
MZI_null,MZI,MZI_null_02788,-0.021972100609224204,1.0192331200796643,-4.173509855830703,0.0,0.0,300
MZI_null,MZI,MZI_null_02789,0.03911502262245948,-3.734636294659262,-0.1145770619877502,0.0,0.0,300
MZI_null,MZI,MZI_null_02790,-0.009715838969681477,-1.7211930419510664,-2.649774497393037,0.0,0.0,300
MZI_null,MZI,MZI_null_02791,-0.07650959251441236,-1.1381824579177193,1.8311465172681332,0.0,0.0,300
MZI_null,MZI,MZI_null_02792,-0.08974190012967716,-4.606302633718729,0.8403804970155111,0.0,0.0,300
MZI_null,MZI,MZI_null_02793,-0.00487558395865341,0.49149440195785576,-3.717391640113443,0.0,0.0,300
MZI_null,MZI,MZI_null_02794,-0.2669158388135146,-3.599012245479003,-3.299057827795048,0.0,0.0,300
MZI_null,MZI,MZI_null_02795,-0.011818260012044987,-3.9105356428111686,1.2230508540093474,0.0,0.0,300
MZI_null,MZI,MZI_null_02796,-0.04322253936337744,-1.548576503678297,-0.5270963246771682,0.0,0.0,300
MZI_null,MZI,MZI_null_02797,0.0292432638618281,-2.0723873313649204,0.5318020712309406,0.0,0.0,300
MZI_null,MZI,MZI_null_02798,-0.11934827007387112,2.1982537799616493,-1.7096121501056056,0.0,0.0,300
MZI_null,MZI,MZI_null_02799,-0.19673237068480223,-1.4357799290246809,-3.553541447342455,0.0,0.0,300
MZI_null,MZI,MZI_null_02800,0.09980018017633126,4.628816728127132,-3.3597162746735503,0.0,0.0,300
MZI_null,MZI,MZI_null_02801,0.04985584998359772,-7.266516766113883,0.36171568832404155,0.0,0.0,300
MZI_null,MZI,MZI_null_02802,-0.13285706996995347,-3.8745038553034474,-4.303859469519484,0.0,0.0,300
MZI_null,MZI,MZI_null_02803,0.10982268390821032,1.0219130724197876,-0.929844356024477,0.0,0.0,300
MZI_null,MZI,MZI_null_02804,-0.12966400580035795,2.7685691083115866,-3.2512303832639686,0.0,0.0,300
MZI_null,MZI,MZI_null_02805,-0.3243048449891158,-0.6248329701287949,-4.31432402092455,0.0,0.0,300
MZI_null,MZI,MZI_null_02806,0.14829131902487622,-3.143413090020257,0.8111397216325886,0.0,0.0,300
MZI_null,MZI,MZI_null_02807,0.2102250519828237,-5.626576593862166,-2.6978113926772167,0.0,0.0,300
MZI_null,MZI,MZI_null_02808,-0.011350660898559515,2.6126539571030305,-2.9751481538213365,0.0,0.0,300
MZI_null,MZI,MZI_null_02809,-0.08917555439235107,-0.5655782733325747,-2.7316861771317127,0.0,0.0,300
MZI_null,MZI,MZI_null_02810,0.022878882434642485,-6.65461226290438,5.64298982766979,0.0,0.0,300
MZI_null,MZI,MZI_null_02811,-0.2021563845464105,-2.965258111970625,-1.0974431075262838,0.0,0.0,300
MZI_null,MZI,MZI_null_02812,0.2869032201535193,-5.97453734279822,4.951112406436254,0.0,0.0,300
MZI_null,MZI,MZI_null_02813,0.11357652316530338,-0.7487140267302619,-3.953901061053866,0.0,0.0,300
MZI_null,MZI,MZI_null_02814,0.08567118630571105,-4.1704598672593995,2.7999837595952366,0.0,0.0,300
MZI_null,MZI,MZI_null_02815,-0.14565930436615995,-2.339475483368252,-2.6658192640395146,0.0,0.0,300
MZI_null,MZI,MZI_null_02816,-0.1481284443640492,0.22395945072374257,0.6063762422289005,0.0,0.0,300
MZI_null,MZI,MZI_null_02817,0.18135152983514957,-7.339625324624502,2.1925121070231315,0.0,0.0,300
MZI_null,MZI,MZI_null_02818,0.37581733580353405,-3.3549232675308405,4.68544583632691,0.0,0.0,300
MZI_null,MZI,MZI_null_02819,-0.039474190808973984,-6.11722921268392,-1.9168973272203869,0.0,0.0,300
MZI_null,MZI,MZI_null_02820,0.15723059515129137,-4.514529446994594,-2.8010159770194614,0.0,0.0,300
MZI_null,MZI,MZI_null_02821,0.08903091484397863,-1.9908196497842814,0.7538688574602224,0.0,0.0,300
MZI_null,MZI,MZI_null_02822,0.03567443111375038,-0.5611240413452812,-2.296903557428623,0.0,0.0,300
MZI_null,MZI,MZI_null_02823,0.03475964130455888,-4.782119017087801,2.8653008675101654,0.0,0.0,300
MZI_null,MZI,MZI_null_02824,-0.09514120752259705,1.3865424626481682,-1.7008208829485962,0.0,0.0,300
MZI_null,MZI,MZI_null_02825,0.030299851613598185,-3.484893652672102,-4.047986293504087,0.0,0.0,300
MZI_null,MZI,MZI_null_02826,-0.26171405814079524,-5.165972475777378,-1.9717265596477656,0.0,0.0,300
MZI_null,MZI,MZI_null_02827,0.03178187682433261,1.0311379398497902,-2.3372723793905466,0.0,0.0,300
MZI_null,MZI,MZI_null_02828,-0.1322941146400761,-6.328144358008138,0.4401908537123118,0.0,0.0,300
MZI_null,MZI,MZI_null_02829,0.2074791772994015,1.798990803868866,1.1297982444417123,0.0,0.0,300
MZI_null,MZI,MZI_null_02830,0.09578149759013986,3.092871339128023,-0.0037556157495685083,0.0,0.0,300
MZI_null,MZI,MZI_null_02831,0.09691945140362573,-2.9623515855559974,-5.086130112564272,0.0,0.0,300
MZI_null,MZI,MZI_null_02832,-0.10257733507493644,-2.0274771156039657,-0.8176438824960914,0.0,0.0,300
MZI_null,MZI,MZI_null_02833,0.28894287822830894,-1.756168497226794,2.5365303320769312,0.0,0.0,300
MZI_null,MZI,MZI_null_02834,-0.0652615862364474,-2.935027657295702,-4.987022911670345,0.0,0.0,300
MZI_null,MZI,MZI_null_02835,-0.11134920193148577,-0.4190558259087407,-0.9773194588176002,0.0,0.0,300
MZI_null,MZI,MZI_null_02836,0.14144079298458506,-1.4562381549648493,-2.0573611949132253,0.0,0.0,300
MZI_null,MZI,MZI_null_02837,0.32224452956804384,-2.2817107061391417,2.4890029091159125,0.0,0.0,300
MZI_null,MZI,MZI_null_02838,-0.06018138098170165,0.12879843815069947,1.7840469774550605,0.0,0.0,300
MZI_null,MZI,MZI_null_02839,0.031273795586337104,-9.063448768089806,-0.9452426174316612,0.0,0.0,300
MZI_null,MZI,MZI_null_02840,0.1845690071639963,-0.4175575009168089,0.33751662568773977,0.0,0.0,300
MZI_null,MZI,MZI_null_02841,-0.25833854009362783,-4.161365212025176,0.23407289345431703,0.0,0.0,300
MZI_null,MZI,MZI_null_02842,0.0615574915180338,1.6440003403987076,-1.434600265438283,0.0,0.0,300
MZI_null,MZI,MZI_null_02843,0.060873613001072135,-1.950877274206119,-3.9608282095046707,0.0,0.0,300
MZI_null,MZI,MZI_null_02844,-0.3383686996642121,-0.7069709236097701,-0.47815837476156586,0.0,0.0,300
MZI_null,MZI,MZI_null_02845,-0.09272625631502533,-6.8575191695475946,0.8892185432262143,0.0,0.0,300
MZI_null,MZI,MZI_null_02846,-0.0398880111293328,-0.32937583289556316,4.592145591235275,0.0,0.0,300
MZI_null,MZI,MZI_null_02847,-0.3212146320479557,-4.098802426107092,-1.6281268399357398,0.0,0.0,300
MZI_null,MZI,MZI_null_02848,0.2182239261219976,-6.909209057619455,4.807583077041814,0.0,0.0,300
MZI_null,MZI,MZI_null_02849,0.020378385234943574,-2.288001985201575,-1.5941792896567193,0.0,0.0,300
MZI_null,MZI,MZI_null_02850,-0.06543945482700432,1.1443502778074643,-4.205562262247317,0.0,0.0,300
MZI_null,MZI,MZI_null_02851,0.05181212724657804,-3.1525449971209265,-3.286400345542294,0.0,0.0,300
MZI_null,MZI,MZI_null_02852,0.38789627635258433,-0.7428477957396198,0.8397966339834313,0.0,0.0,300
MZI_null,MZI,MZI_null_02853,0.17066651710029934,-6.264049835955642,4.256875727366095,0.0,0.0,300
MZI_null,MZI,MZI_null_02854,-0.37634357677426133,-4.306299230115561,-2.377095019536701,0.0,0.0,300
MZI_null,MZI,MZI_null_02855,0.08725850474557588,-1.3438452015755367,-1.5004442220951797,0.0,0.0,300
MZI_null,MZI,MZI_null_02856,-0.0017996016941585799,-4.934069070567705,-5.491697183452519,0.0,0.0,300
MZI_null,MZI,MZI_null_02857,0.10897674335040904,0.0811183376085558,3.753483125471176,0.0,0.0,300
MZI_null,MZI,MZI_null_02858,-0.1185025645222812,0.07844563090276768,-1.8511201850941954,0.0,0.0,300
MZI_null,MZI,MZI_null_02859,0.1785712477790223,1.0658883300344248,-0.3663718023266299,0.0,0.0,300
MZI_null,MZI,MZI_null_02860,-0.05092952349989798,0.8827965358247845,0.9407135697696973,0.0,0.0,300
MZI_null,MZI,MZI_null_02861,-0.1026660603129274,-5.983396020438293,-1.8655987020453886,0.0,0.0,300
MZI_null,MZI,MZI_null_02862,0.22731207230223135,1.439461476199115,-4.336982409011743,0.0,0.0,300
MZI_null,MZI,MZI_null_02863,-0.17516361238498815,1.824051549038459,-4.406907714273487,0.0,0.0,300
MZI_null,MZI,MZI_null_02864,0.07639429854630118,-3.848213646008971,3.8511347735650476,0.0,0.0,300
MZI_null,MZI,MZI_null_02865,-0.11556371987068183,1.4300845906174846,-0.44542403781890605,0.0,0.0,300
MZI_null,MZI,MZI_null_02866,0.03782922813514301,-7.910925744054203,-7.608740059617156,0.0,0.0,300
MZI_null,MZI,MZI_null_02867,-0.03308489104009709,-1.2592818097501648,-4.375593483213169,0.0,0.0,300
MZI_null,MZI,MZI_null_02868,-0.16330401157145133,-0.315582110521601,0.6885634413713917,0.0,0.0,300
MZI_null,MZI,MZI_null_02869,-0.020661159058189056,0.3406051635582248,-4.52260688716044,0.0,0.0,300
MZI_null,MZI,MZI_null_02870,-0.05339023756304561,2.94363281735102,-0.7950336101805474,0.0,0.0,300
MZI_null,MZI,MZI_null_02871,0.018946877188049903,4.917839757903219,-5.198026497546312,0.0,0.0,300
MZI_null,MZI,MZI_null_02872,0.11946455499631656,2.9919588394242984,-1.9745737794956384,0.0,0.0,300
MZI_null,MZI,MZI_null_02873,0.1289446180282269,-4.946058491632714,-3.0601971867020548,0.0,0.0,300
MZI_null,MZI,MZI_null_02874,0.05774496240714515,0.39570001933177057,2.3628095372187374,0.0,0.0,300
MZI_null,MZI,MZI_null_02875,0.23544428804092393,-2.2023396756655464,2.5808352655177638,0.0,0.0,300
MZI_null,MZI,MZI_null_02876,-0.05134572651737234,0.7062739347648042,-0.3775336064434547,0.0,0.0,300
MZI_null,MZI,MZI_null_02877,0.06685168606228858,-0.7294763779338878,-5.814115029393436,0.0,0.0,300
MZI_null,MZI,MZI_null_02878,-0.16861827882911598,-1.6923756805474328,-6.061837238923506,0.0,0.0,300
MZI_null,MZI,MZI_null_02879,0.12468166547996336,0.6146678988644259,-0.018488341366629246,0.0,0.0,300
MZI_null,MZI,MZI_null_02880,-0.1681701019136883,2.140416816605544,5.111631919155073,0.0,0.0,300
MZI_null,MZI,MZI_null_02881,0.022061524116896096,-0.46839386464629107,-0.39478403561186826,0.0,0.0,300
MZI_null,MZI,MZI_null_02882,0.07955537834981989,-2.3586762698791883,-1.1036927195314101,0.0,0.0,300
MZI_null,MZI,MZI_null_02883,0.1358576400746048,5.036872485689322,-5.2002137032052165,0.0,0.0,300
MZI_null,MZI,MZI_null_02884,-0.01557187266044503,-5.541381455696246,3.7760746957282505,0.0,0.0,300
MZI_null,MZI,MZI_null_02885,-0.08816069539798475,-6.3296023813573825,0.9145609965457204,0.0,0.0,300
MZI_null,MZI,MZI_null_02886,0.2616466672114667,-0.009206394317711641,-0.3856063681542483,0.0,0.0,300
MZI_null,MZI,MZI_null_02887,0.06137113841639908,2.2445219884766647,-3.62259781004245,0.0,0.0,300
MZI_null,MZI,MZI_null_02888,-0.01677706561294694,-3.3580704455286003,-4.503595921875131,0.0,0.0,300
MZI_null,MZI,MZI_null_02889,-0.04925628891252036,1.323163287947346,0.6998064451781765,0.0,0.0,300
MZI_null,MZI,MZI_null_02890,0.09664657501623007,-1.5605731650400454,0.5699713481857658,0.0,0.0,300
MZI_null,MZI,MZI_null_02891,-0.12008855135221581,-2.928529657781688,-0.42398728909396977,0.0,0.0,300
MZI_null,MZI,MZI_null_02892,0.04162737883228353,-1.039436435234381,-1.4150058460491337,0.0,0.0,300
MZI_null,MZI,MZI_null_02893,-0.05661351016954945,7.473313849132895,1.7203618187971959,0.0,0.0,300
MZI_null,MZI,MZI_null_02894,0.06197212139289336,-2.6996254946191818,-2.3536564808316296,0.0,0.0,300
MZI_null,MZI,MZI_null_02895,-0.01962008905904335,-1.1215134692399498,-6.641306632189244,0.0,0.0,300
MZI_null,MZI,MZI_null_02896,-0.23540843930620253,-3.9106471668168727,-0.3785816896642944,0.0,0.0,300
MZI_null,MZI,MZI_null_02897,-0.03589097207277771,2.4343636782984532,-5.447190360987307,0.0,0.0,300
MZI_null,MZI,MZI_null_02898,-0.11270182044050554,2.5602752229733037,-0.6066420259745595,0.0,0.0,300
MZI_null,MZI,MZI_null_02899,0.13272638742017376,4.15374082980839,-3.0814132537054677,0.0,0.0,300
MZI_null,MZI,MZI_null_02900,-0.01489715066880481,-2.8172807027926146,-6.863779013449827,0.0,0.0,300
MZI_null,MZI,MZI_null_02901,-0.04655952056339536,0.6431865621419961,0.6217686254367225,0.0,0.0,300
MZI_null,MZI,MZI_null_02902,0.09286247540820151,-3.1265269419184984,-2.968291708016924,0.0,0.0,300
MZI_null,MZI,MZI_null_02903,0.19038835078479308,-3.4919514390730084,-0.11775388362035777,0.0,0.0,300
MZI_null,MZI,MZI_null_02904,0.02450020210163077,2.3851510487713545,1.914237073017079,0.0,0.0,300
MZI_null,MZI,MZI_null_02905,-0.1942887931000681,-5.56265950032512,0.7367294542074028,0.0,0.0,300
MZI_null,MZI,MZI_null_02906,-0.009650647106874978,-3.3655153518612915,2.0468836519834124,0.0,0.0,300
MZI_null,MZI,MZI_null_02907,0.028118907313336623,-1.8426278393316682,1.339485922265149,0.0,0.0,300
MZI_null,MZI,MZI_null_02908,-0.05626634924153467,2.705556956417662,-3.364142869699024,0.0,0.0,300
MZI_null,MZI,MZI_null_02909,0.09853935995131322,2.3014985159795343,-5.131886467816299,0.0,0.0,300
MZI_null,MZI,MZI_null_02910,-0.05150027637786738,1.4266221786566735,2.471733643193075,0.0,0.0,300
MZI_null,MZI,MZI_null_02911,-0.02572434005823589,-4.204013281030578,1.8678074669922866,0.0,0.0,300
MZI_null,MZI,MZI_null_02912,0.1775323653872407,-5.493990045537184,-4.611740946899141,0.0,0.0,300
MZI_null,MZI,MZI_null_02913,0.03378850229753993,-0.111918099713324,-1.8972072556901647,0.0,0.0,300
MZI_null,MZI,MZI_null_02914,0.10189407299735238,-4.1304098205121464,-7.344080797221206,0.0,0.0,300
MZI_null,MZI,MZI_null_02915,-0.06358516084988941,-1.8103035604606965,-1.8275198796893697,0.0,0.0,300
MZI_null,MZI,MZI_null_02916,-0.17379048954892276,-7.446946927636453,-2.5422664131036936,0.0,0.0,300
MZI_null,MZI,MZI_null_02917,0.13464836574746153,1.7685923182410468,2.5631401524153654,0.0,0.0,300
MZI_null,MZI,MZI_null_02918,-0.12238643027228295,-5.461118970891092,0.4899038449396862,0.0,0.0,300
MZI_null,MZI,MZI_null_02919,0.09526500173968878,-0.7994911843985077,-7.04218982271329,0.0,0.0,300
MZI_null,MZI,MZI_null_02920,-0.13003268773252,-2.0890663708579353,0.46165458389128133,0.0,0.0,300
MZI_null,MZI,MZI_null_02921,0.11509610439037302,-1.56723943315388,-0.0076485803852921475,0.0,0.0,300
MZI_null,MZI,MZI_null_02922,0.012729818754165624,0.056858122655448984,-0.06140304552726694,0.0,0.0,300
MZI_null,MZI,MZI_null_02923,0.009860649007093105,-2.805106397412142,-0.7561257248725567,0.0,0.0,300
MZI_null,MZI,MZI_null_02924,0.07268870682589122,-1.1975738333058163,0.1424792550357612,0.0,0.0,300
MZI_null,MZI,MZI_null_02925,0.20140827920267781,-1.2045082317602378,-2.946995561419473,0.0,0.0,300
MZI_null,MZI,MZI_null_02926,0.13254101789912534,-6.0985950130067526,-4.244240142217862,0.0,0.0,300
MZI_null,MZI,MZI_null_02927,0.050377089708010366,-0.45080999664026367,-4.735153670511985,0.0,0.0,300
MZI_null,MZI,MZI_null_02928,-0.0574226221480125,-3.8182514966589762,-2.4600289686447905,0.0,0.0,300
MZI_null,MZI,MZI_null_02929,0.14153966644094187,0.11951639064175801,-1.0573665395611225,0.0,0.0,300
MZI_null,MZI,MZI_null_02930,-0.08189428906723918,-6.048949010660422,3.260554816345846,0.0,0.0,300
MZI_null,MZI,MZI_null_02931,0.08881708504273776,-4.120007312219421,1.1587984928746744,0.0,0.0,300
MZI_null,MZI,MZI_null_02932,-0.01053354308619385,-2.8613285145870284,0.3056345848688071,0.0,0.0,300
MZI_null,MZI,MZI_null_02933,-0.11122473748690874,-3.0312695585303304,-0.6356168074013624,0.0,0.0,300
MZI_null,MZI,MZI_null_02934,-0.07491767893278202,0.007255630802571744,4.607199511034782,0.0,0.0,300
MZI_null,MZI,MZI_null_02935,-0.1131447198910714,-6.995375888912133,-7.005220502428784,0.0,0.0,300
MZI_null,MZI,MZI_null_02936,-0.022570221224247334,-3.9894937703785485,-0.37641849679875816,0.0,0.0,300
MZI_null,MZI,MZI_null_02937,0.01988965080391516,-6.809650539842289,-6.444651488444218,0.0,0.0,300
MZI_null,MZI,MZI_null_02938,0.044389986051914285,-1.5937134958401291,-2.2774539950996537,0.0,0.0,300
MZI_null,MZI,MZI_null_02939,-0.2485715377698457,-0.5858262117050277,2.81569863627183,0.0,0.0,300
MZI_null,MZI,MZI_null_02940,0.041697366032838336,-4.542421671695194,-0.8663435032865461,0.0,0.0,300
MZI_null,MZI,MZI_null_02941,-0.20491711214005273,1.1738821415163776,-0.7544669964113835,0.0,0.0,300
MZI_null,MZI,MZI_null_02942,-0.26522353676298477,-2.902023081331048,0.3899045307026925,0.0,0.0,300
MZI_null,MZI,MZI_null_02943,-0.04995714314632836,-2.8276871643205217,-4.673206621141816,0.0,0.0,300
MZI_null,MZI,MZI_null_02944,0.08498114806224842,-3.945407600057412,-7.469336131015098,0.0,0.0,300
MZI_null,MZI,MZI_null_02945,-0.05568860560055907,0.9434491467110591,-2.160788339799842,0.0,0.0,300
MZI_null,MZI,MZI_null_02946,0.26069774776852805,-0.713096154354449,0.016274486841098224,0.0,0.0,300
MZI_null,MZI,MZI_null_02947,-0.01925973988764133,-2.2048586232928717,-1.790270905358512,0.0,0.0,300
MZI_null,MZI,MZI_null_02948,-0.04534040881237897,-0.40739851379855363,-3.8074936893716966,0.0,0.0,300
MZI_null,MZI,MZI_null_02949,-0.16138407430863894,-5.369585152626133,5.1369636430314625,0.0,0.0,300
MZI_null,MZI,MZI_null_02950,0.07955143525058699,-1.0865233949595656,-4.172544010880294,0.0,0.0,300
MZI_null,MZI,MZI_null_02951,0.09350134510122428,-2.349714039359986,-0.35749317660475044,0.0,0.0,300
MZI_null,MZI,MZI_null_02952,-0.1464930473795334,-1.5191934277472698,-2.2715006146194496,0.0,0.0,300
MZI_null,MZI,MZI_null_02953,-0.11484167355452816,0.20231900742174602,-5.6131234255900075,0.0,0.0,300
MZI_null,MZI,MZI_null_02954,0.08471643964712257,0.05345840065898866,-3.6389310266537223,0.0,0.0,300
MZI_null,MZI,MZI_null_02955,-0.1230492691698701,-2.6690770437992066,-0.1538913686133383,0.0,0.0,300
MZI_null,MZI,MZI_null_02956,-0.022928248772133824,-0.6993126194243622,4.2889389576121975,0.0,0.0,300
MZI_null,MZI,MZI_null_02957,-0.07615751537245707,-7.145539912110261,1.4777707490919596,0.0,0.0,300
MZI_null,MZI,MZI_null_02958,0.25249718638912944,-0.8216949108466269,-4.263246026061005,0.0,0.0,300
MZI_null,MZI,MZI_null_02959,-0.01858385448528014,-5.355570452634897,0.9285664818888428,0.0,0.0,300
MZI_null,MZI,MZI_null_02960,-0.20269356040476516,-2.9003863604846,-4.013013478881719,0.0,0.0,300
MZI_null,MZI,MZI_null_02961,0.019023702770244278,-3.099025031413273,-0.4697136902492085,0.0,0.0,300
MZI_null,MZI,MZI_null_02962,0.0033525832449548486,-4.9599770831723315,0.8806311905870654,0.0,0.0,300
MZI_null,MZI,MZI_null_02963,-0.007314847776467294,-4.965587023597701,5.7227796686173775,0.0,0.0,300
MZI_null,MZI,MZI_null_02964,0.07146452500756871,-2.4597816601979163,3.24561358010547,0.0,0.0,300
MZI_null,MZI,MZI_null_02965,0.27627234140799106,-2.4360482669416554,0.042192459304285945,0.0,0.0,300
MZI_null,MZI,MZI_null_02966,-0.14820042270044112,-2.4415782523040344,-1.5971876612796096,0.0,0.0,300
MZI_null,MZI,MZI_null_02967,0.0277240550432481,-1.001718564088969,0.6794853464841797,0.0,0.0,300
MZI_null,MZI,MZI_null_02968,0.035646398444993864,-5.632227879887494,-3.815401317223255,0.0,0.0,300
MZI_null,MZI,MZI_null_02969,-0.08196114291955095,-2.8467217757696863,2.15232287141634,0.0,0.0,300
MZI_null,MZI,MZI_null_02970,-0.17444084802793694,-3.0722451445120997,1.8590284946421494,0.0,0.0,300
MZI_null,MZI,MZI_null_02971,-0.04498162117449183,-0.6187530504715277,-1.4186261287837105,0.0,0.0,300
MZI_null,MZI,MZI_null_02972,0.038517488598708426,-2.6854176314286216,1.0011964181850619,0.0,0.0,300
MZI_null,MZI,MZI_null_02973,-0.23175846111096526,-3.089936025165635,-0.11028196991707562,0.0,0.0,300
MZI_null,MZI,MZI_null_02974,0.08005428720092894,2.478857868261483,-2.1730740005967295,0.0,0.0,300
MZI_null,MZI,MZI_null_02975,0.22192226427913092,-3.9770714799790117,2.985939234633931,0.0,0.0,300
MZI_null,MZI,MZI_null_02976,0.12262006900475586,-4.7403757388966685,-0.07888228824453436,0.0,0.0,300
MZI_null,MZI,MZI_null_02977,-0.007685375329828731,-0.12324621897499854,-1.6698147652999287,0.0,0.0,300
MZI_null,MZI,MZI_null_02978,-0.04608693384925972,2.1072837482885536,-1.2961626833670188,0.0,0.0,300
MZI_null,MZI,MZI_null_02979,0.12396334862876494,-2.6760544551325993,3.99998977768257,0.0,0.0,300
MZI_null,MZI,MZI_null_02980,-0.101750194400324,-3.842430593741554,3.573551543347709,0.0,0.0,300
MZI_null,MZI,MZI_null_02981,-0.06674195863428792,2.8032229184931783,1.6755217387844383,0.0,0.0,300
MZI_null,MZI,MZI_null_02982,-0.02319745598412502,-7.4398804160514755,-1.057954912815507,0.0,0.0,300
MZI_null,MZI,MZI_null_02983,0.0152445080300137,1.501653199913119,3.7653415287203353,0.0,0.0,300
MZI_null,MZI,MZI_null_02984,-0.10274807687156214,0.40354529196454836,1.2962064680400482,0.0,0.0,300
MZI_null,MZI,MZI_null_02985,0.16101190536156676,-0.5039302635933667,-6.82749307288531,0.0,0.0,300
MZI_null,MZI,MZI_null_02986,-0.023313364879163953,-5.4671227247507455,-1.6078173187542215,0.0,0.0,300
MZI_null,MZI,MZI_null_02987,0.1470006354200841,-1.084547492375082,2.4442725991922982,0.0,0.0,300
MZI_null,MZI,MZI_null_02988,0.051263088107030896,-5.894977819006708,-8.562541019718203,0.0,0.0,300
MZI_null,MZI,MZI_null_02989,0.02232131425193855,-2.641779399053496,-3.9308372181456464,0.0,0.0,300
MZI_null,MZI,MZI_null_02990,-0.2550940874477067,-4.204229640418127,-1.5834744545943282,0.0,0.0,300
MZI_null,MZI,MZI_null_02991,0.09988167355595852,-1.4341067552960598,3.824201741518187,0.0,0.0,300
MZI_null,MZI,MZI_null_02992,-0.15534060840680913,0.6431766761722999,-0.8581037706138163,0.0,0.0,300
MZI_null,MZI,MZI_null_02993,0.10420036861778768,-3.309544589796631,2.2150411216717694,0.0,0.0,300
MZI_null,MZI,MZI_null_02994,0.04428371375178641,-4.038334954753248,-1.0360720867395645,0.0,0.0,300
MZI_null,MZI,MZI_null_02995,-0.035933378840564925,-0.532464948086619,-4.539330248123526,0.0,0.0,300
MZI_null,MZI,MZI_null_02996,-0.004402755317354182,-0.8140782420520074,-0.9009300784209003,0.0,0.0,300
MZI_null,MZI,MZI_null_02997,0.20204118665834933,0.3220683222131573,-1.02244239022224,0.0,0.0,300
MZI_null,MZI,MZI_null_02998,0.03250336462465097,-1.1130033455540014,0.20989881250047215,0.0,0.0,300
MZI_null,MZI,MZI_null_02999,-0.2738486993496912,-2.904578887308041,-5.453317204580279,0.0,0.0,300
MZI_null,MZI,MZI_null_03000,0.19174214211892296,-2.182548560008783,-1.5800228490388681,0.0,0.0,300
MZI_null,MZI,MZI_null_03001,0.13451959980498526,-0.733025607650376,-4.385903543137621,0.0,0.0,300
MZI_null,MZI,MZI_null_03002,-0.01063580437910532,-3.0055009196791547,-6.233598665818162,0.0,0.0,300
MZI_null,MZI,MZI_null_03003,-0.1035414349855807,-2.550620966049397,-1.3448527944755277,0.0,0.0,300
MZI_null,MZI,MZI_null_03004,-0.22233471355159629,1.4549967491424267,-1.3063091766743167,0.0,0.0,300
MZI_null,MZI,MZI_null_03005,0.005632961499084436,-0.7980750849804901,-3.3642287617110136,0.0,0.0,300
MZI_null,MZI,MZI_null_03006,0.06845339596990443,-3.1012239380545488,-3.6897566219415747,0.0,0.0,300
MZI_null,MZI,MZI_null_03007,0.08601712400330984,2.475021576405423,1.1744881204574953,0.0,0.0,300
MZI_null,MZI,MZI_null_03008,0.13844663477106461,-3.561891819686897,-5.792859187505369,0.0,0.0,300
MZI_null,MZI,MZI_null_03009,0.22352062831497618,4.163544668214279,3.6284203213090462,0.0,0.0,300
MZI_null,MZI,MZI_null_03010,-0.05036789084696245,-5.463903016186533,-4.1970480934587,0.0,0.0,300
MZI_null,MZI,MZI_null_03011,-0.2525598851421073,-2.322135855230136,3.8170338742473637,0.0,0.0,300
MZI_null,MZI,MZI_null_03012,-0.021249394780836487,-1.0930312989551751,3.1267908929126254,0.0,0.0,300
MZI_null,MZI,MZI_null_03013,-0.060614296774859945,4.106594370158785,4.97628322249236,0.0,0.0,300
MZI_null,MZI,MZI_null_03014,-0.0196667008020724,-3.7326027920576386,1.0917141391709388,0.0,0.0,300
MZI_null,MZI,MZI_null_03015,-0.0521287413778287,-5.469665651202009,2.843715960568941,0.0,0.0,300
MZI_null,MZI,MZI_null_03016,0.182467108091562,-1.5334651887093176,-4.788594261184533,0.0,0.0,300
MZI_null,MZI,MZI_null_03017,-0.1844289376826079,-1.6783121347425418,-2.4996131035150966,0.0,0.0,300
MZI_null,MZI,MZI_null_03018,-0.051163939821241226,1.0658894651800104,1.199537952267673,0.0,0.0,300
MZI_null,MZI,MZI_null_03019,0.20672140207464193,-4.971869670131773,-2.029574706060136,0.0,0.0,300
MZI_null,MZI,MZI_null_03020,0.1138472543190169,-0.6557649769613247,3.5971411477628656,0.0,0.0,300
MZI_null,MZI,MZI_null_03021,0.06308050588561039,3.544327312316657,0.6200534051694222,0.0,0.0,300
MZI_null,MZI,MZI_null_03022,0.15932511713829903,-2.970544840353371,-0.9571383643480328,0.0,0.0,300
MZI_null,MZI,MZI_null_03023,0.13664166057592128,2.838934511779163,1.1877108479322591,0.0,0.0,300
MZI_null,MZI,MZI_null_03024,-0.012475765790192923,2.132005088585025,-7.575935968839643,0.0,0.0,300
MZI_null,MZI,MZI_null_03025,-0.21333517522603104,0.04490267100516698,-0.9576749312406254,0.0,0.0,300
MZI_null,MZI,MZI_null_03026,0.09082704766862477,-1.806777432704174,0.712837083811618,0.0,0.0,300
MZI_null,MZI,MZI_null_03027,-0.12216042314897858,-0.28854174176092773,1.9832435846227536,0.0,0.0,300
MZI_null,MZI,MZI_null_03028,0.18308259058968487,4.0406628839461,-0.2677046694928402,0.0,0.0,300
MZI_null,MZI,MZI_null_03029,0.041086663027076836,-6.5695173925215435,-2.594234203415275,0.0,0.0,300
MZI_null,MZI,MZI_null_03030,-0.028962311100991896,1.150958656829065,-2.8330033722688874,0.0,0.0,300
MZI_null,MZI,MZI_null_03031,0.11945100296232486,-2.0048651508901405,-1.5315043453442856,0.0,0.0,300
MZI_null,MZI,MZI_null_03032,0.03733409536998846,-3.1734691167585276,-2.2871117442779965,0.0,0.0,300
MZI_null,MZI,MZI_null_03033,-0.2557178858685172,-2.743862621983669,-2.4399044384461797,0.0,0.0,300
MZI_null,MZI,MZI_null_03034,-0.07739714840236193,-0.7493808122298788,0.9758958583715289,0.0,0.0,300
MZI_null,MZI,MZI_null_03035,0.03482917569634914,0.9862455713484235,0.7266857774910953,0.0,0.0,300
MZI_null,MZI,MZI_null_03036,-0.044258428470846316,-3.3885688571431394,-0.0615332896994607,0.0,0.0,300
MZI_null,MZI,MZI_null_03037,0.08606506648528513,2.193532921094495,2.573519134820287,0.0,0.0,300
MZI_null,MZI,MZI_null_03038,-0.08122095097607535,-2.306018840381785,1.0130534147533101,0.0,0.0,300
MZI_null,MZI,MZI_null_03039,0.1601996667088458,0.8169084061143765,-1.19163349849404,0.0,0.0,300
MZI_null,MZI,MZI_null_03040,-0.18810339786427746,-4.996809128736774,-0.18209945704175712,0.0,0.0,300
MZI_null,MZI,MZI_null_03041,0.051333836913651835,-5.296038120303155,-0.8662911673321851,0.0,0.0,300
MZI_null,MZI,MZI_null_03042,0.09468365354576747,-5.453679972521432,2.3149916054132436,0.0,0.0,300
MZI_null,MZI,MZI_null_03043,-0.056629672283973774,1.7728393377299527,-2.6003573373277016,0.0,0.0,300
MZI_null,MZI,MZI_null_03044,-0.15399382243262685,-3.374410969525159,-1.2854443692319606,0.0,0.0,300
MZI_null,MZI,MZI_null_03045,-0.05827198601572214,-2.64800426471934,0.0018954490285709724,0.0,0.0,300
MZI_null,MZI,MZI_null_03046,-0.025676905469459912,-2.1983371818560213,-6.1276791976077885,0.0,0.0,300
MZI_null,MZI,MZI_null_03047,0.05875470240157091,-2.267609893075004,3.8308789414486126,0.0,0.0,300
MZI_null,MZI,MZI_null_03048,-0.14093477508809374,-7.424885985498543,0.8542054817901259,0.0,0.0,300
MZI_null,MZI,MZI_null_03049,0.05197905274695006,-5.025299061593437,-5.589246865012274,0.0,0.0,300
MZI_null,MZI,MZI_null_03050,0.23060950960264348,2.2423311718203456,-8.462370276118389,0.0,0.0,300
MZI_null,MZI,MZI_null_03051,-0.06873345438847514,2.992576164351698,-2.4281876733336007,0.0,0.0,300
MZI_null,MZI,MZI_null_03052,-0.0735918351039979,-2.848277982888105,-4.362690921304478,0.0,0.0,300
MZI_null,MZI,MZI_null_03053,-0.25571636163420663,1.1576419322042462,-6.528810718743027,0.0,0.0,300
MZI_null,MZI,MZI_null_03054,0.03709071781631338,0.6597384782729487,-5.353678896703475,0.0,0.0,300
MZI_null,MZI,MZI_null_03055,-0.13864026038926072,1.63953756517477,0.5986751606811196,0.0,0.0,300
MZI_null,MZI,MZI_null_03056,-0.09259285603183308,1.606747010083513,2.619607170362907,0.0,0.0,300
MZI_null,MZI,MZI_null_03057,0.04035790395235606,-4.700480683620989,-2.240346110415386,0.0,0.0,300
MZI_null,MZI,MZI_null_03058,0.042958011593308525,-2.565784487442465,1.8168715347045543,0.0,0.0,300
MZI_null,MZI,MZI_null_03059,-0.22946611201640044,-6.482790587198716,-0.4573866655527027,0.0,0.0,300
MZI_null,MZI,MZI_null_03060,-0.07373166207103568,-3.8811458440932225,-6.304170157523192,0.0,0.0,300
MZI_null,MZI,MZI_null_03061,0.0029318767197272634,-2.158265324002297,0.9604369458552222,0.0,0.0,300
MZI_null,MZI,MZI_null_03062,0.010335919968145814,-2.3978122347214903,2.5310019103710113,0.0,0.0,300
MZI_null,MZI,MZI_null_03063,-0.1968700955172825,-0.3908323434572716,-6.013441494386047,0.0,0.0,300
MZI_null,MZI,MZI_null_03064,-0.12575428200012115,-5.637971397869942,1.3458276063557548,0.0,0.0,300
MZI_null,MZI,MZI_null_03065,-0.0098115350393091,-2.04050973377893,-4.320198963188353,0.0,0.0,300
MZI_null,MZI,MZI_null_03066,-0.04495402438993338,-4.290395909927335,0.1503650445626481,0.0,0.0,300
MZI_null,MZI,MZI_null_03067,-0.14866367029974203,1.9893830956152279,-6.026741348872283,0.0,0.0,300
MZI_null,MZI,MZI_null_03068,-0.12097797486848419,3.031601529898289,-2.3054162438861034,0.0,0.0,300
MZI_null,MZI,MZI_null_03069,-0.1972317996606618,-1.3427853123869942,-2.426176726643627,0.0,0.0,300
MZI_null,MZI,MZI_null_03070,-0.12538053834274587,-5.287612432396152,7.30512081687783,0.0,0.0,300
MZI_null,MZI,MZI_null_03071,-0.03773278502762045,-7.776702080998631,3.4811292770166027,0.0,0.0,300
MZI_null,MZI,MZI_null_03072,0.0916606357665856,-4.299399293059363,-3.799357266058425,0.0,0.0,300
MZI_null,MZI,MZI_null_03073,0.1010209194237346,-2.740754982468364,-6.777933455335304,0.0,0.0,300
MZI_null,MZI,MZI_null_03074,0.26808599469070027,-3.301971386647871,3.4867152094472793,0.0,0.0,300
MZI_null,MZI,MZI_null_03075,0.19176524369485726,-5.003028633448443,2.0995695930894436,0.0,0.0,300
MZI_null,MZI,MZI_null_03076,-0.09771638247955218,-7.6001017604118255,-2.2737944980664277,0.0,0.0,300
MZI_null,MZI,MZI_null_03077,0.05964562526644185,-3.388209943989014,-1.9211450227753044,0.0,0.0,300
MZI_null,MZI,MZI_null_03078,0.17153490673929192,-1.6805180591297244,-3.5298949338548575,0.0,0.0,300
MZI_null,MZI,MZI_null_03079,0.10530454855009898,-1.4069732991372645,-8.564814404386128,0.0,0.0,300
MZI_null,MZI,MZI_null_03080,0.0642529370657173,-0.8245138768516951,-0.93963661125742,0.0,0.0,300
MZI_null,MZI,MZI_null_03081,0.13375508716043627,-4.017180752979506,0.009499366462702552,0.0,0.0,300
MZI_null,MZI,MZI_null_03082,-0.23504390567510292,-0.7787288498035045,4.859179086619689,0.0,0.0,300
MZI_null,MZI,MZI_null_03083,-0.14922845287013117,-4.279406395963326,-3.130046328674657,0.0,0.0,300
MZI_null,MZI,MZI_null_03084,0.019499733870239292,-5.189108818561154,0.2637421360729406,0.0,0.0,300
MZI_null,MZI,MZI_null_03085,0.12702599182037477,-0.396958359638647,-6.305246276914217,0.0,0.0,300
MZI_null,MZI,MZI_null_03086,0.14927514977379092,0.8121022427610396,1.4904841170389131,0.0,0.0,300
MZI_null,MZI,MZI_null_03087,0.05592633729837375,-1.3394320573846015,2.09716819437919,0.0,0.0,300
MZI_null,MZI,MZI_null_03088,0.28852702314051815,-4.85912139009455,2.2343761873843153,0.0,0.0,300
MZI_null,MZI,MZI_null_03089,-0.012932564701117913,-2.3890191560858023,-5.609592071146115,0.0,0.0,300
MZI_null,MZI,MZI_null_03090,-0.042718411427309255,-4.9917948739052465,-2.391563288517837,0.0,0.0,300
MZI_null,MZI,MZI_null_03091,-0.16472795756672245,-3.346725161939019,-2.2183310710702098,0.0,0.0,300
MZI_null,MZI,MZI_null_03092,0.014513237765820046,-6.8442495868739925,-5.33655444323597,0.0,0.0,300
MZI_null,MZI,MZI_null_03093,0.05428714060957898,-4.392314351210297,2.223589370689793,0.0,0.0,300
MZI_null,MZI,MZI_null_03094,0.033790458302257,-0.179713549380778,3.2320769612626847,0.0,0.0,300
MZI_null,MZI,MZI_null_03095,-0.04645662177098588,-3.723460116248827,1.6151077567964403,0.0,0.0,300
MZI_null,MZI,MZI_null_03096,0.0764270345894529,-2.5619909294639025,3.1743739008678267,0.0,0.0,300
MZI_null,MZI,MZI_null_03097,-0.031836646475989584,-1.9016790873326557,-0.9363320474972248,0.0,0.0,300
MZI_null,MZI,MZI_null_03098,-0.14018908423477067,-1.7672438315408272,3.190280532195474,0.0,0.0,300
MZI_null,MZI,MZI_null_03099,0.06674524730642636,-1.9068097208032058,-1.4853018434970071,0.0,0.0,300
MZI_null,MZI,MZI_null_03100,0.04963005426095268,0.249299885467555,0.8277164926692588,0.0,0.0,300
MZI_null,MZI,MZI_null_03101,-0.04977972927329687,-1.0256552176696565,0.4398192234448359,0.0,0.0,300
MZI_null,MZI,MZI_null_03102,-0.15107924812904674,-1.495308376448917,-7.483911658907086,0.0,0.0,300
MZI_null,MZI,MZI_null_03103,0.07238005647317776,-0.018970836311955175,1.2426383773593783,0.0,0.0,300
MZI_null,MZI,MZI_null_03104,-0.05925702782543512,-1.0728594949278956,3.2718615366235007,0.0,0.0,300
MZI_null,MZI,MZI_null_03105,0.2120654472436888,-2.087518097679682,-0.5820411078113206,0.0,0.0,300
MZI_null,MZI,MZI_null_03106,0.16663667171016497,-6.5024060457865245,-1.9692272280310736,0.0,0.0,300
MZI_null,MZI,MZI_null_03107,0.20033556833051347,0.9256016250542984,0.10779133294971399,0.0,0.0,300
MZI_null,MZI,MZI_null_03108,-0.22587486079959307,-2.149730699123486,-2.7697461887497994,0.0,0.0,300
MZI_null,MZI,MZI_null_03109,0.04965583542258202,-4.428040054384641,-4.077170184923823,0.0,0.0,300
MZI_null,MZI,MZI_null_03110,-0.3097297916525462,1.6654140549301042,-2.1993115343291727,0.0,0.0,300
MZI_null,MZI,MZI_null_03111,0.023571867555380176,-2.0067143494225435,-4.202301798881498,0.0,0.0,300
MZI_null,MZI,MZI_null_03112,-0.188859736717229,-5.015945377991707,-3.169505316488179,0.0,0.0,300
MZI_null,MZI,MZI_null_03113,0.05499093705207074,-4.387152990561834,4.239471894783865,0.0,0.0,300
MZI_null,MZI,MZI_null_03114,0.15407265538397266,0.425078648997125,-1.3589767074194503,0.0,0.0,300
MZI_null,MZI,MZI_null_03115,0.22714211035807255,-2.654016893363372,-1.0937842424627382,0.0,0.0,300
MZI_null,MZI,MZI_null_03116,0.02549618096239041,0.10546912163003208,0.9107242370089561,0.0,0.0,300
MZI_null,MZI,MZI_null_03117,-0.07126879176669049,-3.5989811582778612,0.9197088714562534,0.0,0.0,300
MZI_null,MZI,MZI_null_03118,0.1072854875836849,-3.1800533744686184,-5.761564209035361,0.0,0.0,300
MZI_null,MZI,MZI_null_03119,-0.031097414401236687,-0.12942260352242396,4.416250539259342,0.0,0.0,300
MZI_null,MZI,MZI_null_03120,-0.1796936943510993,-3.2797137584917206,-2.1682106845761298,0.0,0.0,300
MZI_null,MZI,MZI_null_03121,0.20337080091472517,-2.1048245013758984,-3.7219796781167966,0.0,0.0,300
MZI_null,MZI,MZI_null_03122,0.08380429243827286,-3.213915560122839,-4.673161820073863,0.0,0.0,300
MZI_null,MZI,MZI_null_03123,-0.1339159960914226,3.2021258632678578,0.15262766494838687,0.0,0.0,300
MZI_null,MZI,MZI_null_03124,0.016164008317881444,-2.7496812074361383,-0.12355347364360336,0.0,0.0,300
MZI_null,MZI,MZI_null_03125,0.04203539190037414,-1.1234935153780217,-0.655464729166741,0.0,0.0,300
MZI_null,MZI,MZI_null_03126,0.13031975074583238,-1.9306869619978069,-3.9338165066579163,0.0,0.0,300
MZI_null,MZI,MZI_null_03127,-0.09186343363513023,-7.937056080469137,5.080451348127177,0.0,0.0,300
MZI_null,MZI,MZI_null_03128,0.129413188792903,-4.490211485387711,-1.8455345481912997,0.0,0.0,300
MZI_null,MZI,MZI_null_03129,-0.095531471130965,2.6276416341223507,-5.259631492812787,0.0,0.0,300
MZI_null,MZI,MZI_null_03130,0.01717140882281689,-2.3255835276945436,1.4805158921273431,0.0,0.0,300
MZI_null,MZI,MZI_null_03131,-0.015601384158704249,-7.274626629966305,-1.7533535039273227,0.0,0.0,300
MZI_null,MZI,MZI_null_03132,-0.14582433269149875,-1.761261360330318,3.30253110956098,0.0,0.0,300
MZI_null,MZI,MZI_null_03133,-0.2609137866348417,-4.400668206199711,-2.658078861350491,0.0,0.0,300
MZI_null,MZI,MZI_null_03134,-0.0572446643119817,0.2203769923157326,-1.5206332526841626,0.0,0.0,300
MZI_null,MZI,MZI_null_03135,0.06237040885806677,-3.8773191311953292,-0.3102269637461874,0.0,0.0,300
MZI_null,MZI,MZI_null_03136,0.11666964463165723,-4.196898649211265,1.344074359419544,0.0,0.0,300
MZI_null,MZI,MZI_null_03137,0.007855915309135271,1.1363807214467578,-1.6042597002309207,0.0,0.0,300
MZI_null,MZI,MZI_null_03138,0.05718669827431482,-2.12181869503559,-1.288636786121737,0.0,0.0,300
MZI_null,MZI,MZI_null_03139,0.03883956423385348,-0.3895775923252889,-4.748694735772015,0.0,0.0,300
MZI_null,MZI,MZI_null_03140,0.21504504132268168,-7.578989121649395,-3.0544363292166876,0.0,0.0,300
MZI_null,MZI,MZI_null_03141,-0.014140360614735099,-0.7629320927421557,3.7285175832241357,0.0,0.0,300
MZI_null,MZI,MZI_null_03142,-0.2787437232337661,-3.5230823851691317,-7.380500463397796,0.0,0.0,300
MZI_null,MZI,MZI_null_03143,0.004743296086537166,-1.184949246499908,3.772387226513758,0.0,0.0,300
MZI_null,MZI,MZI_null_03144,0.018095214134018118,1.1320753883271388,0.751511244617177,0.0,0.0,300
MZI_null,MZI,MZI_null_03145,-0.06528722955077525,-6.226882240376118,-0.17499310512456767,0.0,0.0,300
MZI_null,MZI,MZI_null_03146,-0.22381530257180457,1.8856212180089322,-1.4861863061104716,0.0,0.0,300
MZI_null,MZI,MZI_null_03147,0.17927661172671247,-3.4406433023971985,-0.19344764079702426,0.0,0.0,300
MZI_null,MZI,MZI_null_03148,0.03140232860020332,-2.135132354032772,-2.297978540189776,0.0,0.0,300
MZI_null,MZI,MZI_null_03149,0.058868402770578025,-4.778489790449624,-4.6283059868771765,0.0,0.0,300
MZI_null,MZI,MZI_null_03150,0.18642403399902413,0.18150396667630186,-0.8023251741932802,0.0,0.0,300
MZI_null,MZI,MZI_null_03151,0.2497713573815672,-2.8032965561745344,2.968109659966938,0.0,0.0,300
MZI_null,MZI,MZI_null_03152,0.026336112738873273,-5.07425225022917,4.544120575312549,0.0,0.0,300
MZI_null,MZI,MZI_null_03153,0.14860662699361277,-2.3630630930286927,1.1815137786018473,0.0,0.0,300
MZI_null,MZI,MZI_null_03154,-0.06055551509968602,0.4874471051786258,-8.17323569585188,0.0,0.0,300
MZI_null,MZI,MZI_null_03155,-0.15297020005418904,0.9377792328608887,-1.748966614656758,0.0,0.0,300
MZI_null,MZI,MZI_null_03156,0.031131344233311285,-6.040356986346303,4.543600987106309,0.0,0.0,300
MZI_null,MZI,MZI_null_03157,0.17857944655765148,-2.602055655125989,-2.214087570589979,0.0,0.0,300
MZI_null,MZI,MZI_null_03158,0.15444065421295394,3.9474113505067834,1.861280767434061,0.0,0.0,300
MZI_null,MZI,MZI_null_03159,0.32577040010949027,-4.767053987185754,-3.458160491496372,0.0,0.0,300
MZI_null,MZI,MZI_null_03160,-0.1783411677080023,-0.674718051051562,-0.4731893505868894,0.0,0.0,300
MZI_null,MZI,MZI_null_03161,-0.02279266852079788,0.427775884369896,2.696985815643992,0.0,0.0,300
MZI_null,MZI,MZI_null_03162,-0.2288493613930263,-3.7909160837033467,1.4604307823691798,0.0,0.0,300
MZI_null,MZI,MZI_null_03163,-0.0701608025787873,-4.394618229074462,2.0556122829511843,0.0,0.0,300
MZI_null,MZI,MZI_null_03164,-0.193425010458597,-2.9047394233733153,-0.014067922585574322,0.0,0.0,300
MZI_null,MZI,MZI_null_03165,-0.08607298708651781,0.3494669680395246,-2.706630925592107,0.0,0.0,300
MZI_null,MZI,MZI_null_03166,0.2112929240168879,-2.377238892487318,1.0138104101160605,0.0,0.0,300
MZI_null,MZI,MZI_null_03167,0.11190359294742244,-3.882620008232218,-7.160459645967666,0.0,0.0,300
MZI_null,MZI,MZI_null_03168,0.05411336319957523,-1.7831349586253915,0.6674780827253821,0.0,0.0,300
MZI_null,MZI,MZI_null_03169,-0.03397912085742571,-3.2912830964021476,5.0254190329450985,0.0,0.0,300
MZI_null,MZI,MZI_null_03170,-0.22085310922661666,0.2018514350927152,-2.7238055745501732,0.0,0.0,300
MZI_null,MZI,MZI_null_03171,-0.05036679266106331,-2.951308497721897,-3.4103028225137715,0.0,0.0,300
MZI_null,MZI,MZI_null_03172,0.08568363153543591,2.171930787849872,0.4100409837399843,0.0,0.0,300
MZI_null,MZI,MZI_null_03173,0.015507299431814267,-4.95932149729774,0.5504757974733527,0.0,0.0,300
MZI_null,MZI,MZI_null_03174,0.3234524447593948,-3.1420838713852772,-2.127950738055598,0.0,0.0,300
MZI_null,MZI,MZI_null_03175,-0.0841633696471496,-3.468242703483261,-9.235898661017153,0.0,0.0,300
MZI_null,MZI,MZI_null_03176,0.060755307878356916,-4.536656529063841,-5.8307893563754005,0.0,0.0,300
MZI_null,MZI,MZI_null_03177,0.11297849245988231,-5.246053355125809,-2.016007161651273,0.0,0.0,300
MZI_null,MZI,MZI_null_03178,0.21996635867828698,-6.22764739407354,-5.597794703793286,0.0,0.0,300
MZI_null,MZI,MZI_null_03179,0.04039592843435072,1.4484620920311055,-5.723025153195889,0.0,0.0,300
MZI_null,MZI,MZI_null_03180,0.06115346052557656,-0.2570013801149238,-7.177481451076961,0.0,0.0,300
MZI_null,MZI,MZI_null_03181,0.11977520068608302,0.6298176395265385,-1.935356719768074,0.0,0.0,300
MZI_null,MZI,MZI_null_03182,0.18785195434470123,1.4093667229745357,-0.6906462228483854,0.0,0.0,300
MZI_null,MZI,MZI_null_03183,-0.06771680854874004,-4.918483677748871,-1.1126905280985737,0.0,0.0,300
MZI_null,MZI,MZI_null_03184,0.08546383795562686,-2.972530583121924,-7.5925030157860895,0.0,0.0,300
MZI_null,MZI,MZI_null_03185,0.19030708418648554,-1.4293303344653188,-2.1388734900305018,0.0,0.0,300
MZI_null,MZI,MZI_null_03186,0.12857375826349327,2.573915789448269,-9.405734708463674,0.0,0.0,300
MZI_null,MZI,MZI_null_03187,0.06513954748831073,-6.279947632431042,0.4973315203968238,0.0,0.0,300
MZI_null,MZI,MZI_null_03188,0.019189080356186886,-0.09282042067835006,-2.497742843483966,0.0,0.0,300
MZI_null,MZI,MZI_null_03189,-0.28098601677287277,-3.3511045737700043,0.2205429054193493,0.0,0.0,300
MZI_null,MZI,MZI_null_03190,0.1523088493012835,-5.5154939014175755,2.0811812806190524,0.0,0.0,300
MZI_null,MZI,MZI_null_03191,-0.0971808434469782,-0.9126503552164205,-2.5296818585968985,0.0,0.0,300
MZI_null,MZI,MZI_null_03192,0.027325594156815253,0.6756329037108237,-4.681042231865607,0.0,0.0,300
MZI_null,MZI,MZI_null_03193,-0.10198588451202471,-1.4451122379737402,6.204750983091056,0.0,0.0,300
MZI_null,MZI,MZI_null_03194,-0.1294784568250242,4.120401657990756,5.013269911025512,0.0,0.0,300
MZI_null,MZI,MZI_null_03195,-0.014596672605238673,-2.8944575785997007,-3.076195595994075,0.0,0.0,300
MZI_null,MZI,MZI_null_03196,-0.010230379549900364,-6.220158297678674,-1.2287170519617927,0.0,0.0,300
MZI_null,MZI,MZI_null_03197,0.22453204107762842,-3.833255187430153,-1.7221729119671523,0.0,0.0,300
MZI_null,MZI,MZI_null_03198,-0.25517107114008625,-0.8778137356068694,-0.20655494514587824,0.0,0.0,300
MZI_null,MZI,MZI_null_03199,0.009555353964865636,-2.65048115066643,-1.8782737563173642,0.0,0.0,300
MZI_null,MZI,MZI_null_03200,0.07528503505510079,-2.08644980476587,-0.055084385334003505,0.0,0.0,300
MZI_null,MZI,MZI_null_03201,0.03224742261818219,1.3702818612872854,1.0309822921251626,0.0,0.0,300
MZI_null,MZI,MZI_null_03202,0.028929276472528596,2.5552660919565398,0.2608055871696844,0.0,0.0,300
MZI_null,MZI,MZI_null_03203,0.19574440331856283,-0.17917217484008652,-6.525757236794629,0.0,0.0,300
MZI_null,MZI,MZI_null_03204,0.19572521449789942,-1.5944712759719928,-1.1558643127023338,0.0,0.0,300
MZI_null,MZI,MZI_null_03205,0.042202252123436555,-3.034949485871202,-0.31891341883316415,0.0,0.0,300
MZI_null,MZI,MZI_null_03206,-0.08878140995146386,1.8228167762031102,-1.3407643408631509,0.0,0.0,300
MZI_null,MZI,MZI_null_03207,-0.057387576408365025,-4.774777447157822,-0.19367263255407563,0.0,0.0,300
MZI_null,MZI,MZI_null_03208,0.028066065018763787,-0.8347261589674808,-4.081755662515387,0.0,0.0,300
MZI_null,MZI,MZI_null_03209,-0.24017717982173592,-0.12322609248032057,3.4539255856295226,0.0,0.0,300
MZI_null,MZI,MZI_null_03210,-0.15395304335848442,2.7683238506850953,-0.14826682379085732,0.0,0.0,300
MZI_null,MZI,MZI_null_03211,-0.0010594356826244572,-3.192646089637334,-5.15355405827499,0.0,0.0,300
MZI_null,MZI,MZI_null_03212,0.14815927738868995,-4.32681908431281,-3.339420027212801,0.0,0.0,300
MZI_null,MZI,MZI_null_03213,0.1487889464830432,-7.64895034001518,-5.5707934320045,0.0,0.0,300
MZI_null,MZI,MZI_null_03214,-0.0027201365262122653,-1.1201467129854437,0.45420394390677155,0.0,0.0,300
MZI_null,MZI,MZI_null_03215,-0.04526977400943792,5.591109005925068,-1.6836776762975023,0.0,0.0,300
MZI_null,MZI,MZI_null_03216,-0.03461792281540832,-4.390960006441633,-0.6282795504367867,0.0,0.0,300
MZI_null,MZI,MZI_null_03217,0.0922441848070162,1.6107341636003802,-5.467852793320654,0.0,0.0,300
MZI_null,MZI,MZI_null_03218,-0.03689930075335512,-0.6598891675725675,0.7611726037836068,0.0,0.0,300
MZI_null,MZI,MZI_null_03219,0.0009822986706808914,-0.37272809140369456,-3.4268916787774013,0.0,0.0,300
MZI_null,MZI,MZI_null_03220,0.2336858148477535,0.9778843089382887,-5.034783361195517,0.0,0.0,300
MZI_null,MZI,MZI_null_03221,-0.16126545721751334,-5.140765250320719,1.0339099126895852,0.0,0.0,300
MZI_null,MZI,MZI_null_03222,-0.19270916496262008,-2.993073002624242,0.3641131892503231,0.0,0.0,300
MZI_null,MZI,MZI_null_03223,-0.009924890181965209,-1.2233374528618826,-4.197408134046275,0.0,0.0,300
MZI_null,MZI,MZI_null_03224,0.0892281560095867,-3.8396356774279896,-1.9738590231938238,0.0,0.0,300
MZI_null,MZI,MZI_null_03225,0.035659759185897914,-1.6907653354074554,-0.9280599429532211,0.0,0.0,300
MZI_null,MZI,MZI_null_03226,-0.11259402329651334,-2.8986482335975765,-0.9934492274888922,0.0,0.0,300
MZI_null,MZI,MZI_null_03227,-0.20626278497506273,-3.387598898940136,0.16303963709853941,0.0,0.0,300
MZI_null,MZI,MZI_null_03228,-0.19161549057680138,1.469744954782719,2.8088397877995286,0.0,0.0,300
MZI_null,MZI,MZI_null_03229,-0.18677258639401284,2.072858899150418,-1.4307447661364032,0.0,0.0,300
MZI_null,MZI,MZI_null_03230,0.06277718387355823,-3.48995315638474,1.7691344816802856,0.0,0.0,300
MZI_null,MZI,MZI_null_03231,0.06091410282730006,-4.44245976979281,-4.495605999895865,0.0,0.0,300
MZI_null,MZI,MZI_null_03232,-0.21904536528138338,-1.4361746707017307,0.7174142353392075,0.0,0.0,300
MZI_null,MZI,MZI_null_03233,0.09764485181691622,-2.3539432838221335,-4.470989366993091,0.0,0.0,300
MZI_null,MZI,MZI_null_03234,-0.10231121970356745,1.457045916885777,-2.453885693800244,0.0,0.0,300
MZI_null,MZI,MZI_null_03235,0.02151264460222142,-5.226951450724663,0.00974913637710495,0.0,0.0,300
MZI_null,MZI,MZI_null_03236,-0.06865268425186168,1.140138141327291,1.3206731186204403,0.0,0.0,300
MZI_null,MZI,MZI_null_03237,-0.07435589198623495,-2.3799920820429903,-2.6533487201218864,0.0,0.0,300
MZI_null,MZI,MZI_null_03238,-0.21291497948175145,-4.57232728864165,-0.4053480168375396,0.0,0.0,300
MZI_null,MZI,MZI_null_03239,0.04878892473443728,-1.5543562892220835,-1.9051991618759072,0.0,0.0,300
MZI_null,MZI,MZI_null_03240,0.13995999085814778,-1.8093742863171878,1.1097614842878416,0.0,0.0,300
MZI_null,MZI,MZI_null_03241,-0.2660662698303778,-13.767200754855027,-0.1486359164857597,0.0,0.0,300
MZI_null,MZI,MZI_null_03242,-0.2137148480582234,-2.637355108139168,-1.9062911230738169,0.0,0.0,300
MZI_null,MZI,MZI_null_03243,0.23811009036233052,-0.8000103411691808,-0.5024229196039818,0.0,0.0,300
MZI_null,MZI,MZI_null_03244,0.12554867319505106,-0.8945072394828837,-2.373030978965299,0.0,0.0,300
MZI_null,MZI,MZI_null_03245,0.16072138953818396,-5.329250383664823,-0.03025843739931333,0.0,0.0,300
MZI_null,MZI,MZI_null_03246,-0.23213546912044666,-1.388168427452015,-0.4210310746812116,0.0,0.0,300
MZI_null,MZI,MZI_null_03247,0.2514682442871994,-6.694921680325338,-2.8026615275614377,0.0,0.0,300
MZI_null,MZI,MZI_null_03248,0.12340236398612156,-0.9940482308080767,-0.4590848459874909,0.0,0.0,300
MZI_null,MZI,MZI_null_03249,-0.14342035544378087,-3.7724550442742877,2.73512302466977,0.0,0.0,300
MZI_null,MZI,MZI_null_03250,-0.007726379063089193,-0.87392091156658,-1.345564986329437,0.0,0.0,300
MZI_null,MZI,MZI_null_03251,-0.1774628272874648,0.8014312782249897,0.509697153597489,0.0,0.0,300
MZI_null,MZI,MZI_null_03252,0.34584552560507836,-5.046744138951635,1.4677187636014417,0.0,0.0,300
MZI_null,MZI,MZI_null_03253,-0.19673159490555017,-1.5279602969807669,1.9295197671894937,0.0,0.0,300
MZI_null,MZI,MZI_null_03254,-0.31082026741447305,-2.6147974227248234,-2.689629202127861,0.0,0.0,300
MZI_null,MZI,MZI_null_03255,-0.10529359474426828,-0.8443620432219374,2.362057119267786,0.0,0.0,300
MZI_null,MZI,MZI_null_03256,-0.019991807284373324,-1.3835407173199394,-0.6570737408222567,0.0,0.0,300
MZI_null,MZI,MZI_null_03257,0.00027052595346212645,-5.268027913136319,2.3253338051686785,0.0,0.0,300
MZI_null,MZI,MZI_null_03258,0.0442793052238254,-0.815355529992267,-3.419528887076747,0.0,0.0,300
MZI_null,MZI,MZI_null_03259,-0.06888305969838608,-2.528402593132335,-5.6023740803465545,0.0,0.0,300
MZI_null,MZI,MZI_null_03260,-0.2532051487796517,-3.8022437919157035,0.5675622993271698,0.0,0.0,300
MZI_null,MZI,MZI_null_03261,-0.09797060848949113,-5.05641559277214,-3.4440569597130106,0.0,0.0,300
MZI_null,MZI,MZI_null_03262,-0.06830136347179688,-3.061576888460311,5.49656435661967,0.0,0.0,300
MZI_null,MZI,MZI_null_03263,0.15819309427309775,1.0743223368451842,2.505741092820144,0.0,0.0,300
MZI_null,MZI,MZI_null_03264,-0.14982313040010742,-5.667093844961718,-4.3206108746021705,0.0,0.0,300
MZI_null,MZI,MZI_null_03265,0.20017592000067566,-3.641575366647473,-4.7540685467178605,0.0,0.0,300
MZI_null,MZI,MZI_null_03266,-0.06464943003297195,-2.7158165951438824,-0.1947601789163136,0.0,0.0,300
MZI_null,MZI,MZI_null_03267,0.03764265310680645,-4.4845416916205245,1.0569691775411325,0.0,0.0,300
MZI_null,MZI,MZI_null_03268,-0.09587903006252371,-2.468829010115129,1.0603222115100652,0.0,0.0,300
MZI_null,MZI,MZI_null_03269,-0.09627321059165121,-3.7080542707434128,0.7750041490793931,0.0,0.0,300
MZI_null,MZI,MZI_null_03270,-0.12865997649075292,-3.154376070812212,0.6672265341286776,0.0,0.0,300
MZI_null,MZI,MZI_null_03271,0.30811386621539627,-0.18378648571176015,0.41791928897003494,0.0,0.0,300
MZI_null,MZI,MZI_null_03272,0.07962023755090943,-5.219570822201148,-0.653209783960276,0.0,0.0,300
MZI_null,MZI,MZI_null_03273,-0.004464973250460262,-1.0352463788817317,-0.6504758425723876,0.0,0.0,300
MZI_null,MZI,MZI_null_03274,0.05695495161256687,-2.9344015846976044,-0.8241732478846218,0.0,0.0,300
MZI_null,MZI,MZI_null_03275,-0.1841742849085488,-2.9597218340087412,3.17250064452993,0.0,0.0,300
MZI_null,MZI,MZI_null_03276,0.047821250944238385,-2.0627631121492307,4.68836982876304,0.0,0.0,300
MZI_null,MZI,MZI_null_03277,-0.20412524674516186,-5.32836666633866,4.1381342338288185,0.0,0.0,300
MZI_null,MZI,MZI_null_03278,0.006894140407340074,-2.7277491088693813,-4.59761297528693,0.0,0.0,300
MZI_null,MZI,MZI_null_03279,0.06715443995925177,-0.36662039141761316,-4.283483082504689,0.0,0.0,300
MZI_null,MZI,MZI_null_03280,-0.021041337832564247,-3.0065474960991985,-0.23206856074368676,0.0,0.0,300
MZI_null,MZI,MZI_null_03281,-0.16788753633309658,1.7558423635394718,1.747471344792813,0.0,0.0,300
MZI_null,MZI,MZI_null_03282,-0.05447633380992242,-2.6492561349151136,-1.409266450832848,0.0,0.0,300
MZI_null,MZI,MZI_null_03283,-0.1167462829509755,-3.330288254705107,-1.8108111030238272,0.0,0.0,300
MZI_null,MZI,MZI_null_03284,0.2419302556060692,0.8398549249913101,1.8039641220098708,0.0,0.0,300
MZI_null,MZI,MZI_null_03285,0.05548884195065854,-5.351981026793704,-1.1244733137321377,0.0,0.0,300
MZI_null,MZI,MZI_null_03286,0.14557326894200698,-5.774793888101864,0.9096596206197929,0.0,0.0,300
MZI_null,MZI,MZI_null_03287,0.3483913837894149,1.1854499379691954,3.242087406685962,0.0,0.0,300
MZI_null,MZI,MZI_null_03288,0.0327508125663241,0.9037958462949693,-3.1535596430621062,0.0,0.0,300
MZI_null,MZI,MZI_null_03289,0.11937957185118395,-0.0368355978177104,-0.1302664778870113,0.0,0.0,300
MZI_null,MZI,MZI_null_03290,0.19740111295777474,-3.616354513542166,-1.5611725494209878,0.0,0.0,300
MZI_null,MZI,MZI_null_03291,0.014319306203744485,-5.0888329132682015,-0.3192041685992564,0.0,0.0,300
MZI_null,MZI,MZI_null_03292,-0.25783956194307706,1.1408636032846275,-0.8600879003021027,0.0,0.0,300
MZI_null,MZI,MZI_null_03293,-0.07813393558556449,-4.503120836885365,-1.7037370888575627,0.0,0.0,300
MZI_null,MZI,MZI_null_03294,0.10323895661586203,-0.35678306378731817,-3.116613841835383,0.0,0.0,300
MZI_null,MZI,MZI_null_03295,-0.12690595089414516,-0.029303881041057744,-3.167042213845088,0.0,0.0,300
MZI_null,MZI,MZI_null_03296,0.008986466111925533,-1.6287360724271687,-0.06381360481978482,0.0,0.0,300
MZI_null,MZI,MZI_null_03297,0.12874056452728075,-5.788888810601968,-6.733477975781463,0.0,0.0,300
MZI_null,MZI,MZI_null_03298,-0.08511709218425274,3.404585223496558,5.066522300262136,0.0,0.0,300
MZI_null,MZI,MZI_null_03299,0.27467657033488313,-2.578944103282069,-6.3463452459544865,0.0,0.0,300
MZI_null,MZI,MZI_null_03300,-0.3514558652477761,-3.8421144846482336,-1.5942208904480806,0.0,0.0,300
MZI_null,MZI,MZI_null_03301,0.1950938101583938,0.6034163786273372,-0.31778476302513825,0.0,0.0,300
MZI_null,MZI,MZI_null_03302,-0.13347671564117125,-4.882338674734671,-0.2376169387856938,0.0,0.0,300
MZI_null,MZI,MZI_null_03303,0.10455764682595899,-0.8243562132632463,-4.103793878819964,0.0,0.0,300
MZI_null,MZI,MZI_null_03304,0.09760014431881292,-0.7222670986957658,-4.211999218570535,0.0,0.0,300
MZI_null,MZI,MZI_null_03305,-0.11764814554503836,0.06548792368469947,-1.7035226054376729,0.0,0.0,300
MZI_null,MZI,MZI_null_03306,0.23837209524546857,-0.4966121718062708,-2.4598935645678077,0.0,0.0,300
MZI_null,MZI,MZI_null_03307,-0.001530840058639902,-1.8098498220868455,-3.18517093972513,0.0,0.0,300
MZI_null,MZI,MZI_null_03308,-0.136888229726644,0.10416968142849825,1.535819891126287,0.0,0.0,300
MZI_null,MZI,MZI_null_03309,0.0905672204329438,2.5459542829714055,-2.6253197080348056,0.0,0.0,300
MZI_null,MZI,MZI_null_03310,0.2511406149106695,-4.702763355662459,-4.038056690105479,0.0,0.0,300
MZI_null,MZI,MZI_null_03311,-0.26399383232238754,-3.337385941480451,-2.5111670104883608,0.0,0.0,300
MZI_null,MZI,MZI_null_03312,0.07889059203819757,-1.2683271751386471,-4.578920113057411,0.0,0.0,300
MZI_null,MZI,MZI_null_03313,-0.05890893576387263,-3.1143860632630562,-6.327946740885678,0.0,0.0,300
MZI_null,MZI,MZI_null_03314,-0.14714200905200542,-4.312440891842268,3.3008750594628395,0.0,0.0,300
MZI_null,MZI,MZI_null_03315,0.028717607393602886,-0.0134937381575011,-5.495906491447636,0.0,0.0,300
MZI_null,MZI,MZI_null_03316,0.17913217245209875,1.9033061890722784,-6.995034901433878,0.0,0.0,300
MZI_null,MZI,MZI_null_03317,-0.10579750858737723,-0.5127032809534691,0.9331653606145465,0.0,0.0,300
MZI_null,MZI,MZI_null_03318,-0.10177420957308327,-2.9164983891609584,-2.792143183135429,0.0,0.0,300
MZI_null,MZI,MZI_null_03319,0.016562707041917934,1.5915355943857383,-3.313126471423614,0.0,0.0,300
MZI_null,MZI,MZI_null_03320,0.15012307466526212,-4.345016217040663,-3.5428816374906527,0.0,0.0,300
MZI_null,MZI,MZI_null_03321,0.12278919275148198,0.7658091340228501,1.5542298102879628,0.0,0.0,300
MZI_null,MZI,MZI_null_03322,-0.19736961123272118,-3.3978529342161523,1.4689657760099641,0.0,0.0,300
MZI_null,MZI,MZI_null_03323,0.006231276084584191,-5.221078538592392,0.37495381737632516,0.0,0.0,300
MZI_null,MZI,MZI_null_03324,-0.10722108884872057,3.3835745451766357,3.6345243872547757,0.0,0.0,300
MZI_null,MZI,MZI_null_03325,0.09061461395333509,2.0830201143093205,-0.8056259496298568,0.0,0.0,300
MZI_null,MZI,MZI_null_03326,0.11481562415625238,2.433160885906225,-0.2635039546170619,0.0,0.0,300
MZI_null,MZI,MZI_null_03327,-0.03827807572714255,-7.113865874531347,-1.249400577164482,0.0,0.0,300
MZI_null,MZI,MZI_null_03328,0.1235134776843467,0.8369002827028891,0.5130951971552293,0.0,0.0,300
MZI_null,MZI,MZI_null_03329,-0.08119486424433597,-7.930464706842772,-2.4856452940142053,0.0,0.0,300
MZI_null,MZI,MZI_null_03330,-0.045651730658092714,-2.938786901570042,0.8556690709337733,0.0,0.0,300
MZI_null,MZI,MZI_null_03331,0.2978514616522259,-1.629412394476721,-1.650195367469385,0.0,0.0,300
MZI_null,MZI,MZI_null_03332,-0.038883271950613876,-1.6268456992768574,-3.484881281045197,0.0,0.0,300
MZI_null,MZI,MZI_null_03333,0.01802978381190826,-0.6475629910046006,-0.37094180927653564,0.0,0.0,300
MZI_null,MZI,MZI_null_03334,0.06863129010071718,-0.6987571719543941,-6.315690046739331,0.0,0.0,300
MZI_null,MZI,MZI_null_03335,0.09553052375931047,-4.013044536987361,-4.287517489011874,0.0,0.0,300
MZI_null,MZI,MZI_null_03336,-0.16566777417824943,-0.6993751685824121,-1.6677247816745588,0.0,0.0,300
MZI_null,MZI,MZI_null_03337,-0.2522953175978116,-0.5658865544231497,-5.318824392396482,0.0,0.0,300
MZI_null,MZI,MZI_null_03338,0.02097320377773163,-1.2845032229808375,1.6567312450851346,0.0,0.0,300
MZI_null,MZI,MZI_null_03339,0.2672527179700277,-6.094028977701625,-1.1574215681891484,0.0,0.0,300
MZI_null,MZI,MZI_null_03340,-0.041450294256632596,-0.6987509421171132,-0.35299368719914426,0.0,0.0,300
MZI_null,MZI,MZI_null_03341,-0.05288193641049299,-3.3227065658325667,-4.349352565552143,0.0,0.0,300
MZI_null,MZI,MZI_null_03342,0.14817923736097638,-0.6223874552014124,1.753304593385412,0.0,0.0,300
MZI_null,MZI,MZI_null_03343,-0.04655942047132705,-3.9705064060832913,-4.234945199887683,0.0,0.0,300
MZI_null,MZI,MZI_null_03344,0.053837637561098925,-5.119379673584704,4.545989206899651,0.0,0.0,300
MZI_null,MZI,MZI_null_03345,-0.19614638716401606,-1.1790196423624943,3.7005641216413583,0.0,0.0,300
MZI_null,MZI,MZI_null_03346,0.08986346388957135,-1.472978862524662,-3.905450940885687,0.0,0.0,300
MZI_null,MZI,MZI_null_03347,-0.2072653782851556,0.31015032675275744,3.518441722324839,0.0,0.0,300
MZI_null,MZI,MZI_null_03348,-0.06582749857172572,-5.417184522849054,-8.374508291647055,0.0,0.0,300
MZI_null,MZI,MZI_null_03349,-0.14711472654938065,-2.3409705274971206,3.7973697225102025,0.0,0.0,300
MZI_null,MZI,MZI_null_03350,0.10097005383494527,-1.084743785879741,-2.200358983903393,0.0,0.0,300
MZI_null,MZI,MZI_null_03351,-0.08747485758839345,2.2169427925238914,-0.39778437772483155,0.0,0.0,300
MZI_null,MZI,MZI_null_03352,-0.3153901037881533,-4.020618943691728,-3.5746480953148803,0.0,0.0,300
MZI_null,MZI,MZI_null_03353,-0.08193960137661972,-0.31126801914474456,-1.3223346453827483,0.0,0.0,300
MZI_null,MZI,MZI_null_03354,-0.011529811050549304,1.9404194839757096,-3.089383269360065,0.0,0.0,300
MZI_null,MZI,MZI_null_03355,0.27962992888310245,-4.013922774113258,-0.7324054101622859,0.0,0.0,300
MZI_null,MZI,MZI_null_03356,-0.04218053931041504,-1.6297425994971169,0.3337759852193869,0.0,0.0,300
MZI_null,MZI,MZI_null_03357,0.06507528601333147,-4.25935199186174,-4.368744032342712,0.0,0.0,300
MZI_null,MZI,MZI_null_03358,0.3754757686358566,-3.4519530188016594,1.0976373160159598,0.0,0.0,300
MZI_null,MZI,MZI_null_03359,-0.24114619657847952,-2.8388381597140304,-1.3815981519473288,0.0,0.0,300
MZI_null,MZI,MZI_null_03360,0.07092226048917487,-10.167362422975817,-0.501578160765008,0.0,0.0,300
MZI_null,MZI,MZI_null_03361,-0.17246121830518393,-1.0269628664152286,-4.108987590514489,0.0,0.0,300
MZI_null,MZI,MZI_null_03362,-0.12832240438883719,-2.820882831179804,-4.156988408809585,0.0,0.0,300
MZI_null,MZI,MZI_null_03363,-0.07133016701030322,-5.580127305629945,-6.499511355096183,0.0,0.0,300
MZI_null,MZI,MZI_null_03364,0.15269355786440392,-5.8881460784717845,-1.5360426628239505,0.0,0.0,300
MZI_null,MZI,MZI_null_03365,0.11293366222406773,-3.8448323075481294,-3.475497699236614,0.0,0.0,300
MZI_null,MZI,MZI_null_03366,0.03393571330011322,1.353801468181456,-4.507945795259406,0.0,0.0,300
MZI_null,MZI,MZI_null_03367,-0.022522174802615837,-7.197483784901982,-2.17960301104657,0.0,0.0,300
MZI_null,MZI,MZI_null_03368,0.005130702680711316,-4.563873925265197,-2.3709755014756944,0.0,0.0,300
MZI_null,MZI,MZI_null_03369,-0.2112340152461175,-1.768764165855519,2.1670827466494496,0.0,0.0,300
MZI_null,MZI,MZI_null_03370,-0.16457158046556955,-3.8680152996571486,0.5076387393625454,0.0,0.0,300
MZI_null,MZI,MZI_null_03371,0.18181360789841042,-6.479569436626794,-1.506354212247848,0.0,0.0,300
MZI_null,MZI,MZI_null_03372,0.04246962334792875,-2.306169171886544,-8.430376200631262,0.0,0.0,300
MZI_null,MZI,MZI_null_03373,0.07516350139631578,2.558009053271933,-0.6500147464914897,0.0,0.0,300
MZI_null,MZI,MZI_null_03374,-0.15466590799413948,-3.5393817390928493,4.309739202966779,0.0,0.0,300
MZI_null,MZI,MZI_null_03375,0.1364943811290838,-0.07992014484701215,0.06923775060312809,0.0,0.0,300
MZI_null,MZI,MZI_null_03376,-0.09917056682864585,-2.601713541967306,-1.2337682070355476,0.0,0.0,300
MZI_null,MZI,MZI_null_03377,0.0824361474096666,2.52675668280071,2.355014410379384,0.0,0.0,300
MZI_null,MZI,MZI_null_03378,-0.2129076533694061,-1.328015093296854,1.2102900355036912,0.0,0.0,300
MZI_null,MZI,MZI_null_03379,0.09282904952169531,-3.8877012901622585,7.7423276473050855,0.0,0.0,300
MZI_null,MZI,MZI_null_03380,-0.19156268434966783,-5.24956533999815,-0.29921475621527116,0.0,0.0,300
MZI_null,MZI,MZI_null_03381,0.31752045824457803,-4.508584552112513,-1.797485096940977,0.0,0.0,300
MZI_null,MZI,MZI_null_03382,0.1615940509523539,-2.0535864646632005,-2.003811563590887,0.0,0.0,300
MZI_null,MZI,MZI_null_03383,0.08484493528300802,-1.1824460293112207,2.091316356910374,0.0,0.0,300
MZI_null,MZI,MZI_null_03384,0.19372033335980451,-1.0789908199839149,-0.12480182386507299,0.0,0.0,300
MZI_null,MZI,MZI_null_03385,0.03211664734292003,-0.5326083300521371,-0.8344880863856082,0.0,0.0,300
MZI_null,MZI,MZI_null_03386,-9.127234834341756e-05,1.589881362481727,3.5483485410651294,0.0,0.0,300
MZI_null,MZI,MZI_null_03387,-0.2261329416950131,-1.9699365447782928,-3.066083300335704,0.0,0.0,300
MZI_null,MZI,MZI_null_03388,-0.046645719972910844,-0.7924513707940357,1.0083151146274054,0.0,0.0,300
MZI_null,MZI,MZI_null_03389,-0.016818966541701733,-7.740021004168408,-3.895136741728539,0.0,0.0,300
MZI_null,MZI,MZI_null_03390,0.1344749505300249,-10.221279266104794,2.5622814550459996,0.0,0.0,300
MZI_null,MZI,MZI_null_03391,0.0781844985966812,1.948528244590066,-1.5957075606428814,0.0,0.0,300
MZI_null,MZI,MZI_null_03392,-0.3092108136034357,-0.708912075480506,2.8239593721150236,0.0,0.0,300
MZI_null,MZI,MZI_null_03393,0.13870827082701315,-3.988074450464106,-0.7397167736120599,0.0,0.0,300
MZI_null,MZI,MZI_null_03394,-0.07992544031698859,-4.457799392568116,1.8661657135395529,0.0,0.0,300
MZI_null,MZI,MZI_null_03395,-0.1796298466897743,-4.681449291744838,-4.312076900417156,0.0,0.0,300
MZI_null,MZI,MZI_null_03396,-0.223537128494857,-1.5607571244721896,2.484509145445928,0.0,0.0,300
MZI_null,MZI,MZI_null_03397,-0.027731513436789847,-6.517243401692499,1.5198336192260826,0.0,0.0,300
MZI_null,MZI,MZI_null_03398,0.2528552631052457,-3.9387269724397838,-2.435662800153155,0.0,0.0,300
MZI_null,MZI,MZI_null_03399,0.07734909451250914,2.865621243355154,-2.5595024371756785,0.0,0.0,300
MZI_null,MZI,MZI_null_03400,-0.19986746714973075,-0.10574418118278084,1.3972042194268979,0.0,0.0,300
MZI_null,MZI,MZI_null_03401,0.0009197175652840279,-3.6743997789723517,1.983136192976139,0.0,0.0,300
MZI_null,MZI,MZI_null_03402,0.07920540068219464,-4.305306550710479,-0.8527158060829855,0.0,0.0,300
MZI_null,MZI,MZI_null_03403,-0.20275612980369698,0.05767136931376049,-1.7867007081485677,0.0,0.0,300
MZI_null,MZI,MZI_null_03404,-0.06535662485771057,-2.0986234554573024,-0.8790769020092566,0.0,0.0,300
MZI_null,MZI,MZI_null_03405,0.13423950923483408,-0.22672840602433553,-1.4692278363784081,0.0,0.0,300
MZI_null,MZI,MZI_null_03406,0.11455022245784928,-0.7977882389251607,-2.279798908858111,0.0,0.0,300
MZI_null,MZI,MZI_null_03407,-0.018707723735472883,-2.4446686665293624,0.515784029522605,0.0,0.0,300
MZI_null,MZI,MZI_null_03408,-0.05505339220824627,-3.1712275592649,4.9062719283018765,0.0,0.0,300
MZI_null,MZI,MZI_null_03409,0.14096032226206562,-4.281801993275417,0.712822981826595,0.0,0.0,300
MZI_null,MZI,MZI_null_03410,0.017752509848276584,-0.8253464742197185,-0.5879760263046863,0.0,0.0,300
MZI_null,MZI,MZI_null_03411,0.17844639682278537,-0.9631389660456624,-1.1862660946428623,0.0,0.0,300
MZI_null,MZI,MZI_null_03412,0.1563285865474526,-1.300144876736384,-0.6355642620128266,0.0,0.0,300
MZI_null,MZI,MZI_null_03413,0.04710339037291718,-2.2808270700990994,-0.9723190210135932,0.0,0.0,300
MZI_null,MZI,MZI_null_03414,-0.0880041883142809,-4.253501658871636,-3.9957111594473185,0.0,0.0,300
MZI_null,MZI,MZI_null_03415,-0.2087974930195614,-4.63915208415367,-1.522801103400777,0.0,0.0,300
MZI_null,MZI,MZI_null_03416,0.015467637366845552,-2.8138896894429215,-8.067110470382074,0.0,0.0,300
MZI_null,MZI,MZI_null_03417,0.23618795366435133,1.2594403686711453,0.3372795536513862,0.0,0.0,300
MZI_null,MZI,MZI_null_03418,0.2861236008829902,-4.932092352451132,4.662875361878013,0.0,0.0,300
MZI_null,MZI,MZI_null_03419,-0.1447821115125822,-1.2837862241259304,-4.821511975402613,0.0,0.0,300
MZI_null,MZI,MZI_null_03420,0.0022041143316550186,-0.841500506004834,-1.4640709934036642,0.0,0.0,300
MZI_null,MZI,MZI_null_03421,0.10708161661352063,-1.7029566515382282,-2.5672441851325276,0.0,0.0,300
MZI_null,MZI,MZI_null_03422,-0.08502199767035089,0.43274131784708914,-2.9612260894209026,0.0,0.0,300
MZI_null,MZI,MZI_null_03423,0.13731044557274052,1.6681353784957924,-6.00614158703839,0.0,0.0,300
MZI_null,MZI,MZI_null_03424,0.1699389580951552,4.181268095334097,-0.2439887163942146,0.0,0.0,300
MZI_null,MZI,MZI_null_03425,0.08986262779422334,1.1110159731074756,-1.8264469455370669,0.0,0.0,300
MZI_null,MZI,MZI_null_03426,0.027342033530680456,-5.942598588869328,-0.584094914408647,0.0,0.0,300
MZI_null,MZI,MZI_null_03427,0.07471679934668123,-0.45151093122059205,2.1962741707927416,0.0,0.0,300
MZI_null,MZI,MZI_null_03428,-0.11622032672032936,-3.597820270020489,4.686522037974066,0.0,0.0,300
MZI_null,MZI,MZI_null_03429,-0.022549256064556485,-1.399898638063016,-1.2010301251756632,0.0,0.0,300
MZI_null,MZI,MZI_null_03430,-0.12325212394575336,2.8705876326754183,-2.5831042357618172,0.0,0.0,300
MZI_null,MZI,MZI_null_03431,-0.1690928285560395,-3.352220831908255,-7.0051180051766,0.0,0.0,300
MZI_null,MZI,MZI_null_03432,-0.09769311974747727,-4.90438579355698,0.852285892781973,0.0,0.0,300
MZI_null,MZI,MZI_null_03433,-0.10101213593398087,0.6634118067365455,3.195451979207964,0.0,0.0,300
MZI_null,MZI,MZI_null_03434,0.11717630044313987,-2.6461648665802295,-0.5766565098832211,0.0,0.0,300
MZI_null,MZI,MZI_null_03435,-0.22874774102160894,-2.401338117563719,-3.5813154042004993,0.0,0.0,300
MZI_null,MZI,MZI_null_03436,0.10414895717239483,5.718257167733421,0.49946490792142795,0.0,0.0,300
MZI_null,MZI,MZI_null_03437,-0.2986710223432,-3.083690578743119,-0.632527223876636,0.0,0.0,300
MZI_null,MZI,MZI_null_03438,0.013103613789039554,-4.192439376826259,-0.26412477208919416,0.0,0.0,300
MZI_null,MZI,MZI_null_03439,-0.18637512553790808,-4.834726168055201,0.9373929248111343,0.0,0.0,300
MZI_null,MZI,MZI_null_03440,-0.15234948463197387,-0.38536518352322835,-5.108391323968174,0.0,0.0,300
MZI_null,MZI,MZI_null_03441,0.2647238825687604,-4.3228097672121635,-1.6709997154103324,0.0,0.0,300
MZI_null,MZI,MZI_null_03442,0.04959198916356088,-3.696049857503283,-0.5697821167860867,0.0,0.0,300
MZI_null,MZI,MZI_null_03443,0.08630350867801885,0.8818396975104559,1.3744923079188718,0.0,0.0,300
MZI_null,MZI,MZI_null_03444,-0.0257715695704011,-2.439895322130807,6.047325674075098,0.0,0.0,300
MZI_null,MZI,MZI_null_03445,0.1424833602373938,-4.765470968960641,-0.7000355087033446,0.0,0.0,300
MZI_null,MZI,MZI_null_03446,-0.05027147081672888,-2.406002701769329,-4.688485473124263,0.0,0.0,300
MZI_null,MZI,MZI_null_03447,-0.06178848515789297,3.43466731958174,0.7372289026265091,0.0,0.0,300
MZI_null,MZI,MZI_null_03448,-0.373674211222719,1.6501704774938406,2.268888568727484,0.0,0.0,300
MZI_null,MZI,MZI_null_03449,-0.05389279564596248,0.15179063134964554,-3.578197632451602,0.0,0.0,300
MZI_null,MZI,MZI_null_03450,-0.0705383574399536,2.4956390820095606,-1.8151901196091251,0.0,0.0,300
MZI_null,MZI,MZI_null_03451,-0.28045974929324863,-2.1899096683440105,-1.2357651787430703,0.0,0.0,300
MZI_null,MZI,MZI_null_03452,0.17975528540601893,-1.95699073347272,-2.264746934320878,0.0,0.0,300
MZI_null,MZI,MZI_null_03453,0.15675842178468088,-1.637629302496669,-3.250068044697151,0.0,0.0,300
MZI_null,MZI,MZI_null_03454,0.17324963408124264,-1.4190147064496024,-0.9912220999616869,0.0,0.0,300
MZI_null,MZI,MZI_null_03455,0.02668625871174816,-5.212005114249791,-2.5829613285350117,0.0,0.0,300
MZI_null,MZI,MZI_null_03456,0.0005373902749174924,-2.58399108507404,2.8172851484497863,0.0,0.0,300
MZI_null,MZI,MZI_null_03457,0.03261087790905051,0.5647117679092073,-0.9718139362724516,0.0,0.0,300
MZI_null,MZI,MZI_null_03458,0.15844327256191845,-0.8074167302805382,-0.9597385438346197,0.0,0.0,300
MZI_null,MZI,MZI_null_03459,-0.0019924633438529286,-4.86331587887289,0.520747160408932,0.0,0.0,300
MZI_null,MZI,MZI_null_03460,-0.006030710180456844,-3.505975880543614,2.319385312436215,0.0,0.0,300
MZI_null,MZI,MZI_null_03461,-0.18753240388422018,-3.2674876862973017,2.0831562463386,0.0,0.0,300
MZI_null,MZI,MZI_null_03462,0.04732844113803798,-2.143576782958272,-0.24698937054956027,0.0,0.0,300
MZI_null,MZI,MZI_null_03463,0.026912125657326195,-6.549987638857764,-2.0477856560438843,0.0,0.0,300
MZI_null,MZI,MZI_null_03464,0.24247824817706232,-3.977972404331503,-1.954903042313002,0.0,0.0,300
MZI_null,MZI,MZI_null_03465,-0.08124311449637812,-2.261045669954412,-2.749368493972894,0.0,0.0,300
MZI_null,MZI,MZI_null_03466,0.073011225323709,-1.4080597631292004,1.3206428453210544,0.0,0.0,300
MZI_null,MZI,MZI_null_03467,-0.15764117492834406,-3.0210214486487095,-1.677167894836405,0.0,0.0,300
MZI_null,MZI,MZI_null_03468,0.06834703651328922,-4.379663591621103,1.7469614127750321,0.0,0.0,300
MZI_null,MZI,MZI_null_03469,0.17796233857764132,-4.966617042906751,-2.4726186846806972,0.0,0.0,300
MZI_null,MZI,MZI_null_03470,-0.07978972624381385,5.897158614032495,-2.28970031562366,0.0,0.0,300
MZI_null,MZI,MZI_null_03471,0.25164381632342014,-5.799895985319829,-3.9689528984930904,0.0,0.0,300
MZI_null,MZI,MZI_null_03472,-0.10299067977723012,-4.537067934339567,-1.8036962024754963,0.0,0.0,300
MZI_null,MZI,MZI_null_03473,-0.10631673040822472,-4.45802477820372,2.475415989419983,0.0,0.0,300
MZI_null,MZI,MZI_null_03474,0.18356904337697477,0.8478894951259472,0.5719968667529842,0.0,0.0,300
MZI_null,MZI,MZI_null_03475,0.013911459866932843,-3.491092071997726,-3.859472514265276,0.0,0.0,300
MZI_null,MZI,MZI_null_03476,0.054449355514903104,-5.520891177640394,-3.98176278752618,0.0,0.0,300
MZI_null,MZI,MZI_null_03477,0.17293698843072144,3.701947125166261,0.1798854144994424,0.0,0.0,300
MZI_null,MZI,MZI_null_03478,0.16596857284419664,-2.73754495233195,-5.013022558263053,0.0,0.0,300
MZI_null,MZI,MZI_null_03479,0.0918257427927876,-0.2921320301898085,-0.7849943383592677,0.0,0.0,300
MZI_null,MZI,MZI_null_03480,-0.0363563187157667,0.8866317357432938,-3.9571991002824234,0.0,0.0,300
MZI_null,MZI,MZI_null_03481,-0.11606708683359866,-5.024319520281284,-0.7450811120925184,0.0,0.0,300
MZI_null,MZI,MZI_null_03482,-0.16318395181638873,-4.052726541545731,-3.1172666866815937,0.0,0.0,300
MZI_null,MZI,MZI_null_03483,-0.039091249850093726,-6.462123339211931,-0.738385023888199,0.0,0.0,300
MZI_null,MZI,MZI_null_03484,0.18709554759970165,-1.5935258830497143,3.6239634344039615,0.0,0.0,300
MZI_null,MZI,MZI_null_03485,0.20009972788153876,0.33320514174356397,-0.7759424720893431,0.0,0.0,300
MZI_null,MZI,MZI_null_03486,0.0033750582368159356,0.2913993170897795,-2.175011828512097,0.0,0.0,300
MZI_null,MZI,MZI_null_03487,-0.28237811272011953,-0.5239878376911205,-4.393205889804914,0.0,0.0,300
MZI_null,MZI,MZI_null_03488,-0.1443211842285577,-1.999328156012636,-1.2853746326604094,0.0,0.0,300
MZI_null,MZI,MZI_null_03489,-0.21181134094734455,-1.503525307600579,1.8984189825831455,0.0,0.0,300
MZI_null,MZI,MZI_null_03490,-0.16925123553986743,1.817449992546278,-5.680512475389832,0.0,0.0,300
MZI_null,MZI,MZI_null_03491,0.317598621655643,-3.23378129145045,-0.5631490095193262,0.0,0.0,300
MZI_null,MZI,MZI_null_03492,-0.2838050358728505,-2.1864081994079254,-0.31455346684542485,0.0,0.0,300
MZI_null,MZI,MZI_null_03493,-0.012924315614924183,-3.689243231157121,-3.8396935555834446,0.0,0.0,300
MZI_null,MZI,MZI_null_03494,0.16957899293059664,-1.9075785950061497,3.6222571295503165,0.0,0.0,300
MZI_null,MZI,MZI_null_03495,-0.07897235321923844,-3.304384080116651,1.4467827337884889,0.0,0.0,300
MZI_null,MZI,MZI_null_03496,-0.2434462443005346,-5.6403900804587686,2.2924549140594905,0.0,0.0,300
MZI_null,MZI,MZI_null_03497,-0.1757900893834792,-7.457153045907643,4.605581564219273,0.0,0.0,300
MZI_null,MZI,MZI_null_03498,-0.2090726471811308,-1.4476418050154911,-0.7927444218271866,0.0,0.0,300
MZI_null,MZI,MZI_null_03499,-0.4215942474927125,-2.801951069503427,0.34523974843732863,0.0,0.0,300
MZI_null,MZI,MZI_null_03500,0.05314640722782909,0.7105620514105047,-2.162473944716302,0.0,0.0,300
MZI_null,MZI,MZI_null_03501,0.1068756663138241,-4.067987204240215,-5.231402249238325,0.0,0.0,300
MZI_null,MZI,MZI_null_03502,-0.19465925635218487,-6.386331365586244,2.0287579036735814,0.0,0.0,300
MZI_null,MZI,MZI_null_03503,-0.2271860263587835,-1.1778834780520904,-1.797772582217299,0.0,0.0,300
MZI_null,MZI,MZI_null_03504,-0.015397286017594738,2.0908218855991,-2.3152821016458205,0.0,0.0,300
MZI_null,MZI,MZI_null_03505,0.09174023423245249,-1.887309945856665,-1.4560567168980936,0.0,0.0,300
MZI_null,MZI,MZI_null_03506,0.34499536865797104,-6.324025237146109,2.8673955063123344,0.0,0.0,300
MZI_null,MZI,MZI_null_03507,0.09846098482349581,-3.438574983895352,3.8879555523248364,0.0,0.0,300
MZI_null,MZI,MZI_null_03508,-0.27721651685828047,-3.565299971897215,-4.625446612807228,0.0,0.0,300
MZI_null,MZI,MZI_null_03509,0.061812519730719016,-5.339192303561533,0.2991918402239573,0.0,0.0,300
MZI_null,MZI,MZI_null_03510,-0.027965462373233104,-3.438061827968253,0.1659417380999315,0.0,0.0,300
MZI_null,MZI,MZI_null_03511,-0.04029324359070961,-5.265904529177116,7.404118968904935,0.0,0.0,300
MZI_null,MZI,MZI_null_03512,-0.07307507745437168,-8.652827240456045,-3.526296069164166,0.0,0.0,300
MZI_null,MZI,MZI_null_03513,-0.19009150325590954,0.47843684812154663,-0.035042021225242026,0.0,0.0,300
MZI_null,MZI,MZI_null_03514,0.059806920268551625,-3.110067397511733,-1.8380507411707645,0.0,0.0,300
MZI_null,MZI,MZI_null_03515,-0.055639665541150234,-2.243579552406409,1.506000306094506,0.0,0.0,300
MZI_null,MZI,MZI_null_03516,0.050411311875801966,-0.4996615111374001,0.49867672474760827,0.0,0.0,300
MZI_null,MZI,MZI_null_03517,0.13266636560726067,-1.1355498753792361,0.07654421803675637,0.0,0.0,300
MZI_null,MZI,MZI_null_03518,0.1783209361789735,-3.9951377540093365,-3.5672277398545216,0.0,0.0,300
MZI_null,MZI,MZI_null_03519,-0.17788823987802838,-1.4512563091392323,-6.561196723657369,0.0,0.0,300
MZI_null,MZI,MZI_null_03520,0.0693231144089516,-2.3275792835016578,2.4039190994631703,0.0,0.0,300
MZI_null,MZI,MZI_null_03521,-0.10078759656974859,-2.6099548562525205,2.3666099998801062,0.0,0.0,300
MZI_null,MZI,MZI_null_03522,0.20747034701672284,-4.0404570972554605,-0.4546563022385197,0.0,0.0,300
MZI_null,MZI,MZI_null_03523,0.04416284665260722,-0.8790397831365551,-1.7877269779468665,0.0,0.0,300
MZI_null,MZI,MZI_null_03524,0.19220750971854522,-7.669110450864636,-2.263390704403252,0.0,0.0,300
MZI_null,MZI,MZI_null_03525,0.06718960991594204,-0.6283255641519694,3.058277091844289,0.0,0.0,300
MZI_null,MZI,MZI_null_03526,0.17973380898019303,-2.8566248759216712,2.8996137305918137,0.0,0.0,300
MZI_null,MZI,MZI_null_03527,-0.10710626156661823,0.7926621483755123,4.43156743526298,0.0,0.0,300
MZI_null,MZI,MZI_null_03528,0.18224161602824537,-1.6826888494276302,-1.9953363153163668,0.0,0.0,300
MZI_null,MZI,MZI_null_03529,-0.22928869443889294,-1.068381086257388,-4.345651683912758,0.0,0.0,300
MZI_null,MZI,MZI_null_03530,-0.11897019954209051,-5.572237402210015,-2.3811769979699653,0.0,0.0,300
MZI_null,MZI,MZI_null_03531,-0.004195412173047344,-1.1791562565028846,-2.80151990624189,0.0,0.0,300
MZI_null,MZI,MZI_null_03532,0.16039255595927748,-2.624615773969898,-3.3631672997965576,0.0,0.0,300
MZI_null,MZI,MZI_null_03533,0.03394384008651546,3.8906585006314476,0.005481699605353496,0.0,0.0,300
MZI_null,MZI,MZI_null_03534,-0.05442834410604106,-6.582384068356112,-1.658236962916211,0.0,0.0,300
MZI_null,MZI,MZI_null_03535,0.03523921876321734,-3.16274267376671,-5.996153914722999,0.0,0.0,300
MZI_null,MZI,MZI_null_03536,-0.12758480842551506,2.363615382663273,3.302003011191383,0.0,0.0,300
MZI_null,MZI,MZI_null_03537,-0.13299587538068972,0.018270361598265783,-4.5357183543105215,0.0,0.0,300
MZI_null,MZI,MZI_null_03538,0.21064744229924284,-1.2642924563172908,1.8489244958496016,0.0,0.0,300
MZI_null,MZI,MZI_null_03539,-0.2572640020773808,0.03291130577466461,-1.0230221910535104,0.0,0.0,300
MZI_null,MZI,MZI_null_03540,0.1277893606186264,0.744603394293549,-0.8026459315757517,0.0,0.0,300
MZI_null,MZI,MZI_null_03541,-0.0901244458643872,0.3390885465384832,-1.180463498215383,0.0,0.0,300
MZI_null,MZI,MZI_null_03542,-0.13091774302914638,-4.760456694373057,-5.431493248937144,0.0,0.0,300
MZI_null,MZI,MZI_null_03543,-0.07654367393445949,1.308076138223135,-0.4665106008836972,0.0,0.0,300
MZI_null,MZI,MZI_null_03544,-0.0794651558884561,0.41456781454023917,-3.497429865170166,0.0,0.0,300
MZI_null,MZI,MZI_null_03545,0.014302541149916782,-2.538891118176546,1.3373918767650568,0.0,0.0,300
MZI_null,MZI,MZI_null_03546,-0.2365842556379251,-4.550593237443968,-5.914736977283601,0.0,0.0,300
MZI_null,MZI,MZI_null_03547,-0.0389395082713905,1.6342825108972914,-2.5163416289605816,0.0,0.0,300
MZI_null,MZI,MZI_null_03548,-0.07660259072934761,0.6151732725524095,2.2056486753658993,0.0,0.0,300
MZI_null,MZI,MZI_null_03549,-0.013285660090318488,0.054144562149676556,-4.230863622633839,0.0,0.0,300
MZI_null,MZI,MZI_null_03550,0.20669615008881206,4.446118881811154,0.5636473735661744,0.0,0.0,300
MZI_null,MZI,MZI_null_03551,-0.3126497432014201,-3.6746907871933527,0.8384759650079641,0.0,0.0,300
MZI_null,MZI,MZI_null_03552,-0.06322244957495442,1.8165956627502924,0.7644717933075957,0.0,0.0,300
MZI_null,MZI,MZI_null_03553,-0.10597132511486948,-1.9032055676862416,-3.6814996619172704,0.0,0.0,300
MZI_null,MZI,MZI_null_03554,-0.02738773176186627,-3.6637797212976553,2.5242854006991147,0.0,0.0,300
MZI_null,MZI,MZI_null_03555,0.3174018085246492,-6.293564999707256,-6.769648858629257,0.0,0.0,300
MZI_null,MZI,MZI_null_03556,-0.036775863277707856,-6.555247096486047,-0.8613651889872486,0.0,0.0,300
MZI_null,MZI,MZI_null_03557,0.112340417070889,2.482425691800475,-0.39581632385415677,0.0,0.0,300
MZI_null,MZI,MZI_null_03558,-0.02897328372743685,-7.935154749719253,-0.9214445524426047,0.0,0.0,300
MZI_null,MZI,MZI_null_03559,0.010693089082419253,-0.08312955736176408,-3.1254643045872736,0.0,0.0,300
MZI_null,MZI,MZI_null_03560,-0.06525789003537895,-6.434006765912553,-7.873878420652195,0.0,0.0,300
MZI_null,MZI,MZI_null_03561,-0.16627456361951748,-6.71097744275905,0.010136886261833622,0.0,0.0,300
MZI_null,MZI,MZI_null_03562,-0.0777201085000286,-3.6147113902243673,-3.9532391385256362,0.0,0.0,300
MZI_null,MZI,MZI_null_03563,-0.484884814876865,2.524932246242651,-4.000811568330365,0.0,0.0,300
MZI_null,MZI,MZI_null_03564,-0.06186301047748605,-6.364676495867932,1.915791030321902,0.0,0.0,300
MZI_null,MZI,MZI_null_03565,0.021514340555598664,-4.479095855797606,-2.1766888340320714,0.0,0.0,300
MZI_null,MZI,MZI_null_03566,0.2517269883187305,-2.2189082956438346,-1.5452006128477176,0.0,0.0,300
MZI_null,MZI,MZI_null_03567,-0.14120722292088977,-7.683743451416909,-1.4801160207380333,0.0,0.0,300
MZI_null,MZI,MZI_null_03568,0.04882276684869264,1.2987533929830084,-7.745489603498966,0.0,0.0,300
MZI_null,MZI,MZI_null_03569,-0.16876444905345434,-3.742223271669351,-1.0104425457196056,0.0,0.0,300
MZI_null,MZI,MZI_null_03570,-0.021755053729263365,-2.3650660570618087,0.22428817570983361,0.0,0.0,300
MZI_null,MZI,MZI_null_03571,-0.13549396661686638,0.8024243267010838,0.30035732509844215,0.0,0.0,300
MZI_null,MZI,MZI_null_03572,-0.0479748396192119,2.802723975666746,3.669248106715301,0.0,0.0,300
MZI_null,MZI,MZI_null_03573,0.13993430327907128,-11.055670311703377,3.736835278153926,0.0,0.0,300
MZI_null,MZI,MZI_null_03574,0.11921377837079011,4.0192259131388095,2.7123937752006153,0.0,0.0,300
MZI_null,MZI,MZI_null_03575,0.23675140162459282,0.6359645505411371,3.0460795959365363,0.0,0.0,300
MZI_null,MZI,MZI_null_03576,0.299118561110166,-1.3503357848653825,-5.716691632234389,0.0,0.0,300
MZI_null,MZI,MZI_null_03577,-0.04611913500227132,-0.8301632018496898,-0.7753372468853268,0.0,0.0,300
MZI_null,MZI,MZI_null_03578,-0.18698429492391397,-6.893202875584937,-3.2234880059044877,0.0,0.0,300
MZI_null,MZI,MZI_null_03579,0.12116093339762266,2.741019312468908,1.7497028413331037,0.0,0.0,300
MZI_null,MZI,MZI_null_03580,0.1586140930671204,-2.242446719490673,-6.226247373117892,0.0,0.0,300
MZI_null,MZI,MZI_null_03581,-0.0682830871324058,-2.7762932356171364,-2.491157460507047,0.0,0.0,300
MZI_null,MZI,MZI_null_03582,0.008204229806193923,-0.6757407203211485,1.5590455647304928,0.0,0.0,300
MZI_null,MZI,MZI_null_03583,-0.04171797965495011,-7.71127821693378,-2.4486331578734046,0.0,0.0,300
MZI_null,MZI,MZI_null_03584,0.006556559548797577,1.6684237664002248,-2.7034235265523163,0.0,0.0,300
MZI_null,MZI,MZI_null_03585,0.07688154425991027,-1.129736301093703,-0.8682984006298347,0.0,0.0,300
MZI_null,MZI,MZI_null_03586,0.13957999789868872,-3.9825235902577423,-2.725559348930549,0.0,0.0,300
MZI_null,MZI,MZI_null_03587,-0.0017851234641342146,-3.920439515281099,0.524036873163799,0.0,0.0,300
MZI_null,MZI,MZI_null_03588,-0.10697884565491991,-1.3210873767645968,-1.3005183063602699,0.0,0.0,300
MZI_null,MZI,MZI_null_03589,0.03223889471650585,-3.3792241851891176,-2.017264883580481,0.0,0.0,300
MZI_null,MZI,MZI_null_03590,0.014401390199557494,-1.393776481516062,-1.0126057461734683,0.0,0.0,300
MZI_null,MZI,MZI_null_03591,0.25580435347696256,-4.972210756223853,-1.1926113848581408,0.0,0.0,300
MZI_null,MZI,MZI_null_03592,-0.2360443533175477,-0.8837555639978412,-4.345739609130442,0.0,0.0,300
MZI_null,MZI,MZI_null_03593,-0.04174653838148644,-3.116192975993978,-0.15732662019648558,0.0,0.0,300
MZI_null,MZI,MZI_null_03594,-0.08291863763177701,-3.785917093081947,3.307569392257694,0.0,0.0,300
MZI_null,MZI,MZI_null_03595,0.042685018571178936,-3.683152556066804,-1.7525010154336926,0.0,0.0,300
MZI_null,MZI,MZI_null_03596,0.24680324284061173,-2.705494634753291,-3.067829869457163,0.0,0.0,300
MZI_null,MZI,MZI_null_03597,-0.1027494225189589,-3.6473794429687323,-2.783493167280167,0.0,0.0,300
MZI_null,MZI,MZI_null_03598,-0.19194717725238644,-5.372600290840934,-3.48796112308411,0.0,0.0,300
MZI_null,MZI,MZI_null_03599,0.08873565276796465,-3.1437118618186206,-1.6214850672821206,0.0,0.0,300
MZI_null,MZI,MZI_null_03600,0.19051320378823453,1.8850214498152544,-1.8463748294132047,0.0,0.0,300
MZI_null,MZI,MZI_null_03601,-0.09462952660251134,-4.593290941020614,1.0783273091247132,0.0,0.0,300
MZI_null,MZI,MZI_null_03602,-0.03070608502834316,-3.1594846709683706,-3.440993725412658,0.0,0.0,300
MZI_null,MZI,MZI_null_03603,-0.11544996135170826,-1.0398254255202664,-4.9463147976617865,0.0,0.0,300
MZI_null,MZI,MZI_null_03604,0.14923030406819077,-3.6015339314447554,-1.4489078327553777,0.0,0.0,300
MZI_null,MZI,MZI_null_03605,-0.20054669372108314,-2.0370978147270935,-1.9849628280716796,0.0,0.0,300
MZI_null,MZI,MZI_null_03606,-0.007512089828469995,2.4151266950856716,-0.4669058626292806,0.0,0.0,300
MZI_null,MZI,MZI_null_03607,-0.11919887762187059,-4.133959731639704,0.7853935577413056,0.0,0.0,300
MZI_null,MZI,MZI_null_03608,0.19480399364901357,-1.15424593774685,1.0661382336643084,0.0,0.0,300
MZI_null,MZI,MZI_null_03609,0.09146065850050576,2.2571932400725627,-6.848770518178098,0.0,0.0,300
MZI_null,MZI,MZI_null_03610,0.10008284089567923,0.9512081317106915,-5.016171118406721,0.0,0.0,300
MZI_null,MZI,MZI_null_03611,-0.1328502276009624,-4.55234824588446,-3.1863705891321503,0.0,0.0,300
MZI_null,MZI,MZI_null_03612,-0.07225755764032889,-1.2721915608351755,1.5970239535021094,0.0,0.0,300
MZI_null,MZI,MZI_null_03613,0.16219754366528047,-4.513469183503346,-3.534108996108948,0.0,0.0,300
MZI_null,MZI,MZI_null_03614,0.19737327600243343,-0.05976819374406661,-0.7514054743930116,0.0,0.0,300
MZI_null,MZI,MZI_null_03615,0.07100050133324506,-2.0894113455543217,0.5737540491428439,0.0,0.0,300
MZI_null,MZI,MZI_null_03616,-0.050410004475861074,-1.1935851966823074,-5.531638151108488,0.0,0.0,300
MZI_null,MZI,MZI_null_03617,-0.10316764422381465,-4.0310335303710305,-2.1231700996207423,0.0,0.0,300
MZI_null,MZI,MZI_null_03618,-0.13897698821696222,-3.6006308774692455,-5.543242187194362,0.0,0.0,300
MZI_null,MZI,MZI_null_03619,0.08230507145923503,-2.2475405567341835,-6.11562282332805,0.0,0.0,300
MZI_null,MZI,MZI_null_03620,-0.12522448658200097,-0.9901957173134994,-2.629065839157369,0.0,0.0,300
MZI_null,MZI,MZI_null_03621,-0.10454121902071449,-2.223778031024229,0.030792605534648576,0.0,0.0,300
MZI_null,MZI,MZI_null_03622,-0.2154528685558741,-0.34961455634636174,-3.4008798448221302,0.0,0.0,300
MZI_null,MZI,MZI_null_03623,-0.002689195237469809,-2.1062604220745285,-2.5811983547193225,0.0,0.0,300
MZI_null,MZI,MZI_null_03624,-0.15354896191960715,-2.8570596442767906,3.875990927225585,0.0,0.0,300
MZI_null,MZI,MZI_null_03625,-0.20425125456954463,3.076939057314627,-1.7791635132295973,0.0,0.0,300
MZI_null,MZI,MZI_null_03626,0.005305712563295868,-5.2601324341541815,-3.3138082500324426,0.0,0.0,300
MZI_null,MZI,MZI_null_03627,-0.07543644750570287,-5.137084912633736,-1.6267538721126154,0.0,0.0,300
MZI_null,MZI,MZI_null_03628,-0.06105238377101566,3.5523434273072,-4.497922557041383,0.0,0.0,300
MZI_null,MZI,MZI_null_03629,0.015403577512288089,-1.2564611542945259,-4.210961645955512,0.0,0.0,300
MZI_null,MZI,MZI_null_03630,0.10302412431792578,-3.194981038644884,-8.477168954749201,0.0,0.0,300
MZI_null,MZI,MZI_null_03631,0.09897744181568476,-5.350822652307091,-4.143324838417297,0.0,0.0,300
MZI_null,MZI,MZI_null_03632,0.10318531243385973,-3.0414844472553493,1.7533164516545008,0.0,0.0,300
MZI_null,MZI,MZI_null_03633,0.1815249143047978,-3.934785380966894,1.3797874878650918,0.0,0.0,300
MZI_null,MZI,MZI_null_03634,-0.11331912020893227,4.69934775139653,-3.0788710135936452,0.0,0.0,300
MZI_null,MZI,MZI_null_03635,0.1539131161440006,0.531370077644727,-0.051736533673198526,0.0,0.0,300
MZI_null,MZI,MZI_null_03636,-0.10058147421250246,-2.4541924758242275,-7.4607643388336555,0.0,0.0,300
MZI_null,MZI,MZI_null_03637,0.03366300575733755,-0.9511540069148441,-0.5995017428158855,0.0,0.0,300
MZI_null,MZI,MZI_null_03638,-0.44599592569388363,-5.796909335269433,-3.244272948545988,0.0,0.0,300
MZI_null,MZI,MZI_null_03639,0.043748839978356914,-1.1319832830710466,-1.5106713759135377,0.0,0.0,300
MZI_null,MZI,MZI_null_03640,0.0952868304905935,-5.0787271259087,0.8307050170819887,0.0,0.0,300
MZI_null,MZI,MZI_null_03641,0.07121131572598366,-0.8673358014862684,-1.5461212932569675,0.0,0.0,300
MZI_null,MZI,MZI_null_03642,0.27461157372468925,-0.5204129345303641,-3.9050075897606766,0.0,0.0,300
MZI_null,MZI,MZI_null_03643,0.03724582136039763,0.25745013122265537,-2.764325796772929,0.0,0.0,300
MZI_null,MZI,MZI_null_03644,0.16339083703966484,-0.853898882851968,-8.02743501299604,0.0,0.0,300
MZI_null,MZI,MZI_null_03645,0.04495079660068895,-3.218087463238146,0.6115394436252082,0.0,0.0,300
MZI_null,MZI,MZI_null_03646,0.14163222603777215,-1.414513858574546,3.995756701834087,0.0,0.0,300
MZI_null,MZI,MZI_null_03647,-0.026806032684524358,-0.1255465308383743,1.414827720912042,0.0,0.0,300
MZI_null,MZI,MZI_null_03648,-0.014601895333909912,0.33632292393334673,-2.784018961486506,0.0,0.0,300
MZI_null,MZI,MZI_null_03649,-0.06338526285318277,-5.937466071008937,-0.27577265088985914,0.0,0.0,300
MZI_null,MZI,MZI_null_03650,0.048787751378151605,1.5377894757376875,1.3734200130676508,0.0,0.0,300
MZI_null,MZI,MZI_null_03651,-0.04271933349711497,-5.534539062002831,0.2985512075599219,0.0,0.0,300
MZI_null,MZI,MZI_null_03652,0.16661297586219628,0.26555492141183024,2.2534325745718626,0.0,0.0,300
MZI_null,MZI,MZI_null_03653,-0.03178342967973638,-3.3998569045269367,-3.210704056695397,0.0,0.0,300
MZI_null,MZI,MZI_null_03654,-0.008384469992039326,-2.2357723879064584,-0.3799671143826514,0.0,0.0,300
MZI_null,MZI,MZI_null_03655,-0.019394618555326197,-2.4008831891803135,-3.3300821589164316,0.0,0.0,300
MZI_null,MZI,MZI_null_03656,0.1412428520327236,-1.770445813268866,-1.5233318028558465,0.0,0.0,300
MZI_null,MZI,MZI_null_03657,-0.1121143879873807,-5.995739331173258,2.923892577648031,0.0,0.0,300
MZI_null,MZI,MZI_null_03658,0.08319580621977107,-6.8717535277099016,1.2894269021289708,0.0,0.0,300
MZI_null,MZI,MZI_null_03659,0.13837217553496636,-1.6268716330972115,3.7943326872552765,0.0,0.0,300
MZI_null,MZI,MZI_null_03660,0.03250794631843244,-6.250470583847569,0.09550700314496297,0.0,0.0,300
MZI_null,MZI,MZI_null_03661,0.036734595256909384,-3.809890546334465,0.7206765106322752,0.0,0.0,300
MZI_null,MZI,MZI_null_03662,-0.2501497899286293,0.9717004823283686,-3.6343651108163577,0.0,0.0,300
MZI_null,MZI,MZI_null_03663,-0.14774191876755485,-2.341474316922431,0.2989187841309062,0.0,0.0,300
MZI_null,MZI,MZI_null_03664,0.02458860953901444,-4.227977497317134,-2.5182678735756654,0.0,0.0,300
MZI_null,MZI,MZI_null_03665,-0.1699563521066193,-2.6740397048896103,2.225063643532729,0.0,0.0,300
MZI_null,MZI,MZI_null_03666,-0.0006394406465814246,0.5782427642783592,3.3662040131785744,0.0,0.0,300
MZI_null,MZI,MZI_null_03667,-0.08820277785554505,-2.559719759166094,5.513578583187485,0.0,0.0,300
MZI_null,MZI,MZI_null_03668,0.21665151179699177,-7.017213577437058,0.1614449481827196,0.0,0.0,300
MZI_null,MZI,MZI_null_03669,8.399885095430995e-05,0.47935933257628704,-3.234936302455166,0.0,0.0,300
MZI_null,MZI,MZI_null_03670,-0.12594125580610083,-4.028212145880829,-2.7157856385952983,0.0,0.0,300
MZI_null,MZI,MZI_null_03671,0.12229862502135212,-5.54360351944664,-2.867841699877957,0.0,0.0,300
MZI_null,MZI,MZI_null_03672,-0.26835185857521615,1.021353470237119,2.813090298293422,0.0,0.0,300
MZI_null,MZI,MZI_null_03673,-0.049061014629567974,-2.8938480944396687,0.3596657068486917,0.0,0.0,300
MZI_null,MZI,MZI_null_03674,0.22117230110673833,-0.7741677573082484,-3.0926258274253438,0.0,0.0,300
MZI_null,MZI,MZI_null_03675,-0.24282338579796606,-5.345378787990463,-0.7803416490626048,0.0,0.0,300
MZI_null,MZI,MZI_null_03676,-0.09829912848011915,-1.4150968820277243,-2.658772048708702,0.0,0.0,300
MZI_null,MZI,MZI_null_03677,-0.15872196469416172,-5.531094894359214,3.6870635281196886,0.0,0.0,300
MZI_null,MZI,MZI_null_03678,0.13334816237754646,3.1915538554838756,0.6198527022653086,0.0,0.0,300
MZI_null,MZI,MZI_null_03679,-0.06449871129222585,1.970022767469814,-1.0992040040853035,0.0,0.0,300
MZI_null,MZI,MZI_null_03680,0.033126265543552844,-2.128473137226557,-9.840712657852043,0.0,0.0,300
MZI_null,MZI,MZI_null_03681,0.24071025184422795,-0.5269881621267398,-0.010530817394469816,0.0,0.0,300
MZI_null,MZI,MZI_null_03682,-0.009266409340584104,-1.509716538841607,-2.791836807538743,0.0,0.0,300
MZI_null,MZI,MZI_null_03683,0.09248690284609067,-5.9212950331973975,-0.4417947025883593,0.0,0.0,300
MZI_null,MZI,MZI_null_03684,0.08423602058566568,-2.596007401468709,0.11260337741307413,0.0,0.0,300
MZI_null,MZI,MZI_null_03685,-0.14870015883513754,-4.897480312687892,-0.2898486369208205,0.0,0.0,300
MZI_null,MZI,MZI_null_03686,0.10178244819315775,-7.624596966505132,0.5660619053322997,0.0,0.0,300
MZI_null,MZI,MZI_null_03687,-0.08148022505645056,-2.5784182619222373,-5.018553770695112,0.0,0.0,300
MZI_null,MZI,MZI_null_03688,-0.12774258602800623,0.898375976590934,-0.9014098780593605,0.0,0.0,300
MZI_null,MZI,MZI_null_03689,-0.057416760256433774,-2.3494650578931044,0.4676354739929036,0.0,0.0,300
MZI_null,MZI,MZI_null_03690,0.06607417442450066,-2.2250810011904028,2.278877332690005,0.0,0.0,300
MZI_null,MZI,MZI_null_03691,0.1455693955359999,-0.7598839126088128,-0.8361646512697887,0.0,0.0,300
MZI_null,MZI,MZI_null_03692,0.09859816426793086,-1.0571977345964498,2.182400215417843,0.0,0.0,300
MZI_null,MZI,MZI_null_03693,0.13493420651074614,-5.054761704253186,-4.257889512225119,0.0,0.0,300
MZI_null,MZI,MZI_null_03694,-0.10518743166061144,0.9284160702007633,-5.728926990313736,0.0,0.0,300
MZI_null,MZI,MZI_null_03695,0.05921360836619899,-0.9123707267211159,2.487944176058578,0.0,0.0,300
MZI_null,MZI,MZI_null_03696,0.027050803599583114,-6.0296281717517015,-3.8780648819443684,0.0,0.0,300
MZI_null,MZI,MZI_null_03697,-0.17729932828467368,-3.613831898999421,-1.5487047022717806,0.0,0.0,300
MZI_null,MZI,MZI_null_03698,-0.17481622893315854,2.4119859719568684,-4.975844115857323,0.0,0.0,300
MZI_null,MZI,MZI_null_03699,0.20191551357937207,1.5554890943180215,1.694907649067106,0.0,0.0,300
MZI_null,MZI,MZI_null_03700,-0.10406499112451256,-0.9726473624692957,-4.832113400651854,0.0,0.0,300
MZI_null,MZI,MZI_null_03701,0.1366360552550624,-2.2219543446088066,-2.2279606437600554,0.0,0.0,300
MZI_null,MZI,MZI_null_03702,-0.1835617269984404,-9.432518355887051,-4.115622571107268,0.0,0.0,300
MZI_null,MZI,MZI_null_03703,0.16691972934193597,-3.208500285424412,-1.507986571345142,0.0,0.0,300
MZI_null,MZI,MZI_null_03704,0.09833315374326791,3.4170066343487955,2.975013964836916,0.0,0.0,300
MZI_null,MZI,MZI_null_03705,-0.1458502505724282,-7.827711714312219,6.078842777300311,0.0,0.0,300
MZI_null,MZI,MZI_null_03706,0.340348741748918,-1.434639210712152,-4.811464736745465,0.0,0.0,300
MZI_null,MZI,MZI_null_03707,0.14448398008409088,-2.3239510580378306,-1.3389433693198316,0.0,0.0,300
MZI_null,MZI,MZI_null_03708,0.13416882646576936,-0.9968757593801043,-4.557444733044836,0.0,0.0,300
MZI_null,MZI,MZI_null_03709,-0.04871129026229608,-0.016541214015960204,0.5307566672150557,0.0,0.0,300
MZI_null,MZI,MZI_null_03710,0.03930248615377136,0.8002688634275925,-2.0851509634517935,0.0,0.0,300
MZI_null,MZI,MZI_null_03711,0.026800466282860806,-12.1267373005328,-2.3489505815284417,0.0,0.0,300
MZI_null,MZI,MZI_null_03712,0.11458543628634665,-3.1711834013514277,-2.398682175151336,0.0,0.0,300
MZI_null,MZI,MZI_null_03713,-0.15621794276622278,1.010097678187437,0.6453898206217121,0.0,0.0,300
MZI_null,MZI,MZI_null_03714,0.12381218967346273,-7.1786418858736685,-1.4813501297969018,0.0,0.0,300
MZI_null,MZI,MZI_null_03715,-0.042016651162500925,-2.8417151197956576,-2.8480826311538676,0.0,0.0,300
MZI_null,MZI,MZI_null_03716,-0.05191564076700229,0.5489343481199551,-6.738554060043488,0.0,0.0,300
MZI_null,MZI,MZI_null_03717,0.26659421520456805,-0.5484766249206157,-1.1269956869806383,0.0,0.0,300
MZI_null,MZI,MZI_null_03718,0.13602512195593894,-6.355504235505305,-2.994102715453042,0.0,0.0,300
MZI_null,MZI,MZI_null_03719,-0.018161314858583077,2.0966811112965322,-1.1394897433796738,0.0,0.0,300
MZI_null,MZI,MZI_null_03720,0.06750820067777194,-3.768736987808383,0.4605262069024729,0.0,0.0,300
MZI_null,MZI,MZI_null_03721,0.2515859389461685,0.9865800750223421,-1.2443679633336382,0.0,0.0,300
MZI_null,MZI,MZI_null_03722,0.10132362708982046,-0.26744913617836463,0.5197630150918271,0.0,0.0,300
MZI_null,MZI,MZI_null_03723,0.1667930041290613,1.3134331115123992,-1.3814757906246529,0.0,0.0,300
MZI_null,MZI,MZI_null_03724,0.09628185922166538,-3.1492847634793812,-3.7692171889467327,0.0,0.0,300
MZI_null,MZI,MZI_null_03725,-0.040424063355597964,-2.228834455218748,-5.984742967533976,0.0,0.0,300
MZI_null,MZI,MZI_null_03726,0.12904988391250805,-10.301976267807195,7.144450818458964,0.0,0.0,300
MZI_null,MZI,MZI_null_03727,0.22528187006944783,-2.7830261725169407,-0.9717209183086802,0.0,0.0,300
MZI_null,MZI,MZI_null_03728,0.04544578103809247,-3.767481163966826,-0.4221425572391909,0.0,0.0,300
MZI_null,MZI,MZI_null_03729,-0.021599996655249164,-2.282818151692898,-0.4556168095580839,0.0,0.0,300
MZI_null,MZI,MZI_null_03730,-0.19702916975309914,-1.8812908275990556,-0.5096567601475683,0.0,0.0,300
MZI_null,MZI,MZI_null_03731,0.019327443203387144,-2.6474922663084635,2.4135733279081153,0.0,0.0,300
MZI_null,MZI,MZI_null_03732,-0.053047883232232675,-1.318022279530429,2.891892601776637,0.0,0.0,300
MZI_null,MZI,MZI_null_03733,-0.011906421003046843,-1.356610197597346,-1.2891539089446913,0.0,0.0,300
MZI_null,MZI,MZI_null_03734,0.18560546903453987,-2.773173684758886,2.8500637318646165,0.0,0.0,300
MZI_null,MZI,MZI_null_03735,-0.015538184197059704,-4.57837917034405,1.0381195117223632,0.0,0.0,300
MZI_null,MZI,MZI_null_03736,-0.045700175063348406,-0.1384973027025116,-9.188213154771201,0.0,0.0,300
MZI_null,MZI,MZI_null_03737,0.0007807892842419572,-3.3788158962724415,-4.189776059593834,0.0,0.0,300
MZI_null,MZI,MZI_null_03738,-0.08298615027596991,-3.7211094328779546,-1.1439573845517435,0.0,0.0,300
MZI_null,MZI,MZI_null_03739,-0.20509896919274337,-1.051178659220859,3.098644355617364,0.0,0.0,300
MZI_null,MZI,MZI_null_03740,0.04213927454217395,0.42696582768702696,2.283687363841387,0.0,0.0,300
MZI_null,MZI,MZI_null_03741,0.18547342682762652,3.610416078463916,-2.497605994827791,0.0,0.0,300
MZI_null,MZI,MZI_null_03742,-0.10777259777416746,0.3503969449742037,1.1247986589721992,0.0,0.0,300
MZI_null,MZI,MZI_null_03743,0.11635129494235338,3.6678473627507557,-0.9658902736045175,0.0,0.0,300
MZI_null,MZI,MZI_null_03744,0.06392348394692773,-4.9411647544504245,5.405963371927873,0.0,0.0,300
MZI_null,MZI,MZI_null_03745,-0.05048173818136665,-2.92464778448249,-2.040249673024728,0.0,0.0,300
MZI_null,MZI,MZI_null_03746,-0.09673437879665066,-4.188311146542947,-2.5711128486685757,0.0,0.0,300
MZI_null,MZI,MZI_null_03747,-0.2048693892076417,-4.355953760789715,4.846889334342857,0.0,0.0,300
MZI_null,MZI,MZI_null_03748,0.11034827154620529,0.777712530183154,2.5316263622507442,0.0,0.0,300
MZI_null,MZI,MZI_null_03749,0.2751201846543586,-7.314267654331532,-4.689649345859622,0.0,0.0,300
MZI_null,MZI,MZI_null_03750,-0.12055854913420279,-3.409189389468793,-1.901708171755747,0.0,0.0,300
MZI_null,MZI,MZI_null_03751,-0.06704663292090611,-1.3420732606038377,-0.8941138277643523,0.0,0.0,300
MZI_null,MZI,MZI_null_03752,-0.10842521927673744,-8.52664633096271,-3.9786061161360946,0.0,0.0,300
MZI_null,MZI,MZI_null_03753,-0.08238579799688629,-2.7412383104231584,-4.389002377931611,0.0,0.0,300
MZI_null,MZI,MZI_null_03754,-0.07362096997446302,-5.392962165456759,-1.377458054644999,0.0,0.0,300
MZI_null,MZI,MZI_null_03755,-0.1609636992543923,-4.546713969111393,-4.926052392967417,0.0,0.0,300
MZI_null,MZI,MZI_null_03756,-0.02302510433546758,-4.599343309857195,1.720352800026288,0.0,0.0,300
MZI_null,MZI,MZI_null_03757,0.060877540003934846,-2.209555604550929,-3.392456492031366,0.0,0.0,300
MZI_null,MZI,MZI_null_03758,0.05707804579744543,0.07210266804591114,-0.5719347633951092,0.0,0.0,300
MZI_null,MZI,MZI_null_03759,0.24055527832003956,-0.6210880457755521,1.7408216527041027,0.0,0.0,300
MZI_null,MZI,MZI_null_03760,0.02003481233039673,0.026993359770929537,-3.390343698007526,0.0,0.0,300
MZI_null,MZI,MZI_null_03761,-0.06875975448191907,-0.9519093395528608,0.026298444672144816,0.0,0.0,300
MZI_null,MZI,MZI_null_03762,0.07614177344148712,1.3011786768361873,-5.2749135154462365,0.0,0.0,300
MZI_null,MZI,MZI_null_03763,-0.14616788214154441,-1.3112820767772406,-3.1730908954103825,0.0,0.0,300
MZI_null,MZI,MZI_null_03764,0.5066652361934043,-0.45284114248959195,-1.2349925467904717,0.0,0.0,300
MZI_null,MZI,MZI_null_03765,-0.07732039096257887,-3.440486849579133,-0.9095780160544679,0.0,0.0,300
MZI_null,MZI,MZI_null_03766,0.01679728989318866,-3.370097434080539,-1.8194567395597052,0.0,0.0,300
MZI_null,MZI,MZI_null_03767,0.20164268628518947,2.1535148879531025,-0.24389806019536886,0.0,0.0,300
MZI_null,MZI,MZI_null_03768,-0.20118895908551065,-0.3844905300828696,3.662847324833078,0.0,0.0,300
MZI_null,MZI,MZI_null_03769,0.2054671652943568,0.2032775584290012,3.2672688658574653,0.0,0.0,300
MZI_null,MZI,MZI_null_03770,0.008007640871853263,-0.11569109049888526,-3.0423266989755406,0.0,0.0,300
MZI_null,MZI,MZI_null_03771,0.04383981842335682,1.9886027319115733,-2.7682702344606733,0.0,0.0,300
MZI_null,MZI,MZI_null_03772,-0.12921651441964296,-1.7075331829289095,-1.6799866111719988,0.0,0.0,300
MZI_null,MZI,MZI_null_03773,0.09737215816056306,-3.359778577841127,4.155318846808142,0.0,0.0,300
MZI_null,MZI,MZI_null_03774,-0.19345141469415836,1.7612043586592039,-3.2945476849243094,0.0,0.0,300
MZI_null,MZI,MZI_null_03775,-0.2693974101876035,-1.2863745309533978,-1.7638239580416508,0.0,0.0,300
MZI_null,MZI,MZI_null_03776,-0.1664414051854546,-7.044130675145793,-1.0250823618143703,0.0,0.0,300
MZI_null,MZI,MZI_null_03777,0.14637553374357268,-0.24513952074066703,-0.8298800534822035,0.0,0.0,300
MZI_null,MZI,MZI_null_03778,0.07182713598266026,-2.081642397133571,-5.2891727290911135,0.0,0.0,300
MZI_null,MZI,MZI_null_03779,-0.21313409778351647,-2.609505586954037,-1.4819598590982235,0.0,0.0,300
MZI_null,MZI,MZI_null_03780,0.12764740177601477,0.27191267132424146,0.8153990472768482,0.0,0.0,300
MZI_null,MZI,MZI_null_03781,-0.04204240696157711,-6.141956510330418,0.23621341119807182,0.0,0.0,300
MZI_null,MZI,MZI_null_03782,0.07877539698932526,-9.165594387433057,-3.503014559747988,0.0,0.0,300
MZI_null,MZI,MZI_null_03783,-0.1036581566090844,-1.6449493966296913,-3.4100812982970816,0.0,0.0,300
MZI_null,MZI,MZI_null_03784,-0.005720185323696055,-2.6316048210589758,-1.4774484146131837,0.0,0.0,300
MZI_null,MZI,MZI_null_03785,-0.10745914405511192,-3.9169551622000327,-4.240801179342078,0.0,0.0,300
MZI_null,MZI,MZI_null_03786,0.0570101160860748,-0.28669211422589513,-3.3118538503760164,0.0,0.0,300
MZI_null,MZI,MZI_null_03787,0.22809601440255667,-2.9438043423261466,3.5905568713896825,0.0,0.0,300
MZI_null,MZI,MZI_null_03788,-0.0963190760747405,-8.079733329798307,0.20659347473705392,0.0,0.0,300
MZI_null,MZI,MZI_null_03789,0.037281765767848085,-1.8968186140772507,-2.926697435331968,0.0,0.0,300
MZI_null,MZI,MZI_null_03790,-0.005185833822872852,-3.533778373608582,-1.907048698995252,0.0,0.0,300
MZI_null,MZI,MZI_null_03791,0.12624483836476125,-1.4473483114097196,0.8298541619959319,0.0,0.0,300
MZI_null,MZI,MZI_null_03792,-0.03478027599386849,-3.026052037414325,-4.460447592665931,0.0,0.0,300
MZI_null,MZI,MZI_null_03793,-0.055505491885229546,-11.963343666767416,-2.7706658989169046,0.0,0.0,300
MZI_null,MZI,MZI_null_03794,-0.012281126578625857,-0.3089790371895318,-1.8060336325748703,0.0,0.0,300
MZI_null,MZI,MZI_null_03795,0.05215103133674991,-8.539365984170736,-1.1705105566208491,0.0,0.0,300
MZI_null,MZI,MZI_null_03796,-0.2519254189370105,-5.624910546977998,-1.5614966435915827,0.0,0.0,300
MZI_null,MZI,MZI_null_03797,0.19143959818103315,-0.8863797095898236,-0.9453070085886486,0.0,0.0,300
MZI_null,MZI,MZI_null_03798,-0.0029295584200653303,-4.140886679613402,-2.631950240118051,0.0,0.0,300
MZI_null,MZI,MZI_null_03799,0.06410640682061958,-6.156081555333483,0.7791621508490634,0.0,0.0,300
MZI_null,MZI,MZI_null_03800,-0.05827606006782791,0.4766712246086957,1.8832803716962498,0.0,0.0,300
MZI_null,MZI,MZI_null_03801,-0.250962601875861,-3.7447422896816542,-3.566583063821871,0.0,0.0,300
MZI_null,MZI,MZI_null_03802,-0.2719091947609714,-5.097599828628232,6.323767535796019,0.0,0.0,300
MZI_null,MZI,MZI_null_03803,0.09142648443186602,3.7518639058172623,1.487295320055007,0.0,0.0,300
MZI_null,MZI,MZI_null_03804,-0.11127647415127132,-3.145313590022129,0.7653085407209219,0.0,0.0,300
MZI_null,MZI,MZI_null_03805,0.06562593052095544,-3.732026047125001,-5.52997951173762,0.0,0.0,300
MZI_null,MZI,MZI_null_03806,0.4931641781083108,-2.423449017028417,-1.9772166795478598,0.0,0.0,300
MZI_null,MZI,MZI_null_03807,0.017000169585795276,-2.728185767933086,-0.6318132768835489,0.0,0.0,300
MZI_null,MZI,MZI_null_03808,0.19304209291746288,-2.3736454390592714,-4.488131317983284,0.0,0.0,300
MZI_null,MZI,MZI_null_03809,-0.02424656917179164,-3.3932053442297323,3.2716968117405543,0.0,0.0,300
MZI_null,MZI,MZI_null_03810,0.1756678597106356,-1.6774249987076035,-4.836207564457769,0.0,0.0,300
MZI_null,MZI,MZI_null_03811,-0.18388383951599188,-1.954630215246339,0.00896890796384242,0.0,0.0,300
MZI_null,MZI,MZI_null_03812,-0.05619342289890823,-3.440508752621702,-2.7783976995359407,0.0,0.0,300
MZI_null,MZI,MZI_null_03813,-0.0035090940365919334,-9.148287056219194,-4.303979886309129,0.0,0.0,300
MZI_null,MZI,MZI_null_03814,-0.09405762681710259,1.622509584855762,-3.441440925786788,0.0,0.0,300
MZI_null,MZI,MZI_null_03815,0.027070221274680967,-1.320371747207012,2.893749516982287,0.0,0.0,300
MZI_null,MZI,MZI_null_03816,0.18938661104462254,-2.172508906384749,-2.4264542235683284,0.0,0.0,300
MZI_null,MZI,MZI_null_03817,-0.09957496542385354,-2.723189667397343,-2.3021000629708,0.0,0.0,300
MZI_null,MZI,MZI_null_03818,0.08304411140373479,-0.7390705475443871,0.7754035734350473,0.0,0.0,300
MZI_null,MZI,MZI_null_03819,0.18889255671542524,3.5886073642005307,-0.6260098197773294,0.0,0.0,300
MZI_null,MZI,MZI_null_03820,0.164919565709348,-3.0549805515026454,2.5550209507490473,0.0,0.0,300
MZI_null,MZI,MZI_null_03821,0.15922637357637662,1.0252479098289742,-0.7177904764254284,0.0,0.0,300
MZI_null,MZI,MZI_null_03822,-0.10025372459863331,-6.18358531359643,-1.1201116225632979,0.0,0.0,300
MZI_null,MZI,MZI_null_03823,0.22995188133737743,-2.9295347040922195,1.3553797563801635,0.0,0.0,300
MZI_null,MZI,MZI_null_03824,0.12659271007783968,-2.851058662781518,2.9490345125585584,0.0,0.0,300
MZI_null,MZI,MZI_null_03825,-0.4362991116720755,-5.668250836214525,-3.746896889075379,0.0,0.0,300
MZI_null,MZI,MZI_null_03826,-0.12295725343010847,-0.9912111464423135,-0.12988659083829446,0.0,0.0,300
MZI_null,MZI,MZI_null_03827,0.05909858582625118,-0.21175551760253897,-3.850313707436948,0.0,0.0,300
MZI_null,MZI,MZI_null_03828,-0.18272641002109782,-0.8110409539764112,-2.890696220939317,0.0,0.0,300
MZI_null,MZI,MZI_null_03829,-0.23557125680519558,0.9140328536244446,3.185305719506893,0.0,0.0,300
MZI_null,MZI,MZI_null_03830,0.23357413345479888,-1.4389768355758392,0.8777962879187076,0.0,0.0,300
MZI_null,MZI,MZI_null_03831,0.20548023350428662,-3.9242473700703027,2.332033052162276,0.0,0.0,300
MZI_null,MZI,MZI_null_03832,0.0413094351214813,0.7411349570277732,-0.4417209373721942,0.0,0.0,300
MZI_null,MZI,MZI_null_03833,0.19443850646220026,-1.3294287123753894,-5.451937178402253,0.0,0.0,300
MZI_null,MZI,MZI_null_03834,0.2177889948472083,-4.842592222916336,2.759174630731743,0.0,0.0,300
MZI_null,MZI,MZI_null_03835,-0.013536432216048305,1.5280329555931198,2.4043058446002954,0.0,0.0,300
MZI_null,MZI,MZI_null_03836,0.06452144614730569,-0.47439404711860766,0.26788585157769784,0.0,0.0,300
MZI_null,MZI,MZI_null_03837,-0.30207371344216166,-1.6450093433053934,-4.3481925282156855,0.0,0.0,300
MZI_null,MZI,MZI_null_03838,0.02567807156184944,-5.428827639149646,-4.554855823678225,0.0,0.0,300
MZI_null,MZI,MZI_null_03839,0.24074017526308528,1.208342164372569,-1.0124277548324634,0.0,0.0,300
MZI_null,MZI,MZI_null_03840,0.02771529753735358,-2.743748077229027,0.7096291279385687,0.0,0.0,300
MZI_null,MZI,MZI_null_03841,-0.10140815498232074,0.981220788603872,-1.7592605230423324,0.0,0.0,300
MZI_null,MZI,MZI_null_03842,-0.06297704937468433,-1.9348609445454719,-2.7734404897768314,0.0,0.0,300
MZI_null,MZI,MZI_null_03843,0.049302352424472444,-3.6120877679401993,0.40557080845650817,0.0,0.0,300
MZI_null,MZI,MZI_null_03844,0.18240098083672146,-4.157965060424521,-1.391726371885514,0.0,0.0,300
MZI_null,MZI,MZI_null_03845,0.06919960695531326,-3.3075720649442206,0.3929616824799953,0.0,0.0,300
MZI_null,MZI,MZI_null_03846,0.08330982909776098,1.2497853288829122,-2.8179701382547355,0.0,0.0,300
MZI_null,MZI,MZI_null_03847,-0.14141628603457118,-2.9227321686912315,-3.9032570186413,0.0,0.0,300
MZI_null,MZI,MZI_null_03848,0.08467473060712456,-5.485253900529234,5.999049254758065,0.0,0.0,300
MZI_null,MZI,MZI_null_03849,0.19438917923606258,-1.9622726911990573,1.6021834789939282,0.0,0.0,300
MZI_null,MZI,MZI_null_03850,-0.2455202796466187,5.570119994198674,-2.7706438366014687,0.0,0.0,300
MZI_null,MZI,MZI_null_03851,-0.018074612084903928,-7.56779986156531,0.4588619142226842,0.0,0.0,300
MZI_null,MZI,MZI_null_03852,-0.1659516235615663,-1.6950327153019122,-2.6328232987736144,0.0,0.0,300
MZI_null,MZI,MZI_null_03853,-0.1616615902395515,-4.413084505287851,-0.3226358977434364,0.0,0.0,300
MZI_null,MZI,MZI_null_03854,-0.19222364593032365,-4.246435013070731,0.9898201437934335,0.0,0.0,300
MZI_null,MZI,MZI_null_03855,0.39037198123114697,-0.5672335413409855,-3.7517849265318626,0.0,0.0,300
MZI_null,MZI,MZI_null_03856,-0.05506712551084665,-1.905232981542265,-2.048274851907122,0.0,0.0,300
MZI_null,MZI,MZI_null_03857,0.13545872501053993,-1.3475795509573263,1.7235571547296105,0.0,0.0,300
MZI_null,MZI,MZI_null_03858,-0.047166568544644405,1.97650065916377,-1.4994567528446376,0.0,0.0,300
MZI_null,MZI,MZI_null_03859,-0.14567848037069875,4.531961143126663,-6.474933240883351,0.0,0.0,300
MZI_null,MZI,MZI_null_03860,-0.11081080879573914,-3.8810835554911836,6.52491881916969,0.0,0.0,300
MZI_null,MZI,MZI_null_03861,0.27102883262197675,2.4817844309265933,-1.9919759871289955,0.0,0.0,300
MZI_null,MZI,MZI_null_03862,0.36392670057626625,-0.8949439884770864,1.931790110909367,0.0,0.0,300
MZI_null,MZI,MZI_null_03863,0.02695430716593104,-2.1483997139697544,-1.7553360217791378,0.0,0.0,300
MZI_null,MZI,MZI_null_03864,-0.031445999012874336,-0.17452505396576345,0.1015993963261641,0.0,0.0,300
MZI_null,MZI,MZI_null_03865,-0.004720705530552584,2.528571978096563,-9.900259206222191,0.0,0.0,300
MZI_null,MZI,MZI_null_03866,0.07648308718817924,0.15321611997693818,2.440888604765509,0.0,0.0,300
MZI_null,MZI,MZI_null_03867,-0.009730716158004167,-1.3762397978481271,1.9578451499441636,0.0,0.0,300
MZI_null,MZI,MZI_null_03868,0.223674960642027,-2.9016079555363046,-0.19907265061731938,0.0,0.0,300
MZI_null,MZI,MZI_null_03869,0.2517860946523136,-8.372081227636553,-3.0700377994437558,0.0,0.0,300
MZI_null,MZI,MZI_null_03870,0.21987539679044446,1.2776135008249092,0.5673356327800829,0.0,0.0,300
MZI_null,MZI,MZI_null_03871,-0.06728953096636803,-4.6454554969562585,-2.773646857727121,0.0,0.0,300
MZI_null,MZI,MZI_null_03872,0.23220123312280386,-3.885328067466039,-0.6957311072810264,0.0,0.0,300
MZI_null,MZI,MZI_null_03873,-0.1130561467292619,0.5283220902970811,-2.6161788410393236,0.0,0.0,300
MZI_null,MZI,MZI_null_03874,-0.01463908352316214,-7.050146399128477,-5.8401047086148195,0.0,0.0,300
MZI_null,MZI,MZI_null_03875,0.001150978998225946,-5.9754714655932855,5.315259918003507,0.0,0.0,300
MZI_null,MZI,MZI_null_03876,-0.3092284668168374,-4.400525895992312,-0.9498973981973488,0.0,0.0,300
MZI_null,MZI,MZI_null_03877,-0.05476994066936767,-5.312436369991757,-3.873783518485804,0.0,0.0,300
MZI_null,MZI,MZI_null_03878,-0.14859811162488576,-2.8601650844601885,4.855787268552271,0.0,0.0,300
MZI_null,MZI,MZI_null_03879,0.011690594483731455,1.5487014681625717,0.5209290374844251,0.0,0.0,300
MZI_null,MZI,MZI_null_03880,0.16707935969733306,-10.399892907780757,-1.9133740634446883,0.0,0.0,300
MZI_null,MZI,MZI_null_03881,0.19607031347260706,-3.7152074682480007,4.287419494608836,0.0,0.0,300
MZI_null,MZI,MZI_null_03882,0.22258352306516424,-3.407392148382387,-2.50949055713907,0.0,0.0,300
MZI_null,MZI,MZI_null_03883,-0.1520408763531703,-3.8887826955913933,-4.6977671925067455,0.0,0.0,300
MZI_null,MZI,MZI_null_03884,0.06432167706495083,-6.3681394800393,0.8111990485706655,0.0,0.0,300
MZI_null,MZI,MZI_null_03885,0.09421180453503729,-6.983613215551768,3.649455818985018,0.0,0.0,300
MZI_null,MZI,MZI_null_03886,0.07704139416228327,0.2490940643346069,-3.2759956046283167,0.0,0.0,300
MZI_null,MZI,MZI_null_03887,0.0933568677709678,1.3791803491661967,-1.295825197014032,0.0,0.0,300
MZI_null,MZI,MZI_null_03888,0.30028836888725413,-1.867806095261187,2.4223574013574236,0.0,0.0,300
MZI_null,MZI,MZI_null_03889,0.043951321088798255,-0.2434354014293969,-6.013996802904316,0.0,0.0,300
MZI_null,MZI,MZI_null_03890,0.05565806073230447,-4.204925303771798,-3.539194917333063,0.0,0.0,300
MZI_null,MZI,MZI_null_03891,0.26161547766989673,-2.641310744187047,-4.00990549292649,0.0,0.0,300
MZI_null,MZI,MZI_null_03892,-0.05386974421633121,-5.901350686765741,3.3016534045888095,0.0,0.0,300
MZI_null,MZI,MZI_null_03893,-0.10435211162497725,-0.41210019816899224,3.0683201426309754,0.0,0.0,300
MZI_null,MZI,MZI_null_03894,-0.0750229021822094,-0.403932703181642,-4.09025816471329,0.0,0.0,300
MZI_null,MZI,MZI_null_03895,0.3668654353670526,0.8091404038498666,-1.5778193162824181,0.0,0.0,300
MZI_null,MZI,MZI_null_03896,-0.11592505963334457,-2.3419896585188793,-2.0199511670545576,0.0,0.0,300
MZI_null,MZI,MZI_null_03897,0.292941683099926,-5.676604166644706,-0.5955957301293897,0.0,0.0,300
MZI_null,MZI,MZI_null_03898,-0.002750709995056494,-2.3522309010346083,-1.3258499648150273,0.0,0.0,300
MZI_null,MZI,MZI_null_03899,-0.017410621518072517,0.6191981989962994,0.8269533394773054,0.0,0.0,300
MZI_null,MZI,MZI_null_03900,0.06283674170591796,-11.101968086435807,-0.10061537751050853,0.0,0.0,300
MZI_null,MZI,MZI_null_03901,-0.24834590402551238,-0.06103951059252388,3.4234921027115437,0.0,0.0,300
MZI_null,MZI,MZI_null_03902,-0.13893586688828263,-2.78534216702812,-2.798067115158991,0.0,0.0,300
MZI_null,MZI,MZI_null_03903,0.1853147663635201,-1.714916344183781,4.184988141699,0.0,0.0,300
MZI_null,MZI,MZI_null_03904,0.062063130442108136,-1.2726494580925418,-0.795379652191491,0.0,0.0,300
MZI_null,MZI,MZI_null_03905,0.1226988148886005,-7.2130585947360295,-0.7439681334384702,0.0,0.0,300
MZI_null,MZI,MZI_null_03906,-0.010506966559194727,0.1762564814732981,-1.5631048176221105,0.0,0.0,300
MZI_null,MZI,MZI_null_03907,-0.15581016512440052,-1.9779479752409026,-4.24852158660503,0.0,0.0,300
MZI_null,MZI,MZI_null_03908,-0.2887893318881228,0.181367444456479,0.7371847180840119,0.0,0.0,300
MZI_null,MZI,MZI_null_03909,0.07006364159903619,1.908785265837433,-2.9950956709117755,0.0,0.0,300
MZI_null,MZI,MZI_null_03910,-0.21466712141568825,-2.210089330424134,-2.0425008991177314,0.0,0.0,300
MZI_null,MZI,MZI_null_03911,-0.1263443575155103,-2.239547460463388,-2.834815438613754,0.0,0.0,300
MZI_null,MZI,MZI_null_03912,-0.27540079250352467,-3.323530072381281,-4.409125500111572,0.0,0.0,300
MZI_null,MZI,MZI_null_03913,0.034747210741638404,-3.9681042747219646,2.3348944224231545,0.0,0.0,300
MZI_null,MZI,MZI_null_03914,0.24057991009017984,0.03814411903571857,-5.65307854594996,0.0,0.0,300
MZI_null,MZI,MZI_null_03915,0.2257793998318559,2.7271613511212944,-0.9436284660761777,0.0,0.0,300
MZI_null,MZI,MZI_null_03916,0.19843892405032978,-3.6550254141400345,-6.598737804548769,0.0,0.0,300
MZI_null,MZI,MZI_null_03917,-0.11404266579323905,3.1879025981342695,-5.473239770834421,0.0,0.0,300
MZI_null,MZI,MZI_null_03918,-7.180771027582372e-05,-1.8975683199793634,-2.538922731903435,0.0,0.0,300
MZI_null,MZI,MZI_null_03919,-0.06652823997556725,-1.783252597291392,-2.6864870258041815,0.0,0.0,300
MZI_null,MZI,MZI_null_03920,-0.21330877457518965,-1.354904171169632,2.220099747334917,0.0,0.0,300
MZI_null,MZI,MZI_null_03921,0.13043587779801316,-4.429206402169434,-4.753683746133027,0.0,0.0,300
MZI_null,MZI,MZI_null_03922,-0.04262818232321679,2.703374529386992,0.9367942368786366,0.0,0.0,300
MZI_null,MZI,MZI_null_03923,0.10559470151913504,0.6695708553564836,0.26229968755575905,0.0,0.0,300
MZI_null,MZI,MZI_null_03924,0.018091282142036792,-0.013079310056096194,-2.6384983126540593,0.0,0.0,300
MZI_null,MZI,MZI_null_03925,-0.2121694517049481,0.16899080387296994,2.7132143172476755,0.0,0.0,300
MZI_null,MZI,MZI_null_03926,-0.1677347909034047,0.4657644472477007,4.042297140164569,0.0,0.0,300
MZI_null,MZI,MZI_null_03927,-0.0003369302635681469,-4.454006554225239,-0.6309439794197331,0.0,0.0,300
MZI_null,MZI,MZI_null_03928,-0.08258009523010519,-3.850190329869205,0.29955220181462794,0.0,0.0,300
MZI_null,MZI,MZI_null_03929,-0.2405594212544843,-6.3317867674766815,-0.9421273588781716,0.0,0.0,300
MZI_null,MZI,MZI_null_03930,-0.0033462808368646783,-0.9693362688801928,4.625676165450166,0.0,0.0,300
MZI_null,MZI,MZI_null_03931,0.01567710541137317,-0.20548354899561638,-3.926598806843896,0.0,0.0,300
MZI_null,MZI,MZI_null_03932,0.11519064952748057,-3.5791725953320332,-0.7857375022567205,0.0,0.0,300
MZI_null,MZI,MZI_null_03933,-0.016327293760374253,1.098922704742093,-4.929929663124998,0.0,0.0,300
MZI_null,MZI,MZI_null_03934,-0.3424857951922559,-2.6402980912637735,0.4055937707153723,0.0,0.0,300
MZI_null,MZI,MZI_null_03935,0.022840406371125003,1.696612712241734,0.312118022539005,0.0,0.0,300
MZI_null,MZI,MZI_null_03936,-0.08457724977897899,-8.976260462419042,-1.7119367025856547,0.0,0.0,300
MZI_null,MZI,MZI_null_03937,0.1541938503386697,-3.176143348001344,-0.9150392089667074,0.0,0.0,300
MZI_null,MZI,MZI_null_03938,0.06320403814600628,-5.045877122749448,0.8697076899164522,0.0,0.0,300
MZI_null,MZI,MZI_null_03939,0.24556826850025584,-2.518440055680219,-4.387193265496905,0.0,0.0,300
MZI_null,MZI,MZI_null_03940,-0.009990154053296056,-8.673152325826607,0.010709791929848,0.0,0.0,300
MZI_null,MZI,MZI_null_03941,0.06784115664728682,3.026908881536687,-1.5819843776998752,0.0,0.0,300
MZI_null,MZI,MZI_null_03942,0.061272800721970534,-4.583864307157704,-2.069281361575236,0.0,0.0,300
MZI_null,MZI,MZI_null_03943,-0.22877781549932968,-2.584368863849707,-1.9159274605556946,0.0,0.0,300
MZI_null,MZI,MZI_null_03944,0.04487996491333438,-3.870790640997918,-0.7499639470747244,0.0,0.0,300
MZI_null,MZI,MZI_null_03945,-0.05000700834114984,-2.994498164898543,-0.7589130221109096,0.0,0.0,300
MZI_null,MZI,MZI_null_03946,0.006078441347551487,0.2835221171549156,-1.3619291023895046,0.0,0.0,300
MZI_null,MZI,MZI_null_03947,-0.052482802368450474,-2.5424223352616786,-3.1439923505229777,0.0,0.0,300
MZI_null,MZI,MZI_null_03948,-0.053986664035000735,4.093476139219693,-3.7380362820876014,0.0,0.0,300
MZI_null,MZI,MZI_null_03949,-0.04179845008189641,-3.1624659898090712,-1.7415148367331985,0.0,0.0,300
MZI_null,MZI,MZI_null_03950,-0.04968589633175925,-1.1622796963370008,-6.130525304175383,0.0,0.0,300
MZI_null,MZI,MZI_null_03951,0.15557572087980068,-0.10225160107340803,-4.728614758189404,0.0,0.0,300
MZI_null,MZI,MZI_null_03952,-0.34036159094286017,-4.931216438424204,-1.7279993842813677,0.0,0.0,300
MZI_null,MZI,MZI_null_03953,0.38704378480361623,-0.37022910507718,-6.422768947544373,0.0,0.0,300
MZI_null,MZI,MZI_null_03954,-0.1034483257351416,-2.1596373088189496,-0.2389493371057092,0.0,0.0,300
MZI_null,MZI,MZI_null_03955,-0.19721232904656344,-2.404970683931184,-3.1529174128316217,0.0,0.0,300
MZI_null,MZI,MZI_null_03956,-0.16556378439034747,-1.2212130599031383,1.3216315203284665,0.0,0.0,300
MZI_null,MZI,MZI_null_03957,0.1261561915442429,-0.2768409465983719,-2.4921085994207886,0.0,0.0,300
MZI_null,MZI,MZI_null_03958,0.10718246421952586,-1.0728366856871363,-0.5981743511439604,0.0,0.0,300
MZI_null,MZI,MZI_null_03959,-0.09175396825526975,-3.4906283820245845,-0.7783391916263379,0.0,0.0,300
MZI_null,MZI,MZI_null_03960,0.3659811700478252,-1.0962725597258296,-2.833565506750858,0.0,0.0,300
MZI_null,MZI,MZI_null_03961,-0.12485841674541641,-3.4752998379686084,5.531880342647197,0.0,0.0,300
MZI_null,MZI,MZI_null_03962,-0.05988849689189431,0.720611603830855,-2.1277847364140694,0.0,0.0,300
MZI_null,MZI,MZI_null_03963,0.03917768119194429,0.3752358220261671,-2.715708549429772,0.0,0.0,300
MZI_null,MZI,MZI_null_03964,-0.09616674812291544,2.9766090833659895,1.953778684687391,0.0,0.0,300
MZI_null,MZI,MZI_null_03965,0.11860084780360922,0.3618288793687423,0.3787264649331963,0.0,0.0,300
MZI_null,MZI,MZI_null_03966,0.30266637197625973,-1.8682750943685296,0.7317871016027582,0.0,0.0,300
MZI_null,MZI,MZI_null_03967,-0.21763693928910188,-4.474882059773723,-4.602456999505121,0.0,0.0,300
MZI_null,MZI,MZI_null_03968,0.1911095375274224,-9.657620456062249,-2.206930068258168,0.0,0.0,300
MZI_null,MZI,MZI_null_03969,-0.4490559903990934,-4.49386368644567,-2.472846849195599,0.0,0.0,300
MZI_null,MZI,MZI_null_03970,0.2077306640691066,-0.8101161823356284,-3.499424569986899,0.0,0.0,300
MZI_null,MZI,MZI_null_03971,0.1598945579597739,-1.9465032364107273,-0.887299423878243,0.0,0.0,300
MZI_null,MZI,MZI_null_03972,-0.1804007261657988,-4.970041141709418,-3.475291899836573,0.0,0.0,300
MZI_null,MZI,MZI_null_03973,0.0069691909731284364,-1.7663428190579755,3.6322779905721347,0.0,0.0,300
MZI_null,MZI,MZI_null_03974,0.05775827519067515,-10.122697081016323,-0.2120740363849286,0.0,0.0,300
MZI_null,MZI,MZI_null_03975,-0.21750245342512992,-4.8979127738346095,-3.4365084151789898,0.0,0.0,300
MZI_null,MZI,MZI_null_03976,-0.09950074852684528,-6.125448176120909,-0.38955398964313703,0.0,0.0,300
MZI_null,MZI,MZI_null_03977,-0.21162034276364386,-0.9299971782504592,5.710913231184889,0.0,0.0,300
MZI_null,MZI,MZI_null_03978,-0.19940385884010955,-2.8535309130176665,-8.57037208753741,0.0,0.0,300
MZI_null,MZI,MZI_null_03979,-0.04514029394551997,-0.07184854210554859,1.1619176940718012,0.0,0.0,300
MZI_null,MZI,MZI_null_03980,0.011604559542614504,0.6677902742769275,6.638163607828375,0.0,0.0,300
MZI_null,MZI,MZI_null_03981,0.25684570311563987,-3.5675627882289107,-5.353311959400216,0.0,0.0,300
MZI_null,MZI,MZI_null_03982,-0.06092271248607053,-4.840948296852044,0.3540426435938979,0.0,0.0,300
MZI_null,MZI,MZI_null_03983,-0.17717903091442472,-2.218467297771026,1.5140421636089312,0.0,0.0,300
MZI_null,MZI,MZI_null_03984,-0.01510438092257655,-4.838941468243389,2.5244421727570754,0.0,0.0,300
MZI_null,MZI,MZI_null_03985,-0.28184714171307407,-2.983385167632389,-1.1249800701440043,0.0,0.0,300
MZI_null,MZI,MZI_null_03986,0.002386298759944662,-1.4585118317657564,0.8313194594284794,0.0,0.0,300
MZI_null,MZI,MZI_null_03987,-0.005311115856802629,-3.104174846431042,-2.2227680339790865,0.0,0.0,300
MZI_null,MZI,MZI_null_03988,-0.09172737030575319,0.36262997298059574,-2.939585438429544,0.0,0.0,300
MZI_null,MZI,MZI_null_03989,0.12701566635123665,-1.943002753220387,-2.563764420568389,0.0,0.0,300
MZI_null,MZI,MZI_null_03990,0.09276108236162021,-4.182361774169355,0.9145521221846387,0.0,0.0,300
MZI_null,MZI,MZI_null_03991,0.031908918178767724,-3.7889740672757624,0.5859044460036773,0.0,0.0,300
MZI_null,MZI,MZI_null_03992,0.08198845885329581,1.4725588174298734,1.8984410372278875,0.0,0.0,300
MZI_null,MZI,MZI_null_03993,0.07369110310894242,-5.38277285362629,6.345760964522171,0.0,0.0,300
MZI_null,MZI,MZI_null_03994,-0.21054243166077152,0.8477895228469272,0.2938514506588954,0.0,0.0,300
MZI_null,MZI,MZI_null_03995,-0.17612135587216718,-2.3729028166354977,-1.2362586587339215,0.0,0.0,300
MZI_null,MZI,MZI_null_03996,0.19583740737157854,-4.139932700840634,-1.7858350192730619,0.0,0.0,300
MZI_null,MZI,MZI_null_03997,-0.35041044075318944,3.2042883793707313,-4.211404729060213,0.0,0.0,300
MZI_null,MZI,MZI_null_03998,0.04903662963587624,-2.304223489165592,-1.2940029003500197,0.0,0.0,300
MZI_null,MZI,MZI_null_03999,0.12147929773063125,3.0137873809109035,-0.2455189901740248,0.0,0.0,300
MZI_null,MZI,MZI_null_04000,0.09826170264457888,-1.0133253898188774,2.052594271791879,0.0,0.0,300
MZI_null,MZI,MZI_null_04001,-0.06943745692294907,1.226171663249242,2.3314995969421517,0.0,0.0,300
MZI_null,MZI,MZI_null_04002,0.16238055130243648,-3.9804436020094283,-1.5050129027115726,0.0,0.0,300
MZI_null,MZI,MZI_null_04003,0.03592004831706524,-6.112526134487017,3.7847606242580447,0.0,0.0,300
MZI_null,MZI,MZI_null_04004,-0.0018414800253263826,-1.1482163371858352,-2.731013319181609,0.0,0.0,300
MZI_null,MZI,MZI_null_04005,-0.1990316339050534,-3.812089656424313,-0.3423874370992347,0.0,0.0,300
MZI_null,MZI,MZI_null_04006,0.10101432191305403,-1.5146253781918395,0.040172048725851006,0.0,0.0,300
MZI_null,MZI,MZI_null_04007,-0.05055395620220649,-0.5112543012637156,3.4484985991577206,0.0,0.0,300
MZI_null,MZI,MZI_null_04008,0.10571841636584803,0.4286256647588207,-0.11795080208010689,0.0,0.0,300
MZI_null,MZI,MZI_null_04009,-0.22547326043994026,-5.13399959189373,0.3646274019915299,0.0,0.0,300
MZI_null,MZI,MZI_null_04010,-0.0016408577940128766,-0.6804713405815161,4.0292702535322205,0.0,0.0,300
MZI_null,MZI,MZI_null_04011,0.10890539988440005,1.776658617228465,-0.7159558315878098,0.0,0.0,300
MZI_null,MZI,MZI_null_04012,-0.12108235162266597,-2.173598477643023,-3.4142554411574135,0.0,0.0,300
MZI_null,MZI,MZI_null_04013,0.2337442435158672,0.37117322960640875,0.5615374898848389,0.0,0.0,300
MZI_null,MZI,MZI_null_04014,0.1853914803342155,-8.060169243569677,0.7644138540279788,0.0,0.0,300
MZI_null,MZI,MZI_null_04015,-0.1965968676456559,-2.0217670953969833,-1.9351227774016433,0.0,0.0,300
MZI_null,MZI,MZI_null_04016,0.09926049181454218,-1.3154381331171336,3.0353515208353654,0.0,0.0,300
MZI_null,MZI,MZI_null_04017,-0.09028457413989203,0.12734316889985164,-0.5133303493035042,0.0,0.0,300
MZI_null,MZI,MZI_null_04018,-0.24529354051073288,-4.755849375569098,-1.449634100566505,0.0,0.0,300
MZI_null,MZI,MZI_null_04019,0.16684386748375915,-0.6088308273286565,-4.502502471642143,0.0,0.0,300
MZI_null,MZI,MZI_null_04020,-0.021047434207073962,4.053419346379091,-0.6663299954774259,0.0,0.0,300
MZI_null,MZI,MZI_null_04021,-0.04909883626085936,-0.5247810777313384,1.29017923874591,0.0,0.0,300
MZI_null,MZI,MZI_null_04022,-0.06842525212200885,-0.49227567688568885,-1.9866684900124278,0.0,0.0,300
MZI_null,MZI,MZI_null_04023,0.10789914027441574,-1.490920526086149,0.4459034811586766,0.0,0.0,300
MZI_null,MZI,MZI_null_04024,-0.11387753192512565,-4.4638591522185775,1.8364919139781843,0.0,0.0,300
MZI_null,MZI,MZI_null_04025,-0.011909457207824062,-1.1448957737019154,-1.9191862812595586,0.0,0.0,300
MZI_null,MZI,MZI_null_04026,0.1348090161020466,-3.823429940088973,-1.4068037197026486,0.0,0.0,300
MZI_null,MZI,MZI_null_04027,0.11789892190546974,1.5189030974927977,-2.5712778730800503,0.0,0.0,300
MZI_null,MZI,MZI_null_04028,0.2939525972933824,-1.0602749189191512,-4.1287847854262125,0.0,0.0,300
MZI_null,MZI,MZI_null_04029,0.0553578072884952,-3.148997643450373,0.30220546154953043,0.0,0.0,300
MZI_null,MZI,MZI_null_04030,-0.006428437149050703,-1.7771789294295657,-3.7347801297584375,0.0,0.0,300
MZI_null,MZI,MZI_null_04031,0.148509184607454,-5.468382101453097,-4.326294686214985,0.0,0.0,300
MZI_null,MZI,MZI_null_04032,0.055104052372123,2.8085327415339085,-2.0577792911932216,0.0,0.0,300
MZI_null,MZI,MZI_null_04033,0.10514584840559485,1.2200205305906362,1.4440533118822074,0.0,0.0,300
MZI_null,MZI,MZI_null_04034,-0.046681243376052214,-5.273140151582224,-7.622642697014065,0.0,0.0,300
MZI_null,MZI,MZI_null_04035,-0.03942607491935898,1.534262105686524,-4.3724979542858025,0.0,0.0,300
MZI_null,MZI,MZI_null_04036,0.1050314771278148,-4.850457590155616,-0.6817822708394853,0.0,0.0,300
MZI_null,MZI,MZI_null_04037,0.10616874212325265,-3.9784863105152835,-0.4885459579092577,0.0,0.0,300
MZI_null,MZI,MZI_null_04038,-0.062263700508799306,0.11544597681452995,-0.2940484945460884,0.0,0.0,300
MZI_null,MZI,MZI_null_04039,0.008476151164390109,2.6750498804259326,0.9869184271049063,0.0,0.0,300
MZI_null,MZI,MZI_null_04040,-0.10355277991894336,-2.2575917023932854,-1.2276963552389821,0.0,0.0,300
MZI_null,MZI,MZI_null_04041,0.012047935893781786,5.573527829822485,0.11255567813299061,0.0,0.0,300
MZI_null,MZI,MZI_null_04042,-0.30538538551571637,-3.6283969151508955,-6.7971162624874255,0.0,0.0,300
MZI_null,MZI,MZI_null_04043,-0.04946973855687597,-7.961930689179285,-3.614771413205284,0.0,0.0,300
MZI_null,MZI,MZI_null_04044,-0.22810822944511797,-0.8475194660975673,-0.998381912113364,0.0,0.0,300
MZI_null,MZI,MZI_null_04045,0.045444346124809666,-2.313654165705579,-5.182893250613254,0.0,0.0,300
MZI_null,MZI,MZI_null_04046,0.0770282053882103,3.766673680808358,0.2276377358196402,0.0,0.0,300
MZI_null,MZI,MZI_null_04047,-0.0638886898976349,-6.284201528316335,-3.724200912279896,0.0,0.0,300
MZI_null,MZI,MZI_null_04048,0.06795594848580884,1.2193540803981247,-0.2174014758340722,0.0,0.0,300
MZI_null,MZI,MZI_null_04049,0.11998309345589751,0.12303473208172866,0.5196031741577527,0.0,0.0,300
MZI_null,MZI,MZI_null_04050,-0.09877103928918839,-1.4782294640745426,-3.5451334116464146,0.0,0.0,300
MZI_null,MZI,MZI_null_04051,0.0026143429437152682,-1.0074094067992643,4.036351422160564,0.0,0.0,300
MZI_null,MZI,MZI_null_04052,-0.1964597961551448,-0.5554771070260838,3.4437097748707846,0.0,0.0,300
MZI_null,MZI,MZI_null_04053,0.11382716487581945,0.49883632847512427,0.7630847056034364,0.0,0.0,300
MZI_null,MZI,MZI_null_04054,0.19475017346631252,-5.262434504337104,-5.1577799979107395,0.0,0.0,300
MZI_null,MZI,MZI_null_04055,-0.0009501210697883942,-8.48348631071513,2.691937412534034,0.0,0.0,300
MZI_null,MZI,MZI_null_04056,0.1831072793243162,-3.3000516652535783,-2.112311789981529,0.0,0.0,300
MZI_null,MZI,MZI_null_04057,-0.010852121272600702,-1.8439380486811408,-0.6184782424171438,0.0,0.0,300
MZI_null,MZI,MZI_null_04058,0.08373481603174547,-2.517879059025434,1.8295799104333819,0.0,0.0,300
MZI_null,MZI,MZI_null_04059,0.0668921665687955,-3.8208903376179064,3.0053380034122927,0.0,0.0,300
MZI_null,MZI,MZI_null_04060,-0.20373854791837304,-2.2764974324644296,1.9007522032264035,0.0,0.0,300
MZI_null,MZI,MZI_null_04061,-0.1084609657368217,-1.0713330596985455,0.630018790997144,0.0,0.0,300
MZI_null,MZI,MZI_null_04062,-0.12907858019718585,-2.217433158782105,-1.4695114906276305,0.0,0.0,300
MZI_null,MZI,MZI_null_04063,-0.08276067777484393,4.905024556152323,-3.2893190603364273,0.0,0.0,300
MZI_null,MZI,MZI_null_04064,0.15073954411018248,-3.1784030506434258,-4.259908566655845,0.0,0.0,300
MZI_null,MZI,MZI_null_04065,0.015422136473260335,-0.05271984683749764,1.7615287251970364,0.0,0.0,300
MZI_null,MZI,MZI_null_04066,0.2343397665982604,6.835738869805301,-0.24845738873320866,0.0,0.0,300
MZI_null,MZI,MZI_null_04067,-0.09946382607380817,-0.6413770196153263,-1.7986388512194749,0.0,0.0,300
MZI_null,MZI,MZI_null_04068,0.13889491947783447,-5.891492889097165,6.105003627201312,0.0,0.0,300
MZI_null,MZI,MZI_null_04069,0.12840721421632692,-7.052012053388494,-3.1270867069449166,0.0,0.0,300
MZI_null,MZI,MZI_null_04070,0.12241215661709082,1.5290321685143642,-4.81671288169589,0.0,0.0,300
MZI_null,MZI,MZI_null_04071,0.10695387756494233,-7.84201961798577,-1.2680075964131379,0.0,0.0,300
MZI_null,MZI,MZI_null_04072,0.16680702631548094,-3.6545471903089415,-5.520766897414041,0.0,0.0,300
MZI_null,MZI,MZI_null_04073,0.021932219456633893,-3.8141565999064344,0.8886750981975071,0.0,0.0,300
MZI_null,MZI,MZI_null_04074,-0.13279896483270906,-4.317910668959301,-7.06300696262873,0.0,0.0,300
MZI_null,MZI,MZI_null_04075,0.025491706657722425,-2.482714814829796,-4.565154012220213,0.0,0.0,300
MZI_null,MZI,MZI_null_04076,0.0290698070650638,1.0812109019324172,-1.6467038302568495,0.0,0.0,300
MZI_null,MZI,MZI_null_04077,0.040225042473296065,-1.1800662512445075,-4.612989481536881,0.0,0.0,300
MZI_null,MZI,MZI_null_04078,0.30848787310613934,-3.4125494903668514,0.9683486055808124,0.0,0.0,300
MZI_null,MZI,MZI_null_04079,0.11538229158435744,-2.4187853813472553,0.8203850751789039,0.0,0.0,300
MZI_null,MZI,MZI_null_04080,0.03687288327245837,-6.252919271682218,-1.9968181037502646,0.0,0.0,300
MZI_null,MZI,MZI_null_04081,-0.09188263535310927,-3.385235124038381,-4.912009533509914,0.0,0.0,300
MZI_null,MZI,MZI_null_04082,0.16896505751190452,2.8059779638402382,1.934008927995226,0.0,0.0,300
MZI_null,MZI,MZI_null_04083,0.1905793836220714,-3.0339045110244687,-2.9087705049581096,0.0,0.0,300
MZI_null,MZI,MZI_null_04084,-0.11678805702175672,-0.06780523112833214,-0.31881084056755116,0.0,0.0,300
MZI_null,MZI,MZI_null_04085,-0.011583256739763856,1.8854456325860287,0.21482406144602906,0.0,0.0,300
MZI_null,MZI,MZI_null_04086,-0.1257986456280877,-4.042726487407084,1.0459798977624368,0.0,0.0,300
MZI_null,MZI,MZI_null_04087,0.15625992789818954,-0.34495930323209145,4.690666243616244,0.0,0.0,300
MZI_null,MZI,MZI_null_04088,0.24525107485971281,-0.6768924954477114,-3.515741978444507,0.0,0.0,300
MZI_null,MZI,MZI_null_04089,-0.19649812675976513,-3.162145235044145,1.2596403392484707,0.0,0.0,300
MZI_null,MZI,MZI_null_04090,0.2739970618967907,-0.7476588967676006,2.50616838269371,0.0,0.0,300
MZI_null,MZI,MZI_null_04091,-0.036796122928170354,-0.13169262431734952,1.4700704884315177,0.0,0.0,300
MZI_null,MZI,MZI_null_04092,-0.29693914137787925,-3.240316407129531,1.849101152833609,0.0,0.0,300
MZI_null,MZI,MZI_null_04093,0.04117025034548474,-5.589545144452799,-8.29036712718207,0.0,0.0,300
MZI_null,MZI,MZI_null_04094,-0.05486711179530095,-2.2147570786816373,-3.651768849485036,0.0,0.0,300
MZI_null,MZI,MZI_null_04095,0.02146274055419916,-0.480839758301316,1.0120615121786987,0.0,0.0,300
MZI_null,MZI,MZI_null_04096,-0.3533878387398483,-5.94285529342436,-1.9138679450642067,0.0,0.0,300
MZI_null,MZI,MZI_null_04097,0.08582596965561952,-0.5322979593498933,0.4156098436300275,0.0,0.0,300
MZI_null,MZI,MZI_null_04098,-0.05751269129533977,-2.9829003119298823,-3.184987805265222,0.0,0.0,300
MZI_null,MZI,MZI_null_04099,0.11522911921587717,-4.761466363218735,1.5501091855687097,0.0,0.0,300
MZI_null,MZI,MZI_null_04100,0.031177985720646912,-2.1351334353654607,-2.9701311993294,0.0,0.0,300
MZI_null,MZI,MZI_null_04101,-0.20333127917461893,-3.942958269134137,-1.990020605874659,0.0,0.0,300
MZI_null,MZI,MZI_null_04102,-0.3553536467371877,-2.5920654660039926,1.7730721040780164,0.0,0.0,300
MZI_null,MZI,MZI_null_04103,0.08508268581508087,-3.488617627224522,-0.8591911047543168,0.0,0.0,300
MZI_null,MZI,MZI_null_04104,-0.08342468541329995,-1.5537177999929117,3.620323471232094,0.0,0.0,300
MZI_null,MZI,MZI_null_04105,0.14527482039373138,-0.43761708292174184,-2.478654737151155,0.0,0.0,300
MZI_null,MZI,MZI_null_04106,0.11249075894172578,-7.060630854119159,-1.7570604459726715,0.0,0.0,300
MZI_null,MZI,MZI_null_04107,0.08755671297359248,0.2212636421432541,1.009653470647223,0.0,0.0,300
MZI_null,MZI,MZI_null_04108,0.044224603381454175,-2.587174937251649,0.6139279094794667,0.0,0.0,300
MZI_null,MZI,MZI_null_04109,-0.14292915608794507,-4.53403178987975,-0.8147959706191098,0.0,0.0,300
MZI_null,MZI,MZI_null_04110,0.025979646406312108,-7.476845535693939,0.3654391428485555,0.0,0.0,300
MZI_null,MZI,MZI_null_04111,0.115909256687909,-2.231855712398886,6.123398849851977,0.0,0.0,300
MZI_null,MZI,MZI_null_04112,-0.10244026594727793,-3.0832614901606084,-2.185200718381628,0.0,0.0,300
MZI_null,MZI,MZI_null_04113,-0.011428141693652631,-2.9861744388988734,-5.2204316338146155,0.0,0.0,300
MZI_null,MZI,MZI_null_04114,-0.08198224443547131,-2.292862087322228,2.6857162461859923,0.0,0.0,300
MZI_null,MZI,MZI_null_04115,0.330336491005937,2.006421693551964,-3.326137089017819,0.0,0.0,300
MZI_null,MZI,MZI_null_04116,-0.10437144159392482,-2.4779857325280528,4.353676666560759,0.0,0.0,300
MZI_null,MZI,MZI_null_04117,-0.02481360782728401,-5.982522471612292,-2.5035314108591056,0.0,0.0,300
MZI_null,MZI,MZI_null_04118,0.11355840027291254,0.0698208306882604,-1.6006499994749683,0.0,0.0,300
MZI_null,MZI,MZI_null_04119,0.10251220103400459,-8.819516607640496,-0.6885122949019069,0.0,0.0,300
MZI_null,MZI,MZI_null_04120,0.12910281320529451,-4.498589825463606,-3.509015609488864,0.0,0.0,300
MZI_null,MZI,MZI_null_04121,-0.2799672229145213,2.769686784432082,-3.1604619310647,0.0,0.0,300
MZI_null,MZI,MZI_null_04122,0.03615649167931676,-0.18824887554987635,3.5362038474243587,0.0,0.0,300
MZI_null,MZI,MZI_null_04123,-0.02308466609784529,-3.6182893813352557,-0.4807970542883395,0.0,0.0,300
MZI_null,MZI,MZI_null_04124,0.19261204148134303,-2.5105175942023514,-3.864607244752229,0.0,0.0,300
MZI_null,MZI,MZI_null_04125,-0.23111367124730434,-5.6638921538156755,1.5931744922199949,0.0,0.0,300
MZI_null,MZI,MZI_null_04126,-0.048093671446021724,-3.822562729762131,-3.147901669551827,0.0,0.0,300
MZI_null,MZI,MZI_null_04127,0.012756879030027273,-2.7183652812967516,-1.8193964311577575,0.0,0.0,300
MZI_null,MZI,MZI_null_04128,0.20239858917161088,2.6140488455849002,-5.830065018726989,0.0,0.0,300
MZI_null,MZI,MZI_null_04129,0.04913890967144364,-4.330586295864176,-1.7447533415832805,0.0,0.0,300
MZI_null,MZI,MZI_null_04130,0.046391757769004165,-2.638159750792758,-0.30862035811710054,0.0,0.0,300
MZI_null,MZI,MZI_null_04131,0.10094553090478763,-1.1162695983790405,-2.9405089125028705,0.0,0.0,300
MZI_null,MZI,MZI_null_04132,-0.09437994104554857,-6.319115889854107,-3.561760892562155,0.0,0.0,300
MZI_null,MZI,MZI_null_04133,0.2943102542847792,-4.376010722285733,-4.5801364373314595,0.0,0.0,300
MZI_null,MZI,MZI_null_04134,0.047989179276716,-2.3310942778755797,-1.5867797105476762,0.0,0.0,300
MZI_null,MZI,MZI_null_04135,0.2113568949618135,-0.35261997332490447,-2.5899787951104263,0.0,0.0,300
MZI_null,MZI,MZI_null_04136,-0.063671387638767,-3.5077595417170553,1.6242188647407714,0.0,0.0,300
MZI_null,MZI,MZI_null_04137,-0.046222144417970616,-7.3794605073624515,-1.144959036203033,0.0,0.0,300
MZI_null,MZI,MZI_null_04138,-0.23055390016918936,4.552691805264706,-3.8970037415416927,0.0,0.0,300
MZI_null,MZI,MZI_null_04139,-0.0242797148036596,-1.2253917958965892,-1.86597448203769,0.0,0.0,300
MZI_null,MZI,MZI_null_04140,-0.04350456021992889,-0.7345181415173687,3.5786478763888363,0.0,0.0,300
MZI_null,MZI,MZI_null_04141,0.11512636227259462,2.4355416357206288,-4.139857324280506,0.0,0.0,300
MZI_null,MZI,MZI_null_04142,0.047604394988304204,-1.534261843825162,0.05327387503020442,0.0,0.0,300
MZI_null,MZI,MZI_null_04143,0.20643479559533587,-2.662367449376162,-2.216510099662263,0.0,0.0,300
MZI_null,MZI,MZI_null_04144,0.08009711961279958,-7.334608182697542,-1.710556147366535,0.0,0.0,300
MZI_null,MZI,MZI_null_04145,-0.020129653392817946,-4.761075848920775,2.1711770340697316,0.0,0.0,300
MZI_null,MZI,MZI_null_04146,-0.15933604760149261,-2.4076191450913886,-0.12052832403109504,0.0,0.0,300
MZI_null,MZI,MZI_null_04147,0.20301773422141775,-2.03166930464256,1.8084607823846315,0.0,0.0,300
MZI_null,MZI,MZI_null_04148,0.1050893095915691,-1.6296273314925724,-4.2685402248203665,0.0,0.0,300
MZI_null,MZI,MZI_null_04149,-0.21518712913565233,-1.6804837957424406,-2.6280906217078406,0.0,0.0,300
MZI_null,MZI,MZI_null_04150,0.13788916375219376,0.23756955429573257,-1.5538329833111495,0.0,0.0,300
MZI_null,MZI,MZI_null_04151,-0.17365693859119039,-0.4677933511781798,-4.053848338405452,0.0,0.0,300
MZI_null,MZI,MZI_null_04152,-0.11376958843962974,-4.938247214645464,-1.4155030658198604,0.0,0.0,300
MZI_null,MZI,MZI_null_04153,0.17552885011058422,-2.015122610670586,-2.3296560772830874,0.0,0.0,300
MZI_null,MZI,MZI_null_04154,-0.22884223950678662,-0.3436262458104711,-3.3412138177858823,0.0,0.0,300
MZI_null,MZI,MZI_null_04155,0.017627642873714492,-3.0626558477499217,1.514531658798313,0.0,0.0,300
MZI_null,MZI,MZI_null_04156,-0.023585458804282824,-2.1767790635691546,0.45724144236637887,0.0,0.0,300
MZI_null,MZI,MZI_null_04157,0.31604102733947786,0.6653407910756632,-1.2658183190458283,0.0,0.0,300
MZI_null,MZI,MZI_null_04158,0.00047969859229325955,-3.574578380973304,-3.8499871105590855,0.0,0.0,300
MZI_null,MZI,MZI_null_04159,-0.08291261805994829,-4.316446891135827,0.9601051513876564,0.0,0.0,300
MZI_null,MZI,MZI_null_04160,-0.1606792286803479,1.999631684140133,1.2561391508564892,0.0,0.0,300
MZI_null,MZI,MZI_null_04161,0.00307525940515027,-1.999044165604795,-2.6718439288436606,0.0,0.0,300
MZI_null,MZI,MZI_null_04162,0.04051266170216461,1.264277389625767,-3.109469386767441,0.0,0.0,300
MZI_null,MZI,MZI_null_04163,-0.23000881333780956,0.10965476457023193,-0.026902077268598612,0.0,0.0,300
MZI_null,MZI,MZI_null_04164,-0.1680298202161769,-4.200174112742354,-3.577312822150422,0.0,0.0,300
MZI_null,MZI,MZI_null_04165,-0.10867984035513734,-2.9710482621235634,-1.7996419128422418,0.0,0.0,300
MZI_null,MZI,MZI_null_04166,-0.09761904826026903,-4.274491458499785,-1.6863530317581445,0.0,0.0,300
MZI_null,MZI,MZI_null_04167,0.025153730228934187,-2.948889609094534,2.476001070023905,0.0,0.0,300
MZI_null,MZI,MZI_null_04168,0.07621315716311797,-6.7725375705760875,0.5711832962415604,0.0,0.0,300
MZI_null,MZI,MZI_null_04169,0.09083159738783739,-3.3042049043725736,-5.485592761909467,0.0,0.0,300
MZI_null,MZI,MZI_null_04170,0.0012100139116704134,-2.023125954446732,-4.364938709599584,0.0,0.0,300
MZI_null,MZI,MZI_null_04171,-0.21768288243899034,-2.2626606393603184,-1.699231576152466,0.0,0.0,300
MZI_null,MZI,MZI_null_04172,-0.06258980479835904,-2.2502322042396843,-4.308329121460957,0.0,0.0,300
MZI_null,MZI,MZI_null_04173,-0.06522309192991713,-0.40002490815695735,-2.0499102410538663,0.0,0.0,300
MZI_null,MZI,MZI_null_04174,-0.25079587076888277,-3.4180768331707148,-4.210475390520581,0.0,0.0,300
MZI_null,MZI,MZI_null_04175,0.040070444469259614,-1.043487789858724,-5.9763238752580925,0.0,0.0,300
MZI_null,MZI,MZI_null_04176,0.11385194558732833,-5.336558903835675,3.6775468714470545,0.0,0.0,300
MZI_null,MZI,MZI_null_04177,-0.00731643967509253,-5.739180495617487,-4.4259582120780445,0.0,0.0,300
MZI_null,MZI,MZI_null_04178,0.05221429376810172,-3.1738996696951327,-1.2899617288544225,0.0,0.0,300
MZI_null,MZI,MZI_null_04179,0.24191703490455588,-4.097732192687226,-0.8201114269128802,0.0,0.0,300
MZI_null,MZI,MZI_null_04180,0.21297667310595797,-1.1884595736007997,-5.8198082060740175,0.0,0.0,300
MZI_null,MZI,MZI_null_04181,0.07580835175982052,-5.489008573350333,3.220422586198895,0.0,0.0,300
MZI_null,MZI,MZI_null_04182,-0.12343014074969667,6.908528523236994,3.402127964983035,0.0,0.0,300
MZI_null,MZI,MZI_null_04183,-0.1194918854441968,-1.9399585849951686,1.2609328449003905,0.0,0.0,300
MZI_null,MZI,MZI_null_04184,0.11754907113400614,-0.6729912200714083,2.75647711089833,0.0,0.0,300
MZI_null,MZI,MZI_null_04185,-0.018445341995155427,-3.1001530057280995,-2.040591963773832,0.0,0.0,300
MZI_null,MZI,MZI_null_04186,0.12875598479581907,-0.9044568790920617,-0.12614900292923092,0.0,0.0,300
MZI_null,MZI,MZI_null_04187,0.1192851373885773,-8.153157223561564,-0.06979352837454877,0.0,0.0,300
MZI_null,MZI,MZI_null_04188,0.032785333331057355,3.0064242439021154,-5.585763946791001,0.0,0.0,300
MZI_null,MZI,MZI_null_04189,0.2335779948565137,-1.7737726132260025,0.46696859198013496,0.0,0.0,300
MZI_null,MZI,MZI_null_04190,0.2513878181414065,-0.31771619598328105,0.20110486838768282,0.0,0.0,300
MZI_null,MZI,MZI_null_04191,0.03634367787034776,-3.450434404983131,-1.0854673735311786,0.0,0.0,300
MZI_null,MZI,MZI_null_04192,-0.10732691491841229,-2.133700698276446,-8.007792091165289,0.0,0.0,300
MZI_null,MZI,MZI_null_04193,0.0643559351351323,-2.3652117613508765,-2.008611210000293,0.0,0.0,300
MZI_null,MZI,MZI_null_04194,0.032963712591021474,-6.300691768896322,4.787809989863847,0.0,0.0,300
MZI_null,MZI,MZI_null_04195,-0.01541511922313995,-2.4375332989165686,-3.896188630398767,0.0,0.0,300
MZI_null,MZI,MZI_null_04196,0.003591957367389187,2.160879670819842,2.107748628296102,0.0,0.0,300
MZI_null,MZI,MZI_null_04197,0.1281656626710834,-0.3608031449981852,-2.0756275826878294,0.0,0.0,300
MZI_null,MZI,MZI_null_04198,-0.2175244750555053,-2.6031163155999053,-1.7076143936010317,0.0,0.0,300
MZI_null,MZI,MZI_null_04199,0.15731916595068615,-1.0718286726205393,3.8369345837106446,0.0,0.0,300
MZI_null,MZI,MZI_null_04200,0.17962328100572617,-3.369486828512287,-6.385387589859605,0.0,0.0,300
MZI_null,MZI,MZI_null_04201,0.20783628509122215,2.078155669692233,-5.098634772706678,0.0,0.0,300
MZI_null,MZI,MZI_null_04202,0.2263860029741251,-0.8536484882224464,-0.5179435056230409,0.0,0.0,300
MZI_null,MZI,MZI_null_04203,0.2422174881370991,2.0340555196918446,0.9539928559856117,0.0,0.0,300
MZI_null,MZI,MZI_null_04204,0.07098255987179745,-0.15081712840892258,-2.200172301647578,0.0,0.0,300
MZI_null,MZI,MZI_null_04205,-0.008265217459848142,-4.7069514637836285,-1.9991193272167564,0.0,0.0,300
MZI_null,MZI,MZI_null_04206,-0.054995081800339955,-3.905916108864994,-0.5897604920546107,0.0,0.0,300
MZI_null,MZI,MZI_null_04207,-0.048597127605086575,-0.49329583894407825,-5.866961839881296,0.0,0.0,300
MZI_null,MZI,MZI_null_04208,-0.017003219116094953,-1.6053450794675128,-1.9318877195106416,0.0,0.0,300
MZI_null,MZI,MZI_null_04209,-0.02585890497138469,-6.755738032189572,0.06943131400847613,0.0,0.0,300
MZI_null,MZI,MZI_null_04210,0.09714089738506057,-0.5193881173886994,2.1161811783265487,0.0,0.0,300
MZI_null,MZI,MZI_null_04211,0.030229440867375296,-0.5639564580471887,-0.5317277846294428,0.0,0.0,300
MZI_null,MZI,MZI_null_04212,0.10313260793887412,-6.731688908396366,-3.680742903934033,0.0,0.0,300
MZI_null,MZI,MZI_null_04213,0.23803494855496365,-9.381307466288616,-1.420533789476032,0.0,0.0,300
MZI_null,MZI,MZI_null_04214,0.17584124394121023,-2.279781996625294,-2.2150332143520925,0.0,0.0,300
MZI_null,MZI,MZI_null_04215,0.019413251522295057,-3.0593605400073396,-0.9074515217291825,0.0,0.0,300
MZI_null,MZI,MZI_null_04216,-0.10250715547801943,1.3260232598671724,3.269794763196983,0.0,0.0,300
MZI_null,MZI,MZI_null_04217,-0.020008548316743383,-6.15946826207373,-2.5715295109401857,0.0,0.0,300
MZI_null,MZI,MZI_null_04218,-0.02759829901544463,-0.48338336929037573,-4.0240396695120335,0.0,0.0,300
MZI_null,MZI,MZI_null_04219,-0.1153743477963226,-0.46797158642357783,1.8167264961186733,0.0,0.0,300
MZI_null,MZI,MZI_null_04220,-0.09323910677560263,-5.999651161852988,8.852354603863652,0.0,0.0,300
MZI_null,MZI,MZI_null_04221,0.11749563556330703,-2.8010112853010947,1.6070938265925192,0.0,0.0,300
MZI_null,MZI,MZI_null_04222,-0.018668494457163315,0.6014706673005588,-0.5218204066713334,0.0,0.0,300
MZI_null,MZI,MZI_null_04223,0.013690784725135989,-2.340745604692366,-5.342144000389269,0.0,0.0,300
MZI_null,MZI,MZI_null_04224,0.29071423490897097,-4.82460176080323,-5.0800707289317835,0.0,0.0,300
MZI_null,MZI,MZI_null_04225,-0.03192898241345509,-4.88441544053152,-1.155138371680813,0.0,0.0,300
MZI_null,MZI,MZI_null_04226,0.1031645772842653,0.9859087015876691,1.4441921648650453,0.0,0.0,300
MZI_null,MZI,MZI_null_04227,-0.04584480821785204,-1.8512245170152424,0.22363715269247275,0.0,0.0,300
MZI_null,MZI,MZI_null_04228,-0.26366811359131087,-0.28824589964042113,-5.371897862751495,0.0,0.0,300
MZI_null,MZI,MZI_null_04229,0.30605198983597337,-3.213545253925086,-1.5546255315837736,0.0,0.0,300
MZI_null,MZI,MZI_null_04230,-0.1154560648856783,-3.889910095567069,5.822280707429719,0.0,0.0,300
MZI_null,MZI,MZI_null_04231,0.14105545329349464,-6.6476073354435155,3.512638702055689,0.0,0.0,300
MZI_null,MZI,MZI_null_04232,0.17898634127121474,-2.8436373868648652,-0.07990917391048713,0.0,0.0,300
MZI_null,MZI,MZI_null_04233,-0.0022416119131611367,3.917739713340797,-3.388870566976271,0.0,0.0,300
MZI_null,MZI,MZI_null_04234,0.02190159146635904,-3.2844359929784144,-5.299121213853563,0.0,0.0,300
MZI_null,MZI,MZI_null_04235,0.32874573825824804,-5.544699737307237,-0.33961243753667225,0.0,0.0,300
MZI_null,MZI,MZI_null_04236,-0.2611050909570503,-3.1972116177292795,0.26590646430037257,0.0,0.0,300
MZI_null,MZI,MZI_null_04237,-0.1237100969253544,-0.23959444779303496,-1.8071232756642472,0.0,0.0,300
MZI_null,MZI,MZI_null_04238,0.17401237685979196,2.08528274002067,-2.760234282190035,0.0,0.0,300
MZI_null,MZI,MZI_null_04239,0.011509928908943525,-1.449637320583302,0.8580478863040955,0.0,0.0,300
MZI_null,MZI,MZI_null_04240,0.0021572994366398607,-1.4293671219714734,-1.7302194243853586,0.0,0.0,300
MZI_null,MZI,MZI_null_04241,0.017285980045802746,1.8938205806053974,0.9382497236355629,0.0,0.0,300
MZI_null,MZI,MZI_null_04242,0.10518834591650535,0.16921097240673477,-1.4614263336431064,0.0,0.0,300
MZI_null,MZI,MZI_null_04243,0.04782405653692956,-5.255521035007234,2.806422968950871,0.0,0.0,300
MZI_null,MZI,MZI_null_04244,-0.41744406485148305,-2.2614451770062756,2.422687931450823,0.0,0.0,300
MZI_null,MZI,MZI_null_04245,-0.20458019004440123,-0.8006602471494466,-3.0422993397370806,0.0,0.0,300
MZI_null,MZI,MZI_null_04246,-0.0553204897783303,0.8378228819183136,-0.40582922234454943,0.0,0.0,300
MZI_null,MZI,MZI_null_04247,-0.3051533801826544,-4.929276619194795,1.9260072046662788,0.0,0.0,300
MZI_null,MZI,MZI_null_04248,0.06734140772894963,3.2444067175728533,4.047942782039891,0.0,0.0,300
MZI_null,MZI,MZI_null_04249,-0.05133676952201877,5.509713415208465,-0.9265609904442678,0.0,0.0,300
MZI_null,MZI,MZI_null_04250,-0.1444002801613538,-3.9009195977317317,-7.770175315868256,0.0,0.0,300
MZI_null,MZI,MZI_null_04251,0.24105285123739215,2.7842859671315905,-4.046522316439963,0.0,0.0,300
MZI_null,MZI,MZI_null_04252,-0.034182643257285886,-1.7131773676622672,-3.8810591564263413,0.0,0.0,300
MZI_null,MZI,MZI_null_04253,-0.2632653046906742,-2.6310728113307356,-1.9632382883777404,0.0,0.0,300
MZI_null,MZI,MZI_null_04254,-0.05826168614831627,-1.3318518121971061,3.2885589755779767,0.0,0.0,300
MZI_null,MZI,MZI_null_04255,-0.04546390795375891,-1.4886710038359114,1.1806115712348078,0.0,0.0,300
MZI_null,MZI,MZI_null_04256,0.0831214389769123,-3.843270573343526,-0.7108686306578924,0.0,0.0,300
MZI_null,MZI,MZI_null_04257,0.082130973025358,-5.385054012532333,2.790617032389524,0.0,0.0,300
MZI_null,MZI,MZI_null_04258,0.21473833578211665,-4.168340766333481,-0.4189899449554939,0.0,0.0,300
MZI_null,MZI,MZI_null_04259,0.09634173850065475,-3.636842468986258,0.4448415370642833,0.0,0.0,300
MZI_null,MZI,MZI_null_04260,0.024488343943824813,-6.403754532916403,0.3774839479356742,0.0,0.0,300
MZI_null,MZI,MZI_null_04261,-0.16502136244065538,0.8176085549861414,-3.0136332254016662,0.0,0.0,300
MZI_null,MZI,MZI_null_04262,-0.02419281504917176,2.116836740339725,0.4891449395865357,0.0,0.0,300
MZI_null,MZI,MZI_null_04263,-0.1619210879361818,-5.044749712397251,-2.7979083658711765,0.0,0.0,300
MZI_null,MZI,MZI_null_04264,0.059196612503499904,-0.9251005552016955,-3.5293069139886075,0.0,0.0,300
MZI_null,MZI,MZI_null_04265,-0.17508142284215386,-1.1552497847424972,-1.545580197370486,0.0,0.0,300
MZI_null,MZI,MZI_null_04266,0.3235823831171606,-1.8901890303107631,4.442758483100825,0.0,0.0,300
MZI_null,MZI,MZI_null_04267,-0.175557539715651,-6.719638818685121,-4.360255397576603,0.0,0.0,300
MZI_null,MZI,MZI_null_04268,0.17836946721801994,3.2683047690806015,-3.346538361857902,0.0,0.0,300
MZI_null,MZI,MZI_null_04269,-0.06908490446393363,-5.506942730637499,-6.434919541355161,0.0,0.0,300
MZI_null,MZI,MZI_null_04270,0.10776175466649446,-1.3309390911135106,-0.9685360519783737,0.0,0.0,300
MZI_null,MZI,MZI_null_04271,-0.210008480574507,2.9198700454859816,-2.5100702141484192,0.0,0.0,300
MZI_null,MZI,MZI_null_04272,0.08004396372247137,-6.363684215734173,-1.571575568860112,0.0,0.0,300
MZI_null,MZI,MZI_null_04273,0.04370616843578758,-1.0187743458400773,-0.5360543702901248,0.0,0.0,300
MZI_null,MZI,MZI_null_04274,0.07417837380731589,-5.391561368098883,-0.4078821836810199,0.0,0.0,300
MZI_null,MZI,MZI_null_04275,0.017063652522041606,-1.3049819474148174,-0.7829643480424546,0.0,0.0,300
MZI_null,MZI,MZI_null_04276,-0.19098191608700962,-5.953399256326922,-7.642804557653655,0.0,0.0,300
MZI_null,MZI,MZI_null_04277,0.12263017647679464,0.48297252920559597,1.530650873666361,0.0,0.0,300
MZI_null,MZI,MZI_null_04278,0.04601849436921777,-8.399357653154333,-4.080131475355798,0.0,0.0,300
MZI_null,MZI,MZI_null_04279,0.02556231263896679,-1.5934459916246138,-1.6682446394560637,0.0,0.0,300
MZI_null,MZI,MZI_null_04280,0.055337580436237,-1.9650448769442632,-0.6376886033459149,0.0,0.0,300
MZI_null,MZI,MZI_null_04281,-0.09585979992480242,0.9460329583647704,-2.292314826041152,0.0,0.0,300
MZI_null,MZI,MZI_null_04282,-0.19959736245309395,-4.312997038456186,-2.045398574085941,0.0,0.0,300
MZI_null,MZI,MZI_null_04283,0.149100418255327,-2.126803995304379,-1.558444656896947,0.0,0.0,300
MZI_null,MZI,MZI_null_04284,-0.1872995137143941,0.3564477694887289,-2.955856462070157,0.0,0.0,300
MZI_null,MZI,MZI_null_04285,-0.015004178841200387,2.440549230645594,0.5262899931479135,0.0,0.0,300
MZI_null,MZI,MZI_null_04286,-0.24423810715727615,-7.3085307090574165,-1.1929313503577381,0.0,0.0,300
MZI_null,MZI,MZI_null_04287,-0.18191109223122073,-0.0543597571010066,-0.8732108051050624,0.0,0.0,300
MZI_null,MZI,MZI_null_04288,0.024807715353579448,-4.120229544927059,4.224150965860117,0.0,0.0,300
MZI_null,MZI,MZI_null_04289,0.4263890592015689,-2.8357541712701444,0.059117745245002906,0.0,0.0,300
MZI_null,MZI,MZI_null_04290,0.014612601459646888,-2.7790605903232057,-3.49621140319839,0.0,0.0,300
MZI_null,MZI,MZI_null_04291,-0.16274519812207158,-5.406791796576573,0.2157200766474363,0.0,0.0,300
MZI_null,MZI,MZI_null_04292,-0.07795117173054529,-9.734878550421591,0.3345746617949672,0.0,0.0,300
MZI_null,MZI,MZI_null_04293,-0.00573919236962338,2.0400190042034385,0.11936719127302786,0.0,0.0,300
MZI_null,MZI,MZI_null_04294,-0.22180103944654458,-8.689029922189944,-3.1584171530138123,0.0,0.0,300
MZI_null,MZI,MZI_null_04295,-0.0937661131040479,0.8294776030005,-1.0266127968687202,0.0,0.0,300
MZI_null,MZI,MZI_null_04296,0.17005327471477633,-5.974499167107904,1.8957931531413443,0.0,0.0,300
MZI_null,MZI,MZI_null_04297,0.10814837301463792,-8.054702334293589,2.967853523782317,0.0,0.0,300
MZI_null,MZI,MZI_null_04298,0.01401877376495291,-0.8238664883944828,-3.594688337285268,0.0,0.0,300
MZI_null,MZI,MZI_null_04299,0.19128705193829584,-5.55755698771661,1.4962760551218377,0.0,0.0,300
MZI_null,MZI,MZI_null_04300,0.12309112138630068,-4.922502284516666,4.950120798267722,0.0,0.0,300
MZI_null,MZI,MZI_null_04301,0.03472927203262788,-0.038322169186927546,-5.581362386007267,0.0,0.0,300
MZI_null,MZI,MZI_null_04302,0.3176595004512847,-5.6736708206752695,2.0746592982977914,0.0,0.0,300
MZI_null,MZI,MZI_null_04303,-0.1492157576897543,-3.856966408543048,1.3662621316563412,0.0,0.0,300
MZI_null,MZI,MZI_null_04304,0.15413290705127358,-5.813852747342306,2.2714165071709815,0.0,0.0,300
MZI_null,MZI,MZI_null_04305,0.1567470742699791,-4.813860226534677,3.7959427807733306,0.0,0.0,300
MZI_null,MZI,MZI_null_04306,-0.21852864423720572,-3.874317748332846,0.43700787227596627,0.0,0.0,300
MZI_null,MZI,MZI_null_04307,-0.12803494270539095,-1.208542742961977,-0.27677176359011446,0.0,0.0,300
MZI_null,MZI,MZI_null_04308,-0.028061140488408087,0.497201615771679,-1.6850823779729174,0.0,0.0,300
MZI_null,MZI,MZI_null_04309,0.034731160322070846,1.4394156324637075,1.3720586300775213,0.0,0.0,300
MZI_null,MZI,MZI_null_04310,0.11790259362213128,-5.447538806650341,0.5743777265039651,0.0,0.0,300
MZI_null,MZI,MZI_null_04311,-0.1317748186454257,-5.844244939334079,-1.2151190388549051,0.0,0.0,300
MZI_null,MZI,MZI_null_04312,-0.13564427799773845,0.3718531565199319,1.4436063790859723,0.0,0.0,300
MZI_null,MZI,MZI_null_04313,-0.28539393546471625,-4.48490761873067,-5.3793600157539965,0.0,0.0,300
MZI_null,MZI,MZI_null_04314,-0.0693943914889336,-0.6344729903935269,-1.7268642945351649,0.0,0.0,300
MZI_null,MZI,MZI_null_04315,-0.0884638861000703,1.900529580439418,-7.914571517788866,0.0,0.0,300
MZI_null,MZI,MZI_null_04316,0.1855307840277337,-3.632864879466457,-1.2343270303383687,0.0,0.0,300
MZI_null,MZI,MZI_null_04317,-0.07910450065801629,2.628664316617355,-4.6929354904157785,0.0,0.0,300
MZI_null,MZI,MZI_null_04318,0.0017604554582903772,-0.41768404442000984,-5.833008303655502,0.0,0.0,300
MZI_null,MZI,MZI_null_04319,-0.13798472556692304,-2.4445356004946874,-3.6599951040531242,0.0,0.0,300
MZI_null,MZI,MZI_null_04320,-0.12233876568287248,-3.0495879892293125,0.9487439949385195,0.0,0.0,300
MZI_null,MZI,MZI_null_04321,-0.051407666531721664,1.2352785834188396,-3.9932733479780644,0.0,0.0,300
MZI_null,MZI,MZI_null_04322,-0.18778833907101788,3.7790362171634015,-2.973874382996534,0.0,0.0,300
MZI_null,MZI,MZI_null_04323,-0.19663680106082396,-7.226161825315491,2.225310361426817,0.0,0.0,300
MZI_null,MZI,MZI_null_04324,-0.05119567719900888,-2.7611292051991954,-1.4776051347599188,0.0,0.0,300
MZI_null,MZI,MZI_null_04325,0.15194143270046717,-2.538589501927761,6.032161336497879,0.0,0.0,300
MZI_null,MZI,MZI_null_04326,0.02006408610813438,1.1853543008749634,1.4157195737132202,0.0,0.0,300
MZI_null,MZI,MZI_null_04327,-0.005467098038705656,-3.7609129580613896,-0.00410821430033903,0.0,0.0,300
MZI_null,MZI,MZI_null_04328,0.07651480968109095,-3.717758144379582,-0.5009834021480325,0.0,0.0,300
MZI_null,MZI,MZI_null_04329,0.18543074673893942,4.209843217209036,1.563107961048264,0.0,0.0,300
MZI_null,MZI,MZI_null_04330,0.2794139529570423,-3.8881226336193673,1.1056467561778818,0.0,0.0,300
MZI_null,MZI,MZI_null_04331,0.20077792628719082,-4.688999998915987,-2.456770336135028,0.0,0.0,300
MZI_null,MZI,MZI_null_04332,0.26068571427528753,-4.925296567360819,-5.023390097967132,0.0,0.0,300
MZI_null,MZI,MZI_null_04333,0.22919723604592668,1.5902896749413156,0.2963607319513082,0.0,0.0,300
MZI_null,MZI,MZI_null_04334,-0.006856613196874124,-3.315573516814946,-0.1541533785728466,0.0,0.0,300
MZI_null,MZI,MZI_null_04335,0.23697104361023247,-1.284301621573772,5.500877801740897,0.0,0.0,300
MZI_null,MZI,MZI_null_04336,-0.13469129784603456,-2.059042262984808,-2.119176002991747,0.0,0.0,300
MZI_null,MZI,MZI_null_04337,-0.1627712314743499,-2.4592511990289663,0.25198790498131896,0.0,0.0,300
MZI_null,MZI,MZI_null_04338,0.0786345269928045,4.511356536833668,0.39340240917067915,0.0,0.0,300
MZI_null,MZI,MZI_null_04339,0.1725205205519424,-1.8017172611030723,4.034166801357786,0.0,0.0,300
MZI_null,MZI,MZI_null_04340,0.3597673928382104,-0.40674460707215054,-3.977977046354744,0.0,0.0,300
MZI_null,MZI,MZI_null_04341,-0.08232075341657526,-1.1541970903845136,0.36949410575193764,0.0,0.0,300
MZI_null,MZI,MZI_null_04342,0.10476377015765578,-0.619406956309877,-0.9790452512321839,0.0,0.0,300
MZI_null,MZI,MZI_null_04343,-0.0954297661803193,-0.7965852162073115,4.56496207244197,0.0,0.0,300
MZI_null,MZI,MZI_null_04344,0.1529892908141632,-0.39588815109140585,2.0887007714682535,0.0,0.0,300
MZI_null,MZI,MZI_null_04345,-0.05565960433512787,-3.5247954382499613,-3.2433553130979456,0.0,0.0,300
MZI_null,MZI,MZI_null_04346,-0.018792993415415685,-3.2660176901272404,2.624824221956418,0.0,0.0,300
MZI_null,MZI,MZI_null_04347,-0.07129851265232832,-4.408165148674749,4.8277315364918945,0.0,0.0,300
MZI_null,MZI,MZI_null_04348,-0.06770628466220154,-1.5394146282489471,0.3539684742302349,0.0,0.0,300
MZI_null,MZI,MZI_null_04349,-0.17050396783812227,1.7064513085092075,0.9113571212336828,0.0,0.0,300
MZI_null,MZI,MZI_null_04350,0.23375760178211724,-4.037665811654301,-0.70262262257152,0.0,0.0,300
MZI_null,MZI,MZI_null_04351,0.005903363249129302,-1.2083345169499347,-5.363844245731483,0.0,0.0,300
MZI_null,MZI,MZI_null_04352,0.016625456803833358,-6.279391734271235,0.0750022135907642,0.0,0.0,300
MZI_null,MZI,MZI_null_04353,-0.31929736867777797,-7.55476050287176,1.4556461493199953,0.0,0.0,300
MZI_null,MZI,MZI_null_04354,-0.0820257682792174,-4.963574220896723,2.8125368632266445,0.0,0.0,300
MZI_null,MZI,MZI_null_04355,0.049143932599262245,0.6162705866013511,-1.4987262169624915,0.0,0.0,300
MZI_null,MZI,MZI_null_04356,0.4019443040850004,-3.8135415816793854,4.233486648079665,0.0,0.0,300
MZI_null,MZI,MZI_null_04357,-0.009204906014986929,-6.963531184738238,0.44854623724432585,0.0,0.0,300
MZI_null,MZI,MZI_null_04358,0.04721438421827455,-5.1539654427176895,-3.766657831404144,0.0,0.0,300
MZI_null,MZI,MZI_null_04359,-0.0037046464627488343,-0.9507565542560554,-8.411989848638203,0.0,0.0,300
MZI_null,MZI,MZI_null_04360,0.15796821787857043,-3.4834939214449325,-4.995242453194528,0.0,0.0,300
MZI_null,MZI,MZI_null_04361,0.1411599827177896,-2.070853938255369,2.6484973303467627,0.0,0.0,300
MZI_null,MZI,MZI_null_04362,0.06569283944696332,-2.0045435088441383,-1.4581898349404683,0.0,0.0,300
MZI_null,MZI,MZI_null_04363,0.07240691408342068,-3.240593776427991,-3.5577177662394983,0.0,0.0,300
MZI_null,MZI,MZI_null_04364,0.09148636839819659,-2.4334635243332885,-0.8992970557929818,0.0,0.0,300
MZI_null,MZI,MZI_null_04365,0.16340697542319113,-2.341629823207223,-0.9548982233746284,0.0,0.0,300
MZI_null,MZI,MZI_null_04366,-0.08994742671763979,-0.7077801980544476,0.04948373804026396,0.0,0.0,300
MZI_null,MZI,MZI_null_04367,0.13511626976858368,-3.7373865110206284,-2.373450908770557,0.0,0.0,300
MZI_null,MZI,MZI_null_04368,0.11882060987182039,-1.2433609899114098,-3.718654378578084,0.0,0.0,300
MZI_null,MZI,MZI_null_04369,0.19598311016017508,-7.095351705200753,1.3528542597912554,0.0,0.0,300
MZI_null,MZI,MZI_null_04370,-0.1897818053997295,3.657365549456581,-5.63379918071687,0.0,0.0,300
MZI_null,MZI,MZI_null_04371,0.17283759778091226,-2.244903080033732,-2.0998077095162317,0.0,0.0,300
MZI_null,MZI,MZI_null_04372,0.027809498470164194,-0.104298982526561,-3.7132015069926085,0.0,0.0,300
MZI_null,MZI,MZI_null_04373,-0.12236815877528583,-0.05118540466134247,-6.1220288609488,0.0,0.0,300
MZI_null,MZI,MZI_null_04374,-0.0876343639788128,7.122060862478323,-3.9040388937678427,0.0,0.0,300
MZI_null,MZI,MZI_null_04375,0.17217041876396288,-3.7578523061414364,0.5271354343914316,0.0,0.0,300
MZI_null,MZI,MZI_null_04376,0.09815335358943261,1.3868702055488424,-1.600761480438327,0.0,0.0,300
MZI_null,MZI,MZI_null_04377,0.29833269581322797,-3.768009693755541,-0.29733875920132,0.0,0.0,300
MZI_null,MZI,MZI_null_04378,0.03679153983264113,-5.365904359848246,-1.8576167649373618,0.0,0.0,300
MZI_null,MZI,MZI_null_04379,0.0242270248857611,-3.296363129388259,6.322771896369605,0.0,0.0,300
MZI_null,MZI,MZI_null_04380,-0.1257935510399296,1.5382734044212834,1.5693794394463594,0.0,0.0,300
MZI_null,MZI,MZI_null_04381,-0.0020793201756407033,-4.595627161556741,-3.30476596117531,0.0,0.0,300
MZI_null,MZI,MZI_null_04382,-0.07769509488247646,-7.357223845838789,-4.010396277397872,0.0,0.0,300
MZI_null,MZI,MZI_null_04383,-0.22237147730454637,2.0376250095331496,0.8553871771646557,0.0,0.0,300
MZI_null,MZI,MZI_null_04384,0.11789611482981906,-0.2335041453741571,-0.49909712999751044,0.0,0.0,300
MZI_null,MZI,MZI_null_04385,0.21910204981937056,-3.832287967195212,-0.6799910338988653,0.0,0.0,300
MZI_null,MZI,MZI_null_04386,0.11205882417361847,-5.963627695568388,8.289766688427648,0.0,0.0,300
MZI_null,MZI,MZI_null_04387,0.004284864416637919,-1.574031648273222,2.770634095024765,0.0,0.0,300
MZI_null,MZI,MZI_null_04388,0.13724329995153356,-1.8857659418106225,-0.609611685705874,0.0,0.0,300
MZI_null,MZI,MZI_null_04389,-0.22562227964219683,-3.6693973335499286,0.5516306484768807,0.0,0.0,300
MZI_null,MZI,MZI_null_04390,0.066583925856433,1.6634972500122607,-1.361503174669974,0.0,0.0,300
MZI_null,MZI,MZI_null_04391,-0.20809297701462995,1.1701912923270337,3.308268038546048,0.0,0.0,300
MZI_null,MZI,MZI_null_04392,0.1347366859284344,-2.490901012572474,2.1331581556297374,0.0,0.0,300
MZI_null,MZI,MZI_null_04393,0.514336571701232,-1.654543056678573,-4.935210076735373,0.0,0.0,300
MZI_null,MZI,MZI_null_04394,-0.0879427574328228,-0.12357199908784722,-5.8144129326941885,0.0,0.0,300
MZI_null,MZI,MZI_null_04395,0.025410461236810428,-0.8589900490523514,3.6053652194379557,0.0,0.0,300
MZI_null,MZI,MZI_null_04396,0.19652922840814505,0.5937543752553132,-7.4880370315435885,0.0,0.0,300
MZI_null,MZI,MZI_null_04397,0.13815796920718876,0.11654015818073926,-0.2321668687649605,0.0,0.0,300
MZI_null,MZI,MZI_null_04398,-0.2595333189218228,-4.330321727561181,-4.500468308602199,0.0,0.0,300
MZI_null,MZI,MZI_null_04399,-0.3022512659260636,-2.0087454542443837,-3.393466364328339,0.0,0.0,300
MZI_null,MZI,MZI_null_04400,0.3937958370403367,-2.5063158183137286,2.881259467597881,0.0,0.0,300
MZI_null,MZI,MZI_null_04401,-0.2353648537039837,-3.5902687580146093,-0.7093063718970563,0.0,0.0,300
MZI_null,MZI,MZI_null_04402,-0.13622309229115057,-3.266602054414233,-1.653852718730616,0.0,0.0,300
MZI_null,MZI,MZI_null_04403,-0.035086197816734166,3.565355719106039,0.13467885629453047,0.0,0.0,300
MZI_null,MZI,MZI_null_04404,0.07192658444119548,-0.38103567696478846,0.8378791320113377,0.0,0.0,300
MZI_null,MZI,MZI_null_04405,-0.012433047581229803,-2.9622391144365388,-0.49955182144516763,0.0,0.0,300
MZI_null,MZI,MZI_null_04406,0.1735205923370209,1.378714565309151,-1.7211954270652334,0.0,0.0,300
MZI_null,MZI,MZI_null_04407,0.1151765542002167,-2.5837539891190033,-0.8983883516942672,0.0,0.0,300
MZI_null,MZI,MZI_null_04408,-0.0710285072331296,-2.5449354167187006,3.0239902086490407,0.0,0.0,300
MZI_null,MZI,MZI_null_04409,0.013863172100885442,-1.5941524743430464,-5.3416533377738755,0.0,0.0,300
MZI_null,MZI,MZI_null_04410,-0.046386586144909446,-2.723944711234186,-3.487430456330215,0.0,0.0,300
MZI_null,MZI,MZI_null_04411,0.0032498117555345278,-3.287546870682963,-0.7600124342692536,0.0,0.0,300
MZI_null,MZI,MZI_null_04412,0.018225451472840163,-4.867263073467933,-2.196105347449568,0.0,0.0,300
MZI_null,MZI,MZI_null_04413,0.011606142414125034,1.552898293470176,-0.22984248161277843,0.0,0.0,300
MZI_null,MZI,MZI_null_04414,-0.09929027698761415,-0.8029857222684431,4.122646667965282,0.0,0.0,300
MZI_null,MZI,MZI_null_04415,0.13750597088835279,-0.3574204086931396,1.1767705264469646,0.0,0.0,300
MZI_null,MZI,MZI_null_04416,0.2159931062142946,1.22688038205298,0.7002811433529734,0.0,0.0,300
MZI_null,MZI,MZI_null_04417,0.16029633293851273,-5.244953288792183,-5.506795757020843,0.0,0.0,300
MZI_null,MZI,MZI_null_04418,0.02356479759657452,-1.7939578710483848,-2.6317301605397727,0.0,0.0,300
MZI_null,MZI,MZI_null_04419,0.12387790047415642,-7.588590759353708,-2.6043167681734114,0.0,0.0,300
MZI_null,MZI,MZI_null_04420,-0.07274333173164224,-6.908905355298378,3.4841930218079122,0.0,0.0,300
MZI_null,MZI,MZI_null_04421,-0.20388019029949844,-3.765020171923058,1.7239392734154015,0.0,0.0,300
MZI_null,MZI,MZI_null_04422,0.09690680151430973,-5.32452408945424,1.0474676277819093,0.0,0.0,300
MZI_null,MZI,MZI_null_04423,0.04346767179873327,4.999106686334402,0.21182124820491333,0.0,0.0,300
MZI_null,MZI,MZI_null_04424,-0.021186273160279767,-4.569505871358269,-3.2327301008667138,0.0,0.0,300
MZI_null,MZI,MZI_null_04425,-0.12386536432022371,2.1132964417357663,-0.9460902549505881,0.0,0.0,300
MZI_null,MZI,MZI_null_04426,0.08478706859620949,2.542742799942661,-8.075392426622395,0.0,0.0,300
MZI_null,MZI,MZI_null_04427,0.19183106470505623,-1.8338092646499975,0.3051451149213331,0.0,0.0,300
MZI_null,MZI,MZI_null_04428,-0.12426048326223768,-4.265373195345555,0.4665376694389636,0.0,0.0,300
MZI_null,MZI,MZI_null_04429,0.3576896700497204,1.0099399384447043,2.796568764255621,0.0,0.0,300
MZI_null,MZI,MZI_null_04430,-0.028800190539212976,-3.8006126737568846,-3.3424148547369805,0.0,0.0,300
MZI_null,MZI,MZI_null_04431,-0.0732410587045032,-8.158347299511576,-3.1747580286748054,0.0,0.0,300
MZI_null,MZI,MZI_null_04432,-0.08405297340897647,-2.526074523184523,-0.6047496707581248,0.0,0.0,300
MZI_null,MZI,MZI_null_04433,0.05436763029384159,-2.04477611732888,-2.744329259028271,0.0,0.0,300
MZI_null,MZI,MZI_null_04434,-0.29450379648982805,-3.7259258252053797,-3.9173519130610153,0.0,0.0,300
MZI_null,MZI,MZI_null_04435,0.06991001224179057,0.7278621900810816,1.8157132011798174,0.0,0.0,300
MZI_null,MZI,MZI_null_04436,0.11354291041917301,-2.4005772063574646,-2.5658666964276904,0.0,0.0,300
MZI_null,MZI,MZI_null_04437,-0.11206541305005993,-6.522496749805251,1.975561101523573,0.0,0.0,300
MZI_null,MZI,MZI_null_04438,-0.02620665568949616,-5.739020880862622,-3.479474127130704,0.0,0.0,300
MZI_null,MZI,MZI_null_04439,-0.1300460184648828,-1.8709265449546197,2.202403553212058,0.0,0.0,300
MZI_null,MZI,MZI_null_04440,-0.05219843243933747,-8.757600544350947,-1.5675410054767602,0.0,0.0,300
MZI_null,MZI,MZI_null_04441,-0.023429085014579357,-2.674760692806565,-2.882383499427105,0.0,0.0,300
MZI_null,MZI,MZI_null_04442,0.032615862108876355,-1.8015766545529948,-1.0744909423799414,0.0,0.0,300
MZI_null,MZI,MZI_null_04443,0.06189620421644485,-3.2894984694435605,-2.45975700910196,0.0,0.0,300
MZI_null,MZI,MZI_null_04444,0.20701849343780998,-0.3219337708536918,1.480838182828399,0.0,0.0,300
MZI_null,MZI,MZI_null_04445,0.18391568780011025,-0.42216745812559964,1.785166037408513,0.0,0.0,300
MZI_null,MZI,MZI_null_04446,-0.23690177431053905,-1.3875383840119186,-1.5481553854429826,0.0,0.0,300
MZI_null,MZI,MZI_null_04447,0.2516526136349714,0.7829365954098999,-2.8913355723795395,0.0,0.0,300
MZI_null,MZI,MZI_null_04448,0.05591912377938088,-1.4969559996522805,0.36299429945668615,0.0,0.0,300
MZI_null,MZI,MZI_null_04449,-0.15282637040619776,-0.919950604285324,-1.684454047864703,0.0,0.0,300
MZI_null,MZI,MZI_null_04450,0.042367464608340066,-4.173155495366509,-2.7551895141897984,0.0,0.0,300
MZI_null,MZI,MZI_null_04451,0.17607630305500538,-5.154642675020483,-3.9332632031261454,0.0,0.0,300
MZI_null,MZI,MZI_null_04452,-0.007737188582336706,-4.315671125557864,-3.655085896788396,0.0,0.0,300
MZI_null,MZI,MZI_null_04453,0.015761395681244246,-6.5151975707111145,-4.023886704740914,0.0,0.0,300
MZI_null,MZI,MZI_null_04454,0.3081143374385465,-0.6215748230929727,-3.2396900568097333,0.0,0.0,300
MZI_null,MZI,MZI_null_04455,0.06273226173992956,-0.2980085690401113,1.983243260270715,0.0,0.0,300
MZI_null,MZI,MZI_null_04456,-0.019073404418509566,0.9294931083186677,-7.1153395746465185,0.0,0.0,300
MZI_null,MZI,MZI_null_04457,-0.15844621957136296,-1.508385794790633,-0.011099401576625478,0.0,0.0,300
MZI_null,MZI,MZI_null_04458,-0.13676734315029626,-1.2217400262105227,-2.871520746061781,0.0,0.0,300
MZI_null,MZI,MZI_null_04459,-0.04154386413407484,1.0743214019950327,1.7268124906657993,0.0,0.0,300
MZI_null,MZI,MZI_null_04460,-0.14955904910448936,-5.171754386060311,-2.233520186659949,0.0,0.0,300
MZI_null,MZI,MZI_null_04461,-0.00401194517593877,-3.9736954657242225,2.1219273283990034,0.0,0.0,300
MZI_null,MZI,MZI_null_04462,0.05210847625628329,-0.781744670376713,-4.799616486834915,0.0,0.0,300
MZI_null,MZI,MZI_null_04463,0.17509360760756698,-10.460506466722073,1.5021663555481068,0.0,0.0,300
MZI_null,MZI,MZI_null_04464,0.14014676065061565,-3.297203561833885,2.818730651742271,0.0,0.0,300
MZI_null,MZI,MZI_null_04465,-0.009464632943151965,-1.8127048900176712,0.018586362212648755,0.0,0.0,300
MZI_null,MZI,MZI_null_04466,0.4779862367716582,2.0333017242490126,1.103393602138754,0.0,0.0,300
MZI_null,MZI,MZI_null_04467,-0.13692067299017924,-1.5692305235615236,-3.4393722815391596,0.0,0.0,300
MZI_null,MZI,MZI_null_04468,0.12331662709242193,-1.5785990727954298,-4.373565038841686,0.0,0.0,300
MZI_null,MZI,MZI_null_04469,0.012168687512775436,-4.548252409148916,-0.5463513359873589,0.0,0.0,300
MZI_null,MZI,MZI_null_04470,-0.12886159745478848,-1.9175370999175616,1.2514095858052845,0.0,0.0,300
MZI_null,MZI,MZI_null_04471,-0.007957798788765916,-3.172664801517166,-0.3901713368276123,0.0,0.0,300
MZI_null,MZI,MZI_null_04472,0.10457739311892794,-5.321549809645282,-0.21803153588439228,0.0,0.0,300
MZI_null,MZI,MZI_null_04473,0.19763112285260998,-0.2790291101698543,-0.8267375599983164,0.0,0.0,300
MZI_null,MZI,MZI_null_04474,0.09596062600483421,-0.6425106316919527,1.260803327479442,0.0,0.0,300
MZI_null,MZI,MZI_null_04475,-0.3035897416474416,-6.660368400989796,2.014487448449711,0.0,0.0,300
MZI_null,MZI,MZI_null_04476,-0.22579187642421608,-0.7953840928423848,-2.056148968096875,0.0,0.0,300
MZI_null,MZI,MZI_null_04477,-0.14942838683939952,-0.9510507285575791,-0.39689948885028814,0.0,0.0,300
MZI_null,MZI,MZI_null_04478,0.3165513978144566,-3.8744336136076676,3.320330360207521,0.0,0.0,300
MZI_null,MZI,MZI_null_04479,0.05286343715764717,-3.983065644628137,1.3977393725517357,0.0,0.0,300
MZI_null,MZI,MZI_null_04480,0.08486077566809268,-1.8924701154258523,-0.20111393067812955,0.0,0.0,300
MZI_null,MZI,MZI_null_04481,-0.08954805465682975,-4.47736137576352,1.2783265214677488,0.0,0.0,300
MZI_null,MZI,MZI_null_04482,-0.0335909136469911,-2.2402489947472777,-0.1605352121671686,0.0,0.0,300
MZI_null,MZI,MZI_null_04483,0.03979325171757122,-6.287979412922194,2.8587562593645766,0.0,0.0,300
MZI_null,MZI,MZI_null_04484,0.018177322785101743,-2.6079597884664483,0.2925380155092401,0.0,0.0,300
MZI_null,MZI,MZI_null_04485,0.035481329042229455,0.3011880684691066,0.6139510164528232,0.0,0.0,300
MZI_null,MZI,MZI_null_04486,0.10767693434944,2.052981717182548,1.650873646912916,0.0,0.0,300
MZI_null,MZI,MZI_null_04487,-0.024072933049284394,-5.368703468230498,4.003393799013545,0.0,0.0,300
MZI_null,MZI,MZI_null_04488,-0.0356585060020669,-3.419322240081567,-6.210180453293318,0.0,0.0,300
MZI_null,MZI,MZI_null_04489,0.05077096579681672,-1.5533401881386895,-5.5453448087484425,0.0,0.0,300
MZI_null,MZI,MZI_null_04490,0.06799110631997636,-3.494575762104317,7.0709450218660805,0.0,0.0,300
MZI_null,MZI,MZI_null_04491,-0.08540417881363023,-3.3055799965933796,-3.624328672763103,0.0,0.0,300
MZI_null,MZI,MZI_null_04492,0.1916814781562958,-3.1183273833942593,-3.17474246129649,0.0,0.0,300
MZI_null,MZI,MZI_null_04493,0.10604325148808137,-6.141058806239555,0.8753316387468422,0.0,0.0,300
MZI_null,MZI,MZI_null_04494,0.26720995749012866,-0.3001765014947331,0.9136949487797748,0.0,0.0,300
MZI_null,MZI,MZI_null_04495,0.13050903253612256,3.1291240860265557,2.629681880057313,0.0,0.0,300
MZI_null,MZI,MZI_null_04496,0.06595045834095355,0.711674201908004,-3.657804776395332,0.0,0.0,300
MZI_null,MZI,MZI_null_04497,0.1164440386120983,-5.016667913551243,-2.10106725589488,0.0,0.0,300
MZI_null,MZI,MZI_null_04498,-0.4623843262714856,-0.7957110218976138,-2.9316160333250583,0.0,0.0,300
MZI_null,MZI,MZI_null_04499,0.16667178228066937,-0.8294221681837917,2.372287684104876,0.0,0.0,300
MZI_null,MZI,MZI_null_04500,-0.16253948170088064,1.1151581114788982,5.317569033089981,0.0,0.0,300
MZI_null,MZI,MZI_null_04501,0.11462374498978414,0.3710470260768668,-0.49120697081519493,0.0,0.0,300
MZI_null,MZI,MZI_null_04502,-0.07870031708480464,0.2835771181045259,-5.518248731206205,0.0,0.0,300
MZI_null,MZI,MZI_null_04503,-0.06266326873812246,-7.313170407011547,-3.110969131945249,0.0,0.0,300
MZI_null,MZI,MZI_null_04504,0.09630676378403417,-0.4838198713386104,-0.847258913393582,0.0,0.0,300
MZI_null,MZI,MZI_null_04505,0.025560149109301603,-7.657593853592628,-2.117686841712745,0.0,0.0,300
MZI_null,MZI,MZI_null_04506,-0.1022027409652815,-3.9771790715436226,0.7987358834412601,0.0,0.0,300
MZI_null,MZI,MZI_null_04507,-0.12907609897579655,-3.814042550382233,-7.261207737128549,0.0,0.0,300
MZI_null,MZI,MZI_null_04508,-0.04411847705642544,-5.263512643140859,-0.7623912139310691,0.0,0.0,300
MZI_null,MZI,MZI_null_04509,-0.1426662070113697,-1.6863732633523514,-1.4340572822270294,0.0,0.0,300
MZI_null,MZI,MZI_null_04510,0.2508062659563481,-0.5083460586404189,-6.518913617686909,0.0,0.0,300
MZI_null,MZI,MZI_null_04511,-0.18973332661540626,-1.8343759730230003,-3.789543845177952,0.0,0.0,300
MZI_null,MZI,MZI_null_04512,-0.44525526453537784,2.0486389415012303,1.1606720507162231,0.0,0.0,300
MZI_null,MZI,MZI_null_04513,0.07814653102376573,-3.8219691364127453,0.28303031302978887,0.0,0.0,300
MZI_null,MZI,MZI_null_04514,-0.10565404863313223,-1.3854280993469277,-3.7617496775094326,0.0,0.0,300
MZI_null,MZI,MZI_null_04515,0.2274432675834021,-6.710709962245534,2.6968514885324932,0.0,0.0,300
MZI_null,MZI,MZI_null_04516,0.005837374202599544,-3.4684009860259724,-0.49899123491278496,0.0,0.0,300
MZI_null,MZI,MZI_null_04517,0.11000220107672713,2.100240210083191,-0.06057093059940355,0.0,0.0,300
MZI_null,MZI,MZI_null_04518,-0.1336044127893416,-1.8331096287026343,4.450379709987118,0.0,0.0,300
MZI_null,MZI,MZI_null_04519,0.2021517128268936,0.7262904343730758,1.3870610603671603,0.0,0.0,300
MZI_null,MZI,MZI_null_04520,0.10491751359098127,1.4762645035296096,-2.369886357165716,0.0,0.0,300
MZI_null,MZI,MZI_null_04521,-0.20326290986625092,-1.792989497788816,-3.452744760333073,0.0,0.0,300
MZI_null,MZI,MZI_null_04522,-0.15825311330657765,-4.160835729763796,6.455941773601058,0.0,0.0,300
MZI_null,MZI,MZI_null_04523,0.020418695111376627,-0.9142764909170356,-4.667088421012762,0.0,0.0,300
MZI_null,MZI,MZI_null_04524,-0.27656294381889446,-4.457157929356418,3.3145867556262445,0.0,0.0,300
MZI_null,MZI,MZI_null_04525,0.05014131991147816,-0.20421472566682342,1.215698117606184,0.0,0.0,300
MZI_null,MZI,MZI_null_04526,-0.08870240696974166,2.1638967519201024,-2.8984227976665466,0.0,0.0,300
MZI_null,MZI,MZI_null_04527,0.21093485388938293,-0.6730935315939781,-6.3671354627389665,0.0,0.0,300
MZI_null,MZI,MZI_null_04528,-0.11220142299008025,-7.354815598616314,2.489846398382626,0.0,0.0,300
MZI_null,MZI,MZI_null_04529,-0.0037103131203601604,-8.68502731984934,0.12724064515897515,0.0,0.0,300
MZI_null,MZI,MZI_null_04530,-0.080574639358248,-6.45141756509997,4.033897510906091,0.0,0.0,300
MZI_null,MZI,MZI_null_04531,0.016092879914486803,-2.8802942069399378,-2.198274342958051,0.0,0.0,300
MZI_null,MZI,MZI_null_04532,-0.22699192037366583,-5.913646698752329,2.85475035462525,0.0,0.0,300
MZI_null,MZI,MZI_null_04533,-0.07108243046785787,-1.9337968971894095,-7.132991428603224,0.0,0.0,300
MZI_null,MZI,MZI_null_04534,-0.19771380536932584,-0.17056244037574153,0.1331352803415009,0.0,0.0,300
MZI_null,MZI,MZI_null_04535,0.2630062798086473,2.0288689948936787,-1.6921329174544693,0.0,0.0,300
MZI_null,MZI,MZI_null_04536,0.07094303470699065,-2.949810328709222,5.164429455915945,0.0,0.0,300
MZI_null,MZI,MZI_null_04537,0.17235220440785995,-1.4909447274267462,-0.3988156453709458,0.0,0.0,300
MZI_null,MZI,MZI_null_04538,0.2167275430889712,-0.2612664586584583,3.6758840512102573,0.0,0.0,300
MZI_null,MZI,MZI_null_04539,-0.329047188938831,-0.6163152155036054,-2.546304594044155,0.0,0.0,300
MZI_null,MZI,MZI_null_04540,0.26345669814419886,2.6391960615694874,-0.90149257269608,0.0,0.0,300
MZI_null,MZI,MZI_null_04541,0.23034464682165473,3.349343559977518,-0.7767799842215581,0.0,0.0,300
MZI_null,MZI,MZI_null_04542,0.37079006586477864,-2.0940234580091674,-1.6435628510077267,0.0,0.0,300
MZI_null,MZI,MZI_null_04543,0.12988088828765149,-3.0613721934269416,-0.7439806726153184,0.0,0.0,300
MZI_null,MZI,MZI_null_04544,0.21141516360763646,-1.942343443348189,-6.085053378925923,0.0,0.0,300
MZI_null,MZI,MZI_null_04545,0.055097908177379494,-4.088880737157185,1.5958134718836376,0.0,0.0,300
MZI_null,MZI,MZI_null_04546,0.10442845737393684,2.414201044499566,1.7225969023780907,0.0,0.0,300
MZI_null,MZI,MZI_null_04547,0.16353664254870973,-4.00729028041314,1.4119594876715076,0.0,0.0,300
MZI_null,MZI,MZI_null_04548,0.2952676934040435,-4.0659497259103015,4.399214875181294,0.0,0.0,300
MZI_null,MZI,MZI_null_04549,-0.08240251368019957,-4.555913735149923,-0.11139866993548575,0.0,0.0,300
MZI_null,MZI,MZI_null_04550,0.10738656241932142,0.7352503719167949,-3.8852872623196055,0.0,0.0,300
MZI_null,MZI,MZI_null_04551,0.06518101458814354,-4.056663714450515,-5.46676676821173,0.0,0.0,300
MZI_null,MZI,MZI_null_04552,-0.1393104473299177,-4.252701097867455,0.5647854810575215,0.0,0.0,300
MZI_null,MZI,MZI_null_04553,0.17283204946030029,-6.4196198896258,0.055883222624167006,0.0,0.0,300
MZI_null,MZI,MZI_null_04554,-0.17650472786563595,-0.11274377295799898,-2.8681917430112436,0.0,0.0,300
MZI_null,MZI,MZI_null_04555,-0.1576993527034918,0.3989935460427243,-2.7607678163352847,0.0,0.0,300
MZI_null,MZI,MZI_null_04556,-0.04739459270290474,-8.659967262669129,1.8396540842704212,0.0,0.0,300
MZI_null,MZI,MZI_null_04557,0.12313627817536607,-1.9836264671560582,-5.582742824067277,0.0,0.0,300
MZI_null,MZI,MZI_null_04558,0.18140537675021445,-3.9987901590823736,-2.3600603503017643,0.0,0.0,300
MZI_null,MZI,MZI_null_04559,0.34680660845392963,-4.110909332327688,1.2266298872795014,0.0,0.0,300
MZI_null,MZI,MZI_null_04560,0.08431383931239263,-0.8294834213597446,-0.1539983723364673,0.0,0.0,300
MZI_null,MZI,MZI_null_04561,0.0564582842833799,-1.184178227178379,-1.1557550763281828,0.0,0.0,300
MZI_null,MZI,MZI_null_04562,0.22669246861661133,-5.937981682397835,2.0643743120461293,0.0,0.0,300
MZI_null,MZI,MZI_null_04563,0.12335134480313273,0.09519736398820378,2.350938282920386,0.0,0.0,300
MZI_null,MZI,MZI_null_04564,-0.013889909290258944,-7.60692222748063,-1.2168779791434574,0.0,0.0,300
MZI_null,MZI,MZI_null_04565,-0.14867913264368315,-4.195577629574192,-4.727259021497235,0.0,0.0,300
MZI_null,MZI,MZI_null_04566,-0.07160172876657515,-3.7898710819503476,-8.132709489781307,0.0,0.0,300
MZI_null,MZI,MZI_null_04567,0.10503328669234337,4.6609655740146465,0.818711580488866,0.0,0.0,300
MZI_null,MZI,MZI_null_04568,-0.03043859348013416,-2.1642391870286466,-2.2629576040395283,0.0,0.0,300
MZI_null,MZI,MZI_null_04569,0.013506237580043748,-2.111024282219701,-3.5231452911948833,0.0,0.0,300
MZI_null,MZI,MZI_null_04570,0.2524332583421747,-6.4614627071293125,1.1549946295827387,0.0,0.0,300
MZI_null,MZI,MZI_null_04571,-0.01517964409762978,3.7024954451972345,0.02259379774466419,0.0,0.0,300
MZI_null,MZI,MZI_null_04572,-0.05398583057748724,-2.743121595303492,-0.8802799164407166,0.0,0.0,300
MZI_null,MZI,MZI_null_04573,-0.17141860424946012,-4.300608575353735,-6.354831907575573,0.0,0.0,300
MZI_null,MZI,MZI_null_04574,-0.13844653475611407,-1.7182805550186506,-0.09947485214643703,0.0,0.0,300
MZI_null,MZI,MZI_null_04575,-0.2968994542494603,-2.411635109132601,0.690229852466397,0.0,0.0,300
MZI_null,MZI,MZI_null_04576,-0.02443682900643529,-3.9013659373334013,-2.236483435144642,0.0,0.0,300
MZI_null,MZI,MZI_null_04577,-0.0811145032465833,-3.9101916773241716,-0.47852942426545486,0.0,0.0,300
MZI_null,MZI,MZI_null_04578,0.3461532341603177,-4.231099750715551,-1.9544278979842806,0.0,0.0,300
MZI_null,MZI,MZI_null_04579,-0.007754690906284747,-4.062063303074881,2.29470741057028,0.0,0.0,300
MZI_null,MZI,MZI_null_04580,-0.3556328059959657,-3.593177511136027,1.4549412089598857,0.0,0.0,300
MZI_null,MZI,MZI_null_04581,-0.044114146258295066,-4.462516876550874,0.3222702633162924,0.0,0.0,300
MZI_null,MZI,MZI_null_04582,0.1359514853095728,-1.368093664354825,-3.40366107943865,0.0,0.0,300
MZI_null,MZI,MZI_null_04583,0.0684304978727615,-3.20614790082437,1.2355606456814834,0.0,0.0,300
MZI_null,MZI,MZI_null_04584,0.22248883272848863,-9.816730267065598,-0.666797580413102,0.0,0.0,300
MZI_null,MZI,MZI_null_04585,-0.2603600905421441,5.325365755989312,-2.4043736013885715,0.0,0.0,300
MZI_null,MZI,MZI_null_04586,0.11195598627380585,-2.1059505787846873,-3.4092537421571785,0.0,0.0,300
MZI_null,MZI,MZI_null_04587,-0.138307957076614,2.7570375193022763,1.867814180534932,0.0,0.0,300
MZI_null,MZI,MZI_null_04588,0.29153761310663445,-1.8336399945269024,-0.13624113626199907,0.0,0.0,300
MZI_null,MZI,MZI_null_04589,-0.040078734848293225,-2.8612466093450277,-4.125660797432105,0.0,0.0,300
MZI_null,MZI,MZI_null_04590,0.012601528638652689,-4.367739784658591,0.325726766492608,0.0,0.0,300
MZI_null,MZI,MZI_null_04591,0.025501532847031452,-1.1369538689728333,4.025389819070678,0.0,0.0,300
MZI_null,MZI,MZI_null_04592,-0.005657692464838676,0.2701810085602845,5.1545283922567435,0.0,0.0,300
MZI_null,MZI,MZI_null_04593,0.19599256039425714,1.4595090953645342,-1.9200646465615,0.0,0.0,300
MZI_null,MZI,MZI_null_04594,0.034446458335169516,-5.954828876089826,0.4967432028932435,0.0,0.0,300
MZI_null,MZI,MZI_null_04595,0.041169026642076244,-1.9298446245314567,2.08158436472858,0.0,0.0,300
MZI_null,MZI,MZI_null_04596,-0.18116622336365948,2.904588553481041,1.7052940638208516,0.0,0.0,300
MZI_null,MZI,MZI_null_04597,-0.01059509694779611,-2.446188763452181,0.441833645745783,0.0,0.0,300
MZI_null,MZI,MZI_null_04598,0.2281276848095669,-1.6951768439299677,-0.5679072940623213,0.0,0.0,300
MZI_null,MZI,MZI_null_04599,0.0027177716438807,3.3460723381044177,-2.106649308811072,0.0,0.0,300
MZI_null,MZI,MZI_null_04600,-0.004426139792860689,2.390306962782984,-0.5589674991614093,0.0,0.0,300
MZI_null,MZI,MZI_null_04601,0.17055882900682834,-4.733840170708875,-1.6158775648855424,0.0,0.0,300
MZI_null,MZI,MZI_null_04602,0.2226651057660343,-4.0290191472906365,-1.4538971193091221,0.0,0.0,300
MZI_null,MZI,MZI_null_04603,0.038502784633721795,-4.96746355397896,-2.2414303558656914,0.0,0.0,300
MZI_null,MZI,MZI_null_04604,0.016895502273846057,-1.8599547975141164,2.841056062511407,0.0,0.0,300
MZI_null,MZI,MZI_null_04605,0.23121857922483802,-4.568254616002734,-0.6661944424975317,0.0,0.0,300
MZI_null,MZI,MZI_null_04606,0.10113724626371483,2.549042397397592,1.1554708919513885,0.0,0.0,300
MZI_null,MZI,MZI_null_04607,0.043637010238849756,-0.0003724040521078109,1.0213065030087796,0.0,0.0,300
MZI_null,MZI,MZI_null_04608,-0.13915714384265526,-1.4216036224811937,3.3774829825660744,0.0,0.0,300
MZI_null,MZI,MZI_null_04609,-0.031103515304100698,-1.6116600723576673,-1.7275493485780657,0.0,0.0,300
MZI_null,MZI,MZI_null_04610,-0.3470789243410312,-1.9382294682959627,-0.09462420804138194,0.0,0.0,300
MZI_null,MZI,MZI_null_04611,-0.0768740086321353,-5.463910846654184,-3.641819379344948,0.0,0.0,300
MZI_null,MZI,MZI_null_04612,0.11462814242033462,3.9175743191407157,3.1473000227162986,0.0,0.0,300
MZI_null,MZI,MZI_null_04613,-0.20165190072458275,0.5638819316521086,-2.98948712742787,0.0,0.0,300
MZI_null,MZI,MZI_null_04614,-0.08734005937631657,-3.385926793913852,1.118200849566291,0.0,0.0,300
MZI_null,MZI,MZI_null_04615,0.14388800646735572,-2.294093213839364,-1.2432122230240743,0.0,0.0,300
MZI_null,MZI,MZI_null_04616,0.06963956148536896,-0.2960163814272745,2.5286771202755873,0.0,0.0,300
MZI_null,MZI,MZI_null_04617,-0.1926557963263798,-1.93991798058791,-4.204073127673533,0.0,0.0,300
MZI_null,MZI,MZI_null_04618,-0.007641341859510458,-2.6785258630422826,-1.140248361708107,0.0,0.0,300
MZI_null,MZI,MZI_null_04619,-0.11996143321657976,-6.461869379622286,-7.283312580144709,0.0,0.0,300
MZI_null,MZI,MZI_null_04620,-0.019677023139726066,-3.293003317498817,-3.027812994411481,0.0,0.0,300
MZI_null,MZI,MZI_null_04621,0.19838226942474912,-4.578314560385933,3.250502246416408,0.0,0.0,300
MZI_null,MZI,MZI_null_04622,0.24357656164038854,-7.852701400368143,-0.7228556230030907,0.0,0.0,300
MZI_null,MZI,MZI_null_04623,-0.059954473625398616,-10.735411834151797,-5.333923759205243,0.0,0.0,300
MZI_null,MZI,MZI_null_04624,0.11624041606627114,4.057597758133793,1.7080344280977453,0.0,0.0,300
MZI_null,MZI,MZI_null_04625,0.04854487087694664,-2.0639971448932624,4.047988743944341,0.0,0.0,300
MZI_null,MZI,MZI_null_04626,0.3222358802936461,-3.7605280385725584,-6.999959680930873,0.0,0.0,300
MZI_null,MZI,MZI_null_04627,-0.31472811949068025,1.9656429764794061,-1.1411756223231595,0.0,0.0,300
MZI_null,MZI,MZI_null_04628,0.027486286568807777,-7.371952978870139,-3.259566738365399,0.0,0.0,300
MZI_null,MZI,MZI_null_04629,-0.04432212208511734,-1.3764848499077882,-2.195776116741277,0.0,0.0,300
MZI_null,MZI,MZI_null_04630,-0.1555989297452014,-4.353700977807569,2.6249698578416982,0.0,0.0,300
MZI_null,MZI,MZI_null_04631,0.03671769294052496,-0.1635295791333451,-3.696621432631989,0.0,0.0,300
MZI_null,MZI,MZI_null_04632,-0.44307352281009366,-3.569312920653489,-3.59971166327649,0.0,0.0,300
MZI_null,MZI,MZI_null_04633,0.052351840294211895,7.8571711410455265,1.0854980528547675,0.0,0.0,300
MZI_null,MZI,MZI_null_04634,0.4103940239075233,-0.29369091398165414,-2.8896587127181452,0.0,0.0,300
MZI_null,MZI,MZI_null_04635,0.05218741171813251,3.3419157984331243,4.488687788963718,0.0,0.0,300
MZI_null,MZI,MZI_null_04636,-0.08630060520646186,-1.2404489129021032,-5.287800639013436,0.0,0.0,300
MZI_null,MZI,MZI_null_04637,0.12370029370371446,2.660064097167683,-0.8806016376519515,0.0,0.0,300
MZI_null,MZI,MZI_null_04638,-0.10010760815401921,-0.9196071461673121,0.25237709408949804,0.0,0.0,300
MZI_null,MZI,MZI_null_04639,0.01217157477744303,-1.4638546269921413,-1.5214445514081127,0.0,0.0,300
MZI_null,MZI,MZI_null_04640,0.1493932392339609,0.20868233549538084,-3.949309441432448,0.0,0.0,300
MZI_null,MZI,MZI_null_04641,-0.1515885904737892,-2.763123251079686,1.2105113723155378,0.0,0.0,300
MZI_null,MZI,MZI_null_04642,0.022208612083622195,-3.929451230367966,-0.21544420982250956,0.0,0.0,300
MZI_null,MZI,MZI_null_04643,-0.04962157792834079,0.6414593806723943,-0.0008246947988577169,0.0,0.0,300
MZI_null,MZI,MZI_null_04644,-0.04729172811782157,-1.3054436838606154,2.9451441785726047,0.0,0.0,300
MZI_null,MZI,MZI_null_04645,-0.08544451148195663,-0.7920290550585172,-1.2113810213979874,0.0,0.0,300
MZI_null,MZI,MZI_null_04646,0.06404755257931495,-3.9636948247871913,-0.6689937005218726,0.0,0.0,300
MZI_null,MZI,MZI_null_04647,0.16617349236252013,-4.811020943738322,-4.988215309975246,0.0,0.0,300
MZI_null,MZI,MZI_null_04648,-0.19371833467304464,-5.511987590600567,0.7859698636779926,0.0,0.0,300
MZI_null,MZI,MZI_null_04649,-0.2108789528798198,-2.8936860342305923,0.8548679099321239,0.0,0.0,300
MZI_null,MZI,MZI_null_04650,0.06249885908228904,-3.1566769398874555,-0.42722880473468217,0.0,0.0,300
MZI_null,MZI,MZI_null_04651,0.016071799460635246,-2.672722866644559,-1.6325041559637405,0.0,0.0,300
MZI_null,MZI,MZI_null_04652,0.3353141152135441,0.42793271179390224,6.441952752536428,0.0,0.0,300
MZI_null,MZI,MZI_null_04653,-0.07454446993807519,-2.2548997906644423,-4.996377295829943,0.0,0.0,300
MZI_null,MZI,MZI_null_04654,-0.12143502031343584,3.7057394459875024,-2.566102869525269,0.0,0.0,300
MZI_null,MZI,MZI_null_04655,0.2878921950216689,-5.730086782039671,-4.16040710221983,0.0,0.0,300
MZI_null,MZI,MZI_null_04656,-0.05118468315351317,-2.1912497650375338,1.7692618773503885,0.0,0.0,300
MZI_null,MZI,MZI_null_04657,0.06761556257793988,-3.248945772032083,-1.399947419554319,0.0,0.0,300
MZI_null,MZI,MZI_null_04658,-0.04785943796770501,-4.74396120597719,-3.663888809804865,0.0,0.0,300
MZI_null,MZI,MZI_null_04659,0.15418258371501145,-7.48449478378142,3.852076092335164,0.0,0.0,300
MZI_null,MZI,MZI_null_04660,-0.051449133840334796,-4.31752581917648,1.2192778720918076,0.0,0.0,300
MZI_null,MZI,MZI_null_04661,0.22278248762206757,1.352897324811872,0.5055561480796724,0.0,0.0,300
MZI_null,MZI,MZI_null_04662,0.16302952345827537,-7.149492731431598,-2.565491624464445,0.0,0.0,300
MZI_null,MZI,MZI_null_04663,-0.1366755090037267,1.6739161936455256,-2.15043405677166,0.0,0.0,300
MZI_null,MZI,MZI_null_04664,0.12681098351730832,-0.39242917253408627,-3.586920808491043,0.0,0.0,300
MZI_null,MZI,MZI_null_04665,-0.08804373149644266,1.8814530724441774,-3.32644794605324,0.0,0.0,300
MZI_null,MZI,MZI_null_04666,0.018730141529321846,-4.347623858979335,-1.9418565607475822,0.0,0.0,300
MZI_null,MZI,MZI_null_04667,-0.006924291595495785,-4.348599530892474,-3.881340861951645,0.0,0.0,300
MZI_null,MZI,MZI_null_04668,0.042941000516616354,-4.534212226373528,-3.4319726670960176,0.0,0.0,300
MZI_null,MZI,MZI_null_04669,-0.14085797155529559,-2.233724138993955,1.831104903199524,0.0,0.0,300
MZI_null,MZI,MZI_null_04670,0.22597929544684,-4.177754257981336,5.450932379993633,0.0,0.0,300
MZI_null,MZI,MZI_null_04671,-0.15070572910601937,1.2506455699836092,-3.1650893620463276,0.0,0.0,300
MZI_null,MZI,MZI_null_04672,-0.13063849048050155,-4.234268470353166,-1.1573430989473574,0.0,0.0,300
MZI_null,MZI,MZI_null_04673,0.08699582565504155,0.00960411371446579,-3.8319550460436647,0.0,0.0,300
MZI_null,MZI,MZI_null_04674,-0.1484488931266903,-4.7499160800906415,-1.3340632071565337,0.0,0.0,300
MZI_null,MZI,MZI_null_04675,-0.03152334062863119,-4.850526386209385,-0.1911889178102676,0.0,0.0,300
MZI_null,MZI,MZI_null_04676,0.3393853212502977,-3.514146385505454,-2.3005354636106006,0.0,0.0,300
MZI_null,MZI,MZI_null_04677,0.0839492355486553,-3.6764488752103848,1.0068934451545468,0.0,0.0,300
MZI_null,MZI,MZI_null_04678,-0.10778140601685604,3.496358822731904,0.03432491777688362,0.0,0.0,300
MZI_null,MZI,MZI_null_04679,-0.09300344236150672,-3.766075098407822,-2.5413992581241045,0.0,0.0,300
MZI_null,MZI,MZI_null_04680,0.20591244993733102,-5.80625302280385,-3.003825011378514,0.0,0.0,300
MZI_null,MZI,MZI_null_04681,-0.0842490835388139,-2.047063900270814,-1.8133290779403834,0.0,0.0,300
MZI_null,MZI,MZI_null_04682,-0.2236841747085694,-3.1994680507864026,-1.2986520495549052,0.0,0.0,300
MZI_null,MZI,MZI_null_04683,-0.0942146752619675,0.06032646714299439,1.7582252862609415,0.0,0.0,300
MZI_null,MZI,MZI_null_04684,-0.011758004959408935,-1.308375239447812,-7.483167992047813,0.0,0.0,300
MZI_null,MZI,MZI_null_04685,-0.06316541582427476,1.0144650752737379,-2.270309749537833,0.0,0.0,300
MZI_null,MZI,MZI_null_04686,-0.11058925145879414,4.8330667780927925,4.457231570587416,0.0,0.0,300
MZI_null,MZI,MZI_null_04687,0.07013623687232357,1.4167318344401427,-7.677806253874233,0.0,0.0,300
MZI_null,MZI,MZI_null_04688,-0.11813271609430598,-3.4098736195194546,-1.7079402966008386,0.0,0.0,300
MZI_null,MZI,MZI_null_04689,-0.07349160314609438,-9.65007887454904,0.15807385612567937,0.0,0.0,300
MZI_null,MZI,MZI_null_04690,0.08154811924209102,2.805696374769944,-3.36492779432489,0.0,0.0,300
MZI_null,MZI,MZI_null_04691,-0.13052447366698533,-10.039953457893407,-1.8807005097726586,0.0,0.0,300
MZI_null,MZI,MZI_null_04692,0.13516676715932574,-3.835303586578158,5.430334455630945,0.0,0.0,300
MZI_null,MZI,MZI_null_04693,-0.038489225368428526,-1.5590231471343332,-5.089309241744782,0.0,0.0,300
MZI_null,MZI,MZI_null_04694,0.04308305177629192,-7.937959384558086,1.0810938650394348,0.0,0.0,300
MZI_null,MZI,MZI_null_04695,0.10866422643531183,2.077874273009531,-4.059906156303066,0.0,0.0,300
MZI_null,MZI,MZI_null_04696,0.02408431774461289,-0.3085503218404877,0.3268449149909296,0.0,0.0,300
MZI_null,MZI,MZI_null_04697,-0.1297948912702277,-9.17594566866842,0.04088089065344347,0.0,0.0,300
MZI_null,MZI,MZI_null_04698,-0.022874951746487914,-3.700011778884321,1.2918360911463984,0.0,0.0,300
MZI_null,MZI,MZI_null_04699,-0.00673793072316497,-5.957585158303398,-6.7943568672886645,0.0,0.0,300
MZI_null,MZI,MZI_null_04700,-0.1693444897699748,5.17903688430036,1.1683303217983187,0.0,0.0,300
MZI_null,MZI,MZI_null_04701,0.028291851296251766,-2.5449827815574144,-1.7421788198423074,0.0,0.0,300
MZI_null,MZI,MZI_null_04702,0.17507939750386423,-3.471787225710295,0.730761232052878,0.0,0.0,300
MZI_null,MZI,MZI_null_04703,-0.05226419254373911,3.8204698955051875,1.226865522734911,0.0,0.0,300
MZI_null,MZI,MZI_null_04704,0.18683352220254382,-3.753229324064716,2.1744083377022654,0.0,0.0,300
MZI_null,MZI,MZI_null_04705,-0.04688661380920361,-1.6698955282014523,3.9051430118583745,0.0,0.0,300
MZI_null,MZI,MZI_null_04706,-0.15641625851346286,-1.390256806083799,0.31401577555618054,0.0,0.0,300
MZI_null,MZI,MZI_null_04707,0.07800065712012148,-3.352353479280396,5.258792302424244,0.0,0.0,300
MZI_null,MZI,MZI_null_04708,-0.19423978280103904,2.3766561658974084,2.645196816774916,0.0,0.0,300
MZI_null,MZI,MZI_null_04709,0.28513331844055273,-6.76468129612346,-3.606494463669131,0.0,0.0,300
MZI_null,MZI,MZI_null_04710,0.2237914588742461,-7.631117463890927,-5.819376703121241,0.0,0.0,300
MZI_null,MZI,MZI_null_04711,-0.07324616800672376,-1.4240186341331973,3.7766752209463244,0.0,0.0,300
MZI_null,MZI,MZI_null_04712,-0.027789887239553723,-3.8247174441936176,-0.06583018691071851,0.0,0.0,300
MZI_null,MZI,MZI_null_04713,0.07043947249416012,-0.6762805334891864,-1.5339586238540353,0.0,0.0,300
MZI_null,MZI,MZI_null_04714,-0.29326291708772245,-4.7528479673189965,3.260813255802387,0.0,0.0,300
MZI_null,MZI,MZI_null_04715,0.028060340696489976,-2.96756635732117,2.3545056451219244,0.0,0.0,300
MZI_null,MZI,MZI_null_04716,-0.16951749485534226,-2.676044401139023,-0.5867247844778883,0.0,0.0,300
MZI_null,MZI,MZI_null_04717,-0.06620662549419437,-1.6977115312952038,-1.5630817942652957,0.0,0.0,300
MZI_null,MZI,MZI_null_04718,-0.20990145716788125,-1.455566354362832,-4.985055374538603,0.0,0.0,300
MZI_null,MZI,MZI_null_04719,0.024842268764508332,2.1224074724503286,-1.8430695918281632,0.0,0.0,300
MZI_null,MZI,MZI_null_04720,-0.17572246949564793,-2.3809634396149413,-3.495913324235594,0.0,0.0,300
MZI_null,MZI,MZI_null_04721,0.08917635039472042,-2.443966242568561,4.12928975499372,0.0,0.0,300
MZI_null,MZI,MZI_null_04722,0.17444843935160073,-2.459241513444208,1.1468272039192722,0.0,0.0,300
MZI_null,MZI,MZI_null_04723,-0.05898546137442681,-1.898129344504495,-2.084302589050937,0.0,0.0,300
MZI_null,MZI,MZI_null_04724,0.1149683939774563,2.2989648301287344,1.3959446215734301,0.0,0.0,300
MZI_null,MZI,MZI_null_04725,0.13829049019280337,0.769100311707188,0.6537677670041298,0.0,0.0,300
MZI_null,MZI,MZI_null_04726,-0.17089292388154018,3.1029145582494992,4.4132324800952745,0.0,0.0,300
MZI_null,MZI,MZI_null_04727,-0.03508194049700526,-3.112093745648546,0.8372349587461252,0.0,0.0,300
MZI_null,MZI,MZI_null_04728,0.08262192527752572,-2.6058382062590564,-4.750076966762812,0.0,0.0,300
MZI_null,MZI,MZI_null_04729,0.04585517861246656,-0.34569038547336417,1.177463444116392,0.0,0.0,300
MZI_null,MZI,MZI_null_04730,0.05239391585313113,-2.8133454450857283,1.9820061185188345,0.0,0.0,300
MZI_null,MZI,MZI_null_04731,0.00987727463488775,-3.3947690430941617,-1.541960146137163,0.0,0.0,300
MZI_null,MZI,MZI_null_04732,-0.26189535487124727,-2.5467254725356163,1.0653095596240059,0.0,0.0,300
MZI_null,MZI,MZI_null_04733,0.050967453320884516,2.5619925189435584,-1.7889247420471126,0.0,0.0,300
MZI_null,MZI,MZI_null_04734,0.07309697445799741,0.37822052891731595,6.028571024862224,0.0,0.0,300
MZI_null,MZI,MZI_null_04735,0.021714823667646058,-5.13256153659207,1.5437862600658456,0.0,0.0,300
MZI_null,MZI,MZI_null_04736,0.27985910339526854,-2.9676461306798645,1.5232446158192472,0.0,0.0,300
MZI_null,MZI,MZI_null_04737,0.18430920828433803,1.0511966319104604,-0.6233244325792662,0.0,0.0,300
MZI_null,MZI,MZI_null_04738,-0.10477106373197193,-2.2438386440407574,0.37580136163289213,0.0,0.0,300
MZI_null,MZI,MZI_null_04739,0.13623337861375934,-0.9981648560028822,-2.139723899621731,0.0,0.0,300
MZI_null,MZI,MZI_null_04740,0.0833069484224653,0.5802552032284609,0.1388301692434415,0.0,0.0,300
MZI_null,MZI,MZI_null_04741,-0.12542806718074873,-2.54421810415157,1.8434623292374002,0.0,0.0,300
MZI_null,MZI,MZI_null_04742,-0.20745267131167106,-8.279534067173477,3.5242485504320618,0.0,0.0,300
MZI_null,MZI,MZI_null_04743,0.07671228825328195,-0.17980999243968077,-4.230450920881168,0.0,0.0,300
MZI_null,MZI,MZI_null_04744,0.11062920951998069,-1.1742539372949072,-5.752982733545192,0.0,0.0,300
MZI_null,MZI,MZI_null_04745,0.2136425121410786,-1.5239500291438133,-2.188251898237806,0.0,0.0,300
MZI_null,MZI,MZI_null_04746,-0.056698461897782645,-8.04566571629713,0.7800097988940902,0.0,0.0,300
MZI_null,MZI,MZI_null_04747,0.0392785810868588,-2.5822403969992846,2.8354556223550165,0.0,0.0,300
MZI_null,MZI,MZI_null_04748,-0.20757885284937685,-3.7903174291028456,-3.5500247642811575,0.0,0.0,300
MZI_null,MZI,MZI_null_04749,-0.041819246965732956,-1.797589924228331,0.2900405714340646,0.0,0.0,300
MZI_null,MZI,MZI_null_04750,-0.05204601796576759,-4.632067205464681,4.058020849311332,0.0,0.0,300
MZI_null,MZI,MZI_null_04751,0.3617460287682853,-1.570139984353924,-3.2703411010626016,0.0,0.0,300
MZI_null,MZI,MZI_null_04752,0.22131811965634413,-6.340271318985396,-2.0043199741144826,0.0,0.0,300
MZI_null,MZI,MZI_null_04753,-0.10441755770194526,-5.478606651351466,-1.8400726987653087,0.0,0.0,300
MZI_null,MZI,MZI_null_04754,-0.12962581187609473,-1.9620366075540365,-0.918468496982608,0.0,0.0,300
MZI_null,MZI,MZI_null_04755,-0.09319975852829689,-3.1115400697816087,-1.6925469037111316,0.0,0.0,300
MZI_null,MZI,MZI_null_04756,0.12147690916791405,-2.4452882031925567,1.474105222358292,0.0,0.0,300
MZI_null,MZI,MZI_null_04757,0.08787194753319834,-0.28540790929777415,3.1635379110379205,0.0,0.0,300
MZI_null,MZI,MZI_null_04758,-0.16790863196188646,-3.419549318921341,4.289896400898708,0.0,0.0,300
MZI_null,MZI,MZI_null_04759,-0.03859747508839012,-10.445371069717549,-1.608905029443656,0.0,0.0,300
MZI_null,MZI,MZI_null_04760,0.020240929524487465,-9.851339352293632,3.001806919663845,0.0,0.0,300
MZI_null,MZI,MZI_null_04761,-0.1070568695798403,-1.0143106544374534,-1.6779446360321868,0.0,0.0,300
MZI_null,MZI,MZI_null_04762,-0.19325271288060622,-5.21152440390626,-3.8052485092826407,0.0,0.0,300
MZI_null,MZI,MZI_null_04763,0.1628507863775457,-2.4426145643004555,-2.5655965496552398,0.0,0.0,300
MZI_null,MZI,MZI_null_04764,-0.1401913368885347,1.588450664578379,3.3926038175707616,0.0,0.0,300
MZI_null,MZI,MZI_null_04765,0.1777115848060021,-0.5226879825375002,-0.1305098743878652,0.0,0.0,300
MZI_null,MZI,MZI_null_04766,-0.18239067269638523,-2.7374573801331725,-3.0515806100393097,0.0,0.0,300
MZI_null,MZI,MZI_null_04767,-0.27382681634770645,1.1711302574960971,-3.0874898391768255,0.0,0.0,300
MZI_null,MZI,MZI_null_04768,0.17939128611529606,0.6452392022800364,0.6701539299002564,0.0,0.0,300
MZI_null,MZI,MZI_null_04769,0.09193261076447755,-3.8459416462211227,4.573550453871995,0.0,0.0,300
MZI_null,MZI,MZI_null_04770,0.006468814642957375,-1.0942049446438884,-2.947229000699917,0.0,0.0,300
MZI_null,MZI,MZI_null_04771,-0.139674789116544,-0.5681119735717304,-0.34745951218364357,0.0,0.0,300
MZI_null,MZI,MZI_null_04772,-0.11840285488538659,-6.315280156326212,-4.809769261982641,0.0,0.0,300
MZI_null,MZI,MZI_null_04773,0.17942005756366605,-3.8397614439502146,-2.016725637027501,0.0,0.0,300
MZI_null,MZI,MZI_null_04774,0.21755103881385932,-5.3664516844592445,-3.18098447715117,0.0,0.0,300
MZI_null,MZI,MZI_null_04775,-0.11531502428410396,2.8542054434981186,4.980150501747241,0.0,0.0,300
MZI_null,MZI,MZI_null_04776,0.11273448381032564,0.3501541724627195,-2.741065008558193,0.0,0.0,300
MZI_null,MZI,MZI_null_04777,0.2920992730356424,-1.1969112369240142,1.5593307933492198,0.0,0.0,300
MZI_null,MZI,MZI_null_04778,-0.015828740815643116,-2.804097761982832,3.9891267787883518,0.0,0.0,300
MZI_null,MZI,MZI_null_04779,0.08095855196074606,2.3541263832111454,-0.23401548476486678,0.0,0.0,300
MZI_null,MZI,MZI_null_04780,-0.1272549804634636,-3.750028798635464,-0.6911042726061685,0.0,0.0,300
MZI_null,MZI,MZI_null_04781,-0.093975032406499,-5.322384225883072,2.6042510953610742,0.0,0.0,300
MZI_null,MZI,MZI_null_04782,-0.08173051062352682,-1.585421756626039,-0.11159923034318586,0.0,0.0,300
MZI_null,MZI,MZI_null_04783,-0.0882229687980853,2.3523983989262183,-4.351425283613839,0.0,0.0,300
MZI_null,MZI,MZI_null_04784,0.03924378953711563,-1.261646880870249,-1.1627638085924437,0.0,0.0,300
MZI_null,MZI,MZI_null_04785,-0.19453689199079738,0.6124526555903929,1.23053201100379,0.0,0.0,300
MZI_null,MZI,MZI_null_04786,-0.10133527928868244,0.12246162161608565,0.12472305890232738,0.0,0.0,300
MZI_null,MZI,MZI_null_04787,-0.19209182180416626,-4.561786743714072,2.4148443346687376,0.0,0.0,300
MZI_null,MZI,MZI_null_04788,0.046412427771307545,-3.6929088374318786,-3.5754276735179262,0.0,0.0,300
MZI_null,MZI,MZI_null_04789,-0.07730906971731312,-3.3334385896331136,-3.537889097887755,0.0,0.0,300
MZI_null,MZI,MZI_null_04790,-0.26126461685749536,1.4200398592023564,1.9119010178343294,0.0,0.0,300
MZI_null,MZI,MZI_null_04791,-0.19098831777102893,-1.591066113308997,-3.7067146081443,0.0,0.0,300
MZI_null,MZI,MZI_null_04792,-0.0392350834839803,-3.0342997396209697,-2.2835026471536173,0.0,0.0,300
MZI_null,MZI,MZI_null_04793,0.3004420626114429,-3.320977054028571,-3.424791475200774,0.0,0.0,300
MZI_null,MZI,MZI_null_04794,-0.11438721442455718,1.1313308692052653,-5.956306995078805,0.0,0.0,300
MZI_null,MZI,MZI_null_04795,-0.11439343746532801,2.3404685203346016,-0.26804143600705965,0.0,0.0,300
MZI_null,MZI,MZI_null_04796,0.028788300755416982,4.396439380431104,-0.2609561411545036,0.0,0.0,300
MZI_null,MZI,MZI_null_04797,-0.10622792420393737,-2.846231170629046,-4.406296927091706,0.0,0.0,300
MZI_null,MZI,MZI_null_04798,0.18839055600235452,-0.276314847389854,2.3732424499126674,0.0,0.0,300
MZI_null,MZI,MZI_null_04799,0.1819475892824056,-3.242632342782598,-3.8342585560266693,0.0,0.0,300
MZI_null,MZI,MZI_null_04800,-0.007756966696206876,-4.618283212365615,-0.505129373772926,0.0,0.0,300
MZI_null,MZI,MZI_null_04801,0.16981453212520337,-2.5044189381475017,-0.5500147302767826,0.0,0.0,300
MZI_null,MZI,MZI_null_04802,-0.014076842433504978,0.4081827173130934,-3.00334718286487,0.0,0.0,300
MZI_null,MZI,MZI_null_04803,-0.32946693924646486,-0.5873934218738577,1.9635032639239807,0.0,0.0,300
MZI_null,MZI,MZI_null_04804,0.06695613671378035,-3.9206914864040416,-4.405036294558207,0.0,0.0,300
MZI_null,MZI,MZI_null_04805,0.07417462976704821,-1.5755631411959792,-1.3773778829749892,0.0,0.0,300
MZI_null,MZI,MZI_null_04806,0.27336950144906863,-4.840400282543995,4.325111063382397,0.0,0.0,300
MZI_null,MZI,MZI_null_04807,0.00476758573059599,-7.506711430612624,-1.5376079629574226,0.0,0.0,300
MZI_null,MZI,MZI_null_04808,0.14392441148991614,-3.0951650984149124,-5.4243356237151845,0.0,0.0,300
MZI_null,MZI,MZI_null_04809,-0.024677179769425493,-4.571517121675117,0.4754432032638878,0.0,0.0,300
MZI_null,MZI,MZI_null_04810,0.11600997241014169,-5.168811223244319,-3.117412165346949,0.0,0.0,300
MZI_null,MZI,MZI_null_04811,0.11349636976604065,-4.576532834896877,-4.246474407483985,0.0,0.0,300
MZI_null,MZI,MZI_null_04812,-0.1768036697694382,-0.9438841611256388,-0.07252684144760746,0.0,0.0,300
MZI_null,MZI,MZI_null_04813,-0.10260690455685624,-1.9847438116152978,3.5813971524653914,0.0,0.0,300
MZI_null,MZI,MZI_null_04814,-0.14610902353773325,-7.8552278270313485,0.3652267271611114,0.0,0.0,300
MZI_null,MZI,MZI_null_04815,-0.01656017458523827,-4.130075260445304,0.9562407120647238,0.0,0.0,300
MZI_null,MZI,MZI_null_04816,0.12588377170031848,-8.624834059640278,-2.957793727994465,0.0,0.0,300
MZI_null,MZI,MZI_null_04817,0.3476274346795282,-0.2497852526054274,1.028310914891449,0.0,0.0,300
MZI_null,MZI,MZI_null_04818,0.17593414179472175,-1.9487935244008217,1.3900524802748602,0.0,0.0,300
MZI_null,MZI,MZI_null_04819,0.10770930657558038,-0.38287550974172335,-1.966035911852214,0.0,0.0,300
MZI_null,MZI,MZI_null_04820,0.02580883835493883,-3.7650846929203348,-0.9615570863005152,0.0,0.0,300
MZI_null,MZI,MZI_null_04821,-0.17527363381489003,-4.371871973818857,-1.8469361257747887,0.0,0.0,300
MZI_null,MZI,MZI_null_04822,-0.14155581471451142,-3.515051812235529,-1.491777930266548,0.0,0.0,300
MZI_null,MZI,MZI_null_04823,0.0603393516996566,0.8477719055587278,-2.391353114134324,0.0,0.0,300
MZI_null,MZI,MZI_null_04824,0.20026569259029356,0.8158332358764797,0.5122814958318256,0.0,0.0,300
MZI_null,MZI,MZI_null_04825,0.023047369394492836,-1.042637474394376,2.5611534519991457,0.0,0.0,300
MZI_null,MZI,MZI_null_04826,0.18353694896389103,2.004840185150929,-0.8760195043689906,0.0,0.0,300
MZI_null,MZI,MZI_null_04827,0.08324507474979194,2.0306395198661544,-2.871148104749178,0.0,0.0,300
MZI_null,MZI,MZI_null_04828,-0.047762528057745564,-1.951890010959565,1.6987962139382193,0.0,0.0,300
MZI_null,MZI,MZI_null_04829,0.13727582260779342,-2.692592333593806,-5.52582836313913,0.0,0.0,300
MZI_null,MZI,MZI_null_04830,0.03692759164439509,-4.754948411985204,-5.469808613920668,0.0,0.0,300
MZI_null,MZI,MZI_null_04831,-0.18958073411005746,-1.0208569764633186,3.0831120827984213,0.0,0.0,300
MZI_null,MZI,MZI_null_04832,0.005834177435436576,-1.365858036062106,2.548684816633776,0.0,0.0,300
MZI_null,MZI,MZI_null_04833,-0.23166823636253311,-0.43947073519918534,-1.0347693529564637,0.0,0.0,300
MZI_null,MZI,MZI_null_04834,0.08490861882481007,-3.4504517252114484,-3.4538118712794468,0.0,0.0,300
MZI_null,MZI,MZI_null_04835,0.021076335642840813,2.9475739700033854,1.5827303136243884,0.0,0.0,300
MZI_null,MZI,MZI_null_04836,-0.07615391552701373,-6.022916107943839,-6.046201851093357,0.0,0.0,300
MZI_null,MZI,MZI_null_04837,0.1974149177775722,-4.865246864407482,-1.9765402389848095,0.0,0.0,300
MZI_null,MZI,MZI_null_04838,0.19818166891163644,-6.841704366436975,3.4767935284251763,0.0,0.0,300
MZI_null,MZI,MZI_null_04839,-0.038046068083875284,-5.445749945716217,-1.7420527814467395,0.0,0.0,300
MZI_null,MZI,MZI_null_04840,-0.10838951721022165,-0.6775406032828528,-2.9443973016633334,0.0,0.0,300
MZI_null,MZI,MZI_null_04841,-0.28674633163785646,-2.6616876032269685,-5.069635156859617,0.0,0.0,300
MZI_null,MZI,MZI_null_04842,0.030647982598247962,-5.561390996849973,-2.4640384095162577,0.0,0.0,300
MZI_null,MZI,MZI_null_04843,0.02738817063215043,-2.6373761751028084,-0.2487091509968654,0.0,0.0,300
MZI_null,MZI,MZI_null_04844,0.10204307485766352,-5.473801099193919,-1.1931926218741238,0.0,0.0,300
MZI_null,MZI,MZI_null_04845,-0.49942556962621937,-1.2580000949524286,-1.9024423911245267,0.0,0.0,300
MZI_null,MZI,MZI_null_04846,-0.1475174645216957,-1.0528417331104278,2.5180927315552024,0.0,0.0,300
MZI_null,MZI,MZI_null_04847,-0.07140266213984146,-4.8344434707251605,-0.504924212683865,0.0,0.0,300
MZI_null,MZI,MZI_null_04848,-0.2003409999969541,-3.9811441116066173,2.6672064849515067,0.0,0.0,300
MZI_null,MZI,MZI_null_04849,0.009326884471843143,-7.638400891838499,-6.390974941838203,0.0,0.0,300
MZI_null,MZI,MZI_null_04850,0.02431285389701633,0.5871717277530628,-5.85286437587845,0.0,0.0,300
MZI_null,MZI,MZI_null_04851,0.06745689112447627,1.9910305224691562,4.663576963875916,0.0,0.0,300
MZI_null,MZI,MZI_null_04852,0.04968341397898145,-0.4795922163425774,-7.3995532828844315,0.0,0.0,300
MZI_null,MZI,MZI_null_04853,0.31496288219939833,-3.726470639288364,-3.800413475275124,0.0,0.0,300
MZI_null,MZI,MZI_null_04854,-0.038280920165943685,2.5350202425562935,5.6241381426306445,0.0,0.0,300
MZI_null,MZI,MZI_null_04855,0.01881130192137666,0.9942525178109656,-0.8703878539434883,0.0,0.0,300
MZI_null,MZI,MZI_null_04856,-0.1556693209527276,2.4302310123648727,-2.8663824410691667,0.0,0.0,300
MZI_null,MZI,MZI_null_04857,0.23032961600578233,1.8956239893072513,0.8421087918716244,0.0,0.0,300
MZI_null,MZI,MZI_null_04858,0.27434621343815296,4.697038099557215,-1.5257300888929346,0.0,0.0,300
MZI_null,MZI,MZI_null_04859,-0.12131911776246468,-7.592809511769417,5.734046766290769,0.0,0.0,300
MZI_null,MZI,MZI_null_04860,-0.06595230133776744,1.4051105713052188,-3.2237661025284496,0.0,0.0,300
MZI_null,MZI,MZI_null_04861,0.23073984613680523,-4.10035277544624,-4.57515740085203,0.0,0.0,300
MZI_null,MZI,MZI_null_04862,-0.031275964643062544,-3.595327102884912,0.7888993563836373,0.0,0.0,300
MZI_null,MZI,MZI_null_04863,-0.007709239078878543,-0.11689281634423576,-1.8730644192558819,0.0,0.0,300
MZI_null,MZI,MZI_null_04864,-0.09976610565282078,-3.75068164368822,5.134816394093079,0.0,0.0,300
MZI_null,MZI,MZI_null_04865,0.033775639834040375,-7.951286628359133,-2.560627040362243,0.0,0.0,300
MZI_null,MZI,MZI_null_04866,0.014529904871381342,3.536199043751136,2.086096147669698,0.0,0.0,300
MZI_null,MZI,MZI_null_04867,-0.13825767547228726,5.255067260717354,-1.0934810944044329,0.0,0.0,300
MZI_null,MZI,MZI_null_04868,0.18694947166124168,-5.4650254921997075,-8.194489285752693,0.0,0.0,300
MZI_null,MZI,MZI_null_04869,-0.2112647235552541,-11.751000428587117,5.336267981758725,0.0,0.0,300
MZI_null,MZI,MZI_null_04870,0.0321799378329624,-4.773932055344094,0.3578720899403627,0.0,0.0,300
MZI_null,MZI,MZI_null_04871,0.028400105427024876,-0.1371998131580261,2.628594203408806,0.0,0.0,300
MZI_null,MZI,MZI_null_04872,-0.0434881729537523,-4.6395179183029605,1.4833256431157533,0.0,0.0,300
MZI_null,MZI,MZI_null_04873,0.12034991668266987,-1.6977925756359653,5.532662566042317,0.0,0.0,300
MZI_null,MZI,MZI_null_04874,-0.06567331842924783,-4.699573914905805,0.254274282519805,0.0,0.0,300
MZI_null,MZI,MZI_null_04875,-0.10124067853702474,-0.5134504275653131,-3.49902476751832,0.0,0.0,300
MZI_null,MZI,MZI_null_04876,-0.06003634243978283,3.672521260117496,-2.2167620702430364,0.0,0.0,300
MZI_null,MZI,MZI_null_04877,-0.11982773160259444,1.5120363661195007,-4.153125850860081,0.0,0.0,300
MZI_null,MZI,MZI_null_04878,-0.1039414845220602,-0.27031663847301646,1.8152342716198753,0.0,0.0,300
MZI_null,MZI,MZI_null_04879,0.18307145866216118,-4.241665496661454,0.7880260189583597,0.0,0.0,300
MZI_null,MZI,MZI_null_04880,-0.06991622993162694,-3.816966900531897,2.609638346876856,0.0,0.0,300
MZI_null,MZI,MZI_null_04881,-0.08243315937893793,-1.1653862119370604,-0.5332615923080837,0.0,0.0,300
MZI_null,MZI,MZI_null_04882,-0.16061315645077537,0.8982785660689623,0.6808426810368613,0.0,0.0,300
MZI_null,MZI,MZI_null_04883,-0.2979435917805631,-1.1677366662879705,-3.318920302499863,0.0,0.0,300
MZI_null,MZI,MZI_null_04884,0.16456129596189414,-6.336199510342274,-2.069430905888632,0.0,0.0,300
MZI_null,MZI,MZI_null_04885,0.05430368264826986,-1.8369791175743744,1.2888747701419145,0.0,0.0,300
MZI_null,MZI,MZI_null_04886,-0.22776329790139335,2.9557430106021343,0.5754339763648142,0.0,0.0,300
MZI_null,MZI,MZI_null_04887,0.2039577319501344,0.6227205076997251,-1.0348303433651307,0.0,0.0,300
MZI_null,MZI,MZI_null_04888,-0.1926297316366741,-3.6906595437461025,3.768689998587732,0.0,0.0,300
MZI_null,MZI,MZI_null_04889,0.20781566724845735,-3.85879994031107,-9.454912858606537,0.0,0.0,300
MZI_null,MZI,MZI_null_04890,-0.03190346014576781,-2.8631086643873496,-1.74931783612115,0.0,0.0,300
MZI_null,MZI,MZI_null_04891,0.07928088027471021,0.6286377379649895,1.9708986412985725,0.0,0.0,300
MZI_null,MZI,MZI_null_04892,0.06685637102030503,-7.402312105767908,-2.0235991980798866,0.0,0.0,300
MZI_null,MZI,MZI_null_04893,0.3456134675323785,-0.8773497955925649,0.10345870533159562,0.0,0.0,300
MZI_null,MZI,MZI_null_04894,0.05392289096607868,-0.7538611324820306,-8.14933654325777,0.0,0.0,300
MZI_null,MZI,MZI_null_04895,-0.03592864753666029,-2.113678495384068,2.8444861977602374,0.0,0.0,300
MZI_null,MZI,MZI_null_04896,0.007150934193344391,-6.939534159805824,0.29026746851525664,0.0,0.0,300
MZI_null,MZI,MZI_null_04897,-0.12057369723641179,-5.650356923244253,-3.5024771401497423,0.0,0.0,300
MZI_null,MZI,MZI_null_04898,0.08137563444967733,1.7762837192802055,0.4487898355327602,0.0,0.0,300
MZI_null,MZI,MZI_null_04899,0.09480348354255322,-0.5808641814859965,-0.6960184694185951,0.0,0.0,300
MZI_null,MZI,MZI_null_04900,0.10453959524441364,-9.256326401208263,-0.6667349460855005,0.0,0.0,300
MZI_null,MZI,MZI_null_04901,-0.15673875519333774,1.4887077176324182,-1.4414659156505816,0.0,0.0,300
MZI_null,MZI,MZI_null_04902,0.004642213240174527,-6.51521562276141,2.0504926670385544,0.0,0.0,300
MZI_null,MZI,MZI_null_04903,0.0940992180410714,-0.32915635297849044,-3.439068556506467,0.0,0.0,300
MZI_null,MZI,MZI_null_04904,-0.11604597674071951,-1.329201636662284,-3.0834952307441537,0.0,0.0,300
MZI_null,MZI,MZI_null_04905,0.06523394440160077,-8.482737808300167,-2.462633669219778,0.0,0.0,300
MZI_null,MZI,MZI_null_04906,0.2695130198139737,-0.6815425160127055,-0.49961900640702195,0.0,0.0,300
MZI_null,MZI,MZI_null_04907,0.2977839803507035,-9.007860856404307,-3.4459333443643225,0.0,0.0,300
MZI_null,MZI,MZI_null_04908,-0.06017597576210836,0.5750536990161703,1.6269690896847093,0.0,0.0,300
MZI_null,MZI,MZI_null_04909,-0.1299010063473939,0.993862966427649,-2.2099443019651224,0.0,0.0,300
MZI_null,MZI,MZI_null_04910,0.18174594384737502,-5.097928094366173,-1.3699347971984817,0.0,0.0,300
MZI_null,MZI,MZI_null_04911,-0.07352509730648404,1.168091114697141,-2.5683436496985133,0.0,0.0,300
MZI_null,MZI,MZI_null_04912,-0.006367279351763401,-0.4795658070108524,0.6357754490783583,0.0,0.0,300
MZI_null,MZI,MZI_null_04913,0.13304289112097573,-1.3666256694659997,-2.2547467458394936,0.0,0.0,300
MZI_null,MZI,MZI_null_04914,-0.05245481180381257,-1.922983054377164,-0.2512225717768499,0.0,0.0,300
MZI_null,MZI,MZI_null_04915,-0.022075747177265456,-1.9423897371033583,-5.551761581716316,0.0,0.0,300
MZI_null,MZI,MZI_null_04916,0.10010329266820173,-1.4566631333317104,2.005611240623265,0.0,0.0,300
MZI_null,MZI,MZI_null_04917,2.407611106274049e-05,-7.215192735565359,-2.0753385679200247,0.0,0.0,300
MZI_null,MZI,MZI_null_04918,-0.029989488467762518,0.2287099163007964,-7.210820633540186,0.0,0.0,300
MZI_null,MZI,MZI_null_04919,0.006176927542340233,-0.45897435262008157,-2.984463655844559,0.0,0.0,300
MZI_null,MZI,MZI_null_04920,0.011194201472527107,-3.8811095274495337,-3.1887187996611717,0.0,0.0,300
MZI_null,MZI,MZI_null_04921,-0.06126297751969755,-4.1320759774010325,1.0508549358089976,0.0,0.0,300
MZI_null,MZI,MZI_null_04922,-0.11024278152530666,-4.708730021143782,4.303786000518601,0.0,0.0,300
MZI_null,MZI,MZI_null_04923,0.1441110017736053,-7.5845400819776,-3.2943048695576005,0.0,0.0,300
MZI_null,MZI,MZI_null_04924,0.03636944575840662,-1.02873479830552,-5.47147859721068,0.0,0.0,300
MZI_null,MZI,MZI_null_04925,0.1737848239233483,0.4756732575448779,0.44570489612101594,0.0,0.0,300
MZI_null,MZI,MZI_null_04926,0.20350927360681817,-0.6431300222872458,0.3457426377555417,0.0,0.0,300
MZI_null,MZI,MZI_null_04927,0.23365189077333634,1.303658742183126,-3.524522376734594,0.0,0.0,300
MZI_null,MZI,MZI_null_04928,0.0949792768007873,-3.9928035948757463,0.5124636528508337,0.0,0.0,300
MZI_null,MZI,MZI_null_04929,0.07149202605297215,-6.150401937367958,-1.3655368339331058,0.0,0.0,300
MZI_null,MZI,MZI_null_04930,0.03978855353706034,-3.308870572982471,-0.05587017282772089,0.0,0.0,300
MZI_null,MZI,MZI_null_04931,0.12088466655016031,-2.091779192692267,-0.32620156987522153,0.0,0.0,300
MZI_null,MZI,MZI_null_04932,0.20751361178339625,-0.5804102503243216,-0.397527130976579,0.0,0.0,300
MZI_null,MZI,MZI_null_04933,-0.1437119069462041,0.013078034166546182,-0.009550151824184394,0.0,0.0,300
MZI_null,MZI,MZI_null_04934,0.1925609150552112,-1.8593643700900662,-6.448799500401988,0.0,0.0,300
MZI_null,MZI,MZI_null_04935,-0.25501813032423926,0.20704229127920026,-2.7105807930944597,0.0,0.0,300
MZI_null,MZI,MZI_null_04936,0.06551516266657459,-1.6573020664929317,-1.5005190030817621,0.0,0.0,300
MZI_null,MZI,MZI_null_04937,-0.014454192838233505,-4.59616851513568,-1.0473330666990122,0.0,0.0,300
MZI_null,MZI,MZI_null_04938,-0.0876740149191598,-3.116769560377114,-1.9709471341274831,0.0,0.0,300
MZI_null,MZI,MZI_null_04939,-0.034003990484807886,0.7665203695212588,-1.3893724876140805,0.0,0.0,300
MZI_null,MZI,MZI_null_04940,0.1535553504885148,2.6135648539794447,1.5648339531684483,0.0,0.0,300
MZI_null,MZI,MZI_null_04941,0.08017028026027666,-1.0195033715494393,1.59607612715021,0.0,0.0,300
MZI_null,MZI,MZI_null_04942,0.013404110789435925,0.9537095378715956,0.842317415869053,0.0,0.0,300
MZI_null,MZI,MZI_null_04943,-0.05397606911705818,0.6875526403084176,-0.7255599820672944,0.0,0.0,300
MZI_null,MZI,MZI_null_04944,-0.015919801141847406,-3.4285974811969613,-0.5019434563762832,0.0,0.0,300
MZI_null,MZI,MZI_null_04945,0.14946939231194753,0.6668200167791118,0.06018139237687037,0.0,0.0,300
MZI_null,MZI,MZI_null_04946,0.08994654610875528,1.8150903745676734,-1.4498988735125833,0.0,0.0,300
MZI_null,MZI,MZI_null_04947,-0.16731300052953094,1.9033895565357177,-2.589334756092155,0.0,0.0,300
MZI_null,MZI,MZI_null_04948,-0.10355071850158569,-7.388593266003654,0.7138491594928893,0.0,0.0,300
MZI_null,MZI,MZI_null_04949,-0.2432178936828332,-4.2507764230752105,0.7647103835451761,0.0,0.0,300
MZI_null,MZI,MZI_null_04950,0.1082881878612558,-3.955112444654701,-1.4024599809772158,0.0,0.0,300
MZI_null,MZI,MZI_null_04951,-0.13088917896092295,-3.645190363433548,-0.20135421954127897,0.0,0.0,300
MZI_null,MZI,MZI_null_04952,-0.07524700181946864,-2.7326451205270077,-5.3941200448527,0.0,0.0,300
MZI_null,MZI,MZI_null_04953,0.1699434247209206,-0.4698002204868028,1.3787161155116054,0.0,0.0,300
MZI_null,MZI,MZI_null_04954,0.19356379869252932,-4.475638626637149,-2.0751834490840713,0.0,0.0,300
MZI_null,MZI,MZI_null_04955,-0.28422515513733165,7.421268730306711,-1.4487559459521284,0.0,0.0,300
MZI_null,MZI,MZI_null_04956,0.1558091849872368,-5.714483433006376,1.9891652769290284,0.0,0.0,300
MZI_null,MZI,MZI_null_04957,0.27863863149744983,-2.180842247083944,-4.0326444897688045,0.0,0.0,300
MZI_null,MZI,MZI_null_04958,-0.020819460141830403,-8.68028457487168,-1.1136601030655258,0.0,0.0,300
MZI_null,MZI,MZI_null_04959,0.12314507089694937,-2.1072729331205426,-1.8524186640669023,0.0,0.0,300
MZI_null,MZI,MZI_null_04960,0.07913521741680495,-0.18792545915134218,-5.979716687515548,0.0,0.0,300
MZI_null,MZI,MZI_null_04961,0.01332344434181827,5.30795537268773,-5.0050487369440715,0.0,0.0,300
MZI_null,MZI,MZI_null_04962,-0.012812824924959972,3.8252383661551086,2.3125254696310265,0.0,0.0,300
MZI_null,MZI,MZI_null_04963,-0.07700950211640922,-1.3815938611321885,-1.0063350399544702,0.0,0.0,300
MZI_null,MZI,MZI_null_04964,-0.11221077064825011,-2.2227563224792473,-1.8398983984195876,0.0,0.0,300
MZI_null,MZI,MZI_null_04965,0.01691234071151245,-4.245149542073101,-4.8298546007339835,0.0,0.0,300
MZI_null,MZI,MZI_null_04966,-0.006192116008855617,3.14535465453634,-0.7533912212116105,0.0,0.0,300
MZI_null,MZI,MZI_null_04967,-0.0497390668397318,0.2622574151154953,-1.4749588377861356,0.0,0.0,300
MZI_null,MZI,MZI_null_04968,0.2802049387438665,-2.0117375278852356,1.10149118947449,0.0,0.0,300
MZI_null,MZI,MZI_null_04969,-0.11319065735899092,-0.4907322399900127,-0.17471956916873754,0.0,0.0,300
MZI_null,MZI,MZI_null_04970,-0.008475918698881205,-3.505273283509161,-2.9140904969571233,0.0,0.0,300
MZI_null,MZI,MZI_null_04971,0.04235289959694788,-0.11318267091057921,-1.3814883888823943,0.0,0.0,300
MZI_null,MZI,MZI_null_04972,0.04309018936811886,-2.1137440343983087,-0.7044219252838364,0.0,0.0,300
MZI_null,MZI,MZI_null_04973,-0.03006674740158375,-1.9460822618950753,7.094121370452278,0.0,0.0,300
MZI_null,MZI,MZI_null_04974,0.04674514482111373,-0.06410912470687125,0.3140708159842909,0.0,0.0,300
MZI_null,MZI,MZI_null_04975,-0.039422523494558916,1.881967639875004,-1.873491311279024,0.0,0.0,300
MZI_null,MZI,MZI_null_04976,0.1582581823413827,-3.0026209941993462,-3.8799175574321225,0.0,0.0,300
MZI_null,MZI,MZI_null_04977,0.05480943123542894,-5.3140050683063205,0.6069206750498277,0.0,0.0,300
MZI_null,MZI,MZI_null_04978,-0.1791237984136975,-2.95702409141856,-5.295189089574224,0.0,0.0,300
MZI_null,MZI,MZI_null_04979,0.4236250514104094,-6.961878678848943,-0.970558778810787,0.0,0.0,300
MZI_null,MZI,MZI_null_04980,0.17149564114950205,1.1091577257610759,1.5540263665194116,0.0,0.0,300
MZI_null,MZI,MZI_null_04981,-0.04758425823322133,2.0532668390110054,1.740173272406548,0.0,0.0,300
MZI_null,MZI,MZI_null_04982,0.031844942649071485,-1.2782577268202238,-1.9117679428461178,0.0,0.0,300
MZI_null,MZI,MZI_null_04983,-0.13644780387495575,1.7114529264361495,2.9366239808045957,0.0,0.0,300
MZI_null,MZI,MZI_null_04984,-0.13261637115448818,-2.4613554954385752,-1.4302696493767872,0.0,0.0,300
MZI_null,MZI,MZI_null_04985,-0.00489838556104649,-1.807115364237255,1.8405843849385395,0.0,0.0,300
MZI_null,MZI,MZI_null_04986,-0.11208259627301154,-4.539040974537979,2.7098592264289256,0.0,0.0,300
MZI_null,MZI,MZI_null_04987,-0.06939671128219473,-5.789106060731198,-2.4553898262996103,0.0,0.0,300
MZI_null,MZI,MZI_null_04988,-0.04950791028660012,2.664888183177295,1.774478637130212,0.0,0.0,300
MZI_null,MZI,MZI_null_04989,0.17212809249483632,0.45992092704035814,1.8387310148459424,0.0,0.0,300
MZI_null,MZI,MZI_null_04990,-0.1032123189870477,-2.595806466060453,-3.9697459390706467,0.0,0.0,300
MZI_null,MZI,MZI_null_04991,-0.031573204580555,0.052314972804222926,-0.5962501455632596,0.0,0.0,300
MZI_null,MZI,MZI_null_04992,0.19672212284404425,-5.424247376681658,0.5007150520947192,0.0,0.0,300
MZI_null,MZI,MZI_null_04993,-0.1872454202803977,-1.7174705924790732,1.2210002676694365,0.0,0.0,300
MZI_null,MZI,MZI_null_04994,-0.03217538502363288,-0.3466201877391324,-3.8791970044988022,0.0,0.0,300
MZI_null,MZI,MZI_null_04995,-0.24955349672945742,-0.32891113253659077,4.232030702227198,0.0,0.0,300
MZI_null,MZI,MZI_null_04996,-0.14940674102548382,1.6665825403203858,-0.869729773550767,0.0,0.0,300
MZI_null,MZI,MZI_null_04997,-0.2003537282539614,-5.394515904056488,-0.9526456799180498,0.0,0.0,300
MZI_null,MZI,MZI_null_04998,-0.06066934318861555,-5.938738930274717,-6.082117843676215,0.0,0.0,300
MZI_null,MZI,MZI_null_04999,-0.1270078991889759,-1.4185729750066454,-1.0192022578094142,0.0,0.0,300
MZI_null,MZI,MZI_null_05000,-0.07518569362501173,-1.3943384171255517,2.1200801595880625,0.0,0.0,300
MZI_null,MZI,MZI_null_05001,0.059118976565122175,-2.363926014168742,1.7842160199820665,0.0,0.0,300
MZI_null,MZI,MZI_null_05002,-0.14397754533244425,-2.674758618666055,-1.6032638068011045,0.0,0.0,300
MZI_null,MZI,MZI_null_05003,-0.1855429887664268,-3.259622486853073,-7.2248790426859095,0.0,0.0,300
MZI_null,MZI,MZI_null_05004,0.286826707149443,-4.812241365308939,3.758342394263936,0.0,0.0,300
MZI_null,MZI,MZI_null_05005,0.005712675857923867,-0.3054076035321234,-2.466399395052795,0.0,0.0,300
MZI_null,MZI,MZI_null_05006,0.03118945379425115,-0.048531080034691865,0.9936572431825468,0.0,0.0,300
MZI_null,MZI,MZI_null_05007,0.11621600851115357,-3.104998130117529,-2.441079017474065,0.0,0.0,300
MZI_null,MZI,MZI_null_05008,-0.23912644879014053,-0.43034296646919,2.247136133970328,0.0,0.0,300
MZI_null,MZI,MZI_null_05009,0.24239725198768944,-1.0844820962584767,-3.2994393187257076,0.0,0.0,300
MZI_null,MZI,MZI_null_05010,-0.2545644214934183,1.1250001992500511,-6.388829700332606,0.0,0.0,300
MZI_null,MZI,MZI_null_05011,-0.051090611661565005,-2.6729204838309375,-1.2083654135530582,0.0,0.0,300
MZI_null,MZI,MZI_null_05012,0.005370390005376021,-1.5855573308972748,-8.24608978623559,0.0,0.0,300
MZI_null,MZI,MZI_null_05013,0.002198386480519009,-8.688726722335632,1.1966542192729843,0.0,0.0,300
MZI_null,MZI,MZI_null_05014,-0.08326877337054181,-8.471110175670052,-3.4426140321561274,0.0,0.0,300
MZI_null,MZI,MZI_null_05015,-0.08551130087769807,1.5720988526650137,-0.4100867747492649,0.0,0.0,300
MZI_null,MZI,MZI_null_05016,0.05166674165258703,1.5436649026618028,-1.2884328637734683,0.0,0.0,300
MZI_null,MZI,MZI_null_05017,0.11312819415486049,0.05158334179597546,-4.859408480708237,0.0,0.0,300
MZI_null,MZI,MZI_null_05018,0.22094753664447442,-6.260905340212084,1.7520999484335444,0.0,0.0,300
MZI_null,MZI,MZI_null_05019,-0.22756095553584488,-0.19628963554498036,4.585744634450518,0.0,0.0,300
MZI_null,MZI,MZI_null_05020,-0.031946798482531694,-2.7690669285594387,0.8313199979505477,0.0,0.0,300
MZI_null,MZI,MZI_null_05021,-0.04940946839438145,3.454836111228464,-0.4234232516239129,0.0,0.0,300
MZI_null,MZI,MZI_null_05022,-0.04802542623310886,-3.6208565836870497,-3.798845410519062,0.0,0.0,300
MZI_null,MZI,MZI_null_05023,-0.09416324801362344,-3.0520201809757896,-2.46291722049574,0.0,0.0,300
MZI_null,MZI,MZI_null_05024,-0.09872629112056558,4.296523691057319,-4.09028522946847,0.0,0.0,300
MZI_null,MZI,MZI_null_05025,0.021994888146926215,-0.2224369707173841,0.8903239867511981,0.0,0.0,300
MZI_null,MZI,MZI_null_05026,-0.0087910613673708,-2.7221077155419287,0.3546424737185194,0.0,0.0,300
MZI_null,MZI,MZI_null_05027,0.0399782474967301,-2.77687650430254,-5.685635715173293,0.0,0.0,300
MZI_null,MZI,MZI_null_05028,-0.07018855834998712,-5.439650491122373,-3.0014786501989796,0.0,0.0,300
MZI_null,MZI,MZI_null_05029,0.0049834857775439174,-0.9237915680101514,4.341358253877218,0.0,0.0,300
MZI_null,MZI,MZI_null_05030,-0.08061095683557207,0.3238769058254518,-0.08211992668649037,0.0,0.0,300
MZI_null,MZI,MZI_null_05031,0.19439965059596845,-0.27131384121312196,-4.025444281858949,0.0,0.0,300
MZI_null,MZI,MZI_null_05032,-0.2584569043936847,-1.0662149009974855,-2.5853529937011723,0.0,0.0,300
MZI_null,MZI,MZI_null_05033,-0.1470470618925896,-5.802733113599233,-0.5170735072385335,0.0,0.0,300
MZI_null,MZI,MZI_null_05034,0.22615615489700472,-3.226017037118125,0.7708109332259667,0.0,0.0,300
MZI_null,MZI,MZI_null_05035,-0.015339952532638878,-5.868146267310179,1.2044340305312522,0.0,0.0,300
MZI_null,MZI,MZI_null_05036,-0.1642038066041057,-1.935120108219306,-2.0245612450159154,0.0,0.0,300
MZI_null,MZI,MZI_null_05037,0.13396161518485375,-5.17445297741206,0.17260972340587943,0.0,0.0,300
MZI_null,MZI,MZI_null_05038,-0.12596961110230512,-3.533315636986355,-11.905600682620307,0.0,0.0,300
MZI_null,MZI,MZI_null_05039,0.3138147857426863,-0.3483292015213044,-3.3020424578144936,0.0,0.0,300
MZI_null,MZI,MZI_null_05040,-0.16869835324994908,-3.4869462586380218,1.1506386044583548,0.0,0.0,300
MZI_null,MZI,MZI_null_05041,-0.28381273883773883,-2.4247532578830144,4.31192561738802,0.0,0.0,300
MZI_null,MZI,MZI_null_05042,-0.1700919503951706,-1.7588448837090351,5.609929445773274,0.0,0.0,300
MZI_null,MZI,MZI_null_05043,0.09482274445361591,-1.6222285385436346,0.5199093647270083,0.0,0.0,300
MZI_null,MZI,MZI_null_05044,-0.06012980025145535,1.8988938559103197,-2.1979900687006357,0.0,0.0,300
MZI_null,MZI,MZI_null_05045,-0.29387724131039655,-3.1739093118213795,-3.9002035896301104,0.0,0.0,300
MZI_null,MZI,MZI_null_05046,-0.042179101829614395,-2.7772521772418926,2.5922695994147222,0.0,0.0,300
MZI_null,MZI,MZI_null_05047,0.10429390899965783,-1.2102035372738102,-1.0088362339977854,0.0,0.0,300
MZI_null,MZI,MZI_null_05048,-0.15882870132869917,-8.543525712997033,-0.6605199658216505,0.0,0.0,300
MZI_null,MZI,MZI_null_05049,0.11919618053604883,-2.3250016497337676,-2.604562968360101,0.0,0.0,300
MZI_null,MZI,MZI_null_05050,0.06967532478213187,-2.249996601873041,4.0572325759218835,0.0,0.0,300
MZI_null,MZI,MZI_null_05051,0.18490925131024266,0.8785241710699885,1.2732023426297112,0.0,0.0,300
MZI_null,MZI,MZI_null_05052,-0.19352511216771853,-0.011018893842201116,0.12897787293972574,0.0,0.0,300
MZI_null,MZI,MZI_null_05053,0.0909637092586745,-0.5221715395608424,0.35828776354419656,0.0,0.0,300
MZI_null,MZI,MZI_null_05054,0.4051299704324392,-2.228557009855757,1.8090121424879908,0.0,0.0,300
MZI_null,MZI,MZI_null_05055,-0.07064847153960048,0.37192475166301575,1.8179596706973662,0.0,0.0,300
MZI_null,MZI,MZI_null_05056,0.05466391157030218,3.0077408271295,-3.6528281090812524,0.0,0.0,300
MZI_null,MZI,MZI_null_05057,-0.07308314125023331,-1.3628597419295312,1.642420560452666,0.0,0.0,300
MZI_null,MZI,MZI_null_05058,0.026914428194239982,1.8572771095316982,-2.985069612898958,0.0,0.0,300
MZI_null,MZI,MZI_null_05059,-0.17108677342328316,-1.0756149903904861,-1.231540828341089,0.0,0.0,300
MZI_null,MZI,MZI_null_05060,0.08142955805373299,-2.082206872599512,-2.020059371870371,0.0,0.0,300
MZI_null,MZI,MZI_null_05061,-0.011240635758558524,-1.9134533156204452,-1.9149438995449912,0.0,0.0,300
MZI_null,MZI,MZI_null_05062,-0.030469806948514217,-3.2107800109607303,1.5699953596082197,0.0,0.0,300
MZI_null,MZI,MZI_null_05063,0.029103150675869893,4.770257416506299,-0.5178863461646145,0.0,0.0,300
MZI_null,MZI,MZI_null_05064,-0.08262862054929926,6.012026124589195,0.24087913314300602,0.0,0.0,300
MZI_null,MZI,MZI_null_05065,0.1485187180339225,-0.22369105039252535,0.869033087893246,0.0,0.0,300
MZI_null,MZI,MZI_null_05066,0.08034810770287114,-5.306253694328196,0.10258714268423597,0.0,0.0,300
MZI_null,MZI,MZI_null_05067,-0.19872919557753585,-2.5230885092376028,-3.1768523696898616,0.0,0.0,300
MZI_null,MZI,MZI_null_05068,0.0536205278773086,-0.9976212579852961,0.4434376722955604,0.0,0.0,300
MZI_null,MZI,MZI_null_05069,0.04309448591236307,-3.8204760253591963,-1.7830104680550387,0.0,0.0,300
MZI_null,MZI,MZI_null_05070,0.1380594241881727,1.2035700318831992,-4.440349295879647,0.0,0.0,300
MZI_null,MZI,MZI_null_05071,-0.22963914487689696,-4.180668149614136,2.135622746096752,0.0,0.0,300
MZI_null,MZI,MZI_null_05072,0.18223260452745516,-4.7741356412035145,-0.07807193879098517,0.0,0.0,300
MZI_null,MZI,MZI_null_05073,0.2751646999710131,-0.7540655682789987,3.2645098556992806,0.0,0.0,300
MZI_null,MZI,MZI_null_05074,0.14980898551246474,-4.730596118683732,-1.5699442704912343,0.0,0.0,300
MZI_null,MZI,MZI_null_05075,0.005213171743777185,-1.68759983593598,1.7489868603157137,0.0,0.0,300
MZI_null,MZI,MZI_null_05076,0.06130271434131127,-10.808602831334346,-4.938520819278178,0.0,0.0,300
MZI_null,MZI,MZI_null_05077,-0.32810713724640644,-1.4739042780339975,-0.2785370515967168,0.0,0.0,300
MZI_null,MZI,MZI_null_05078,0.04248374379160776,-4.876784803143849,1.0224320153599677,0.0,0.0,300
MZI_null,MZI,MZI_null_05079,0.10743937447027936,-5.765447201615473,-5.398114604346617,0.0,0.0,300
MZI_null,MZI,MZI_null_05080,-1.9752934040678786e-05,3.375346820840077,4.099228226595927,0.0,0.0,300
MZI_null,MZI,MZI_null_05081,0.08451065406720785,-4.189990014740229,1.6605279784657552,0.0,0.0,300
MZI_null,MZI,MZI_null_05082,-0.06786363972135621,-4.302521110021432,-7.431900494865983,0.0,0.0,300
MZI_null,MZI,MZI_null_05083,0.015357329752147934,-3.889602047412126,-0.7107088614144867,0.0,0.0,300
MZI_null,MZI,MZI_null_05084,-0.3449036544355592,-1.4905199822489383,-8.293363491914883,0.0,0.0,300
MZI_null,MZI,MZI_null_05085,0.1631910379902828,-0.4343262975947466,-1.8359943142737634,0.0,0.0,300
MZI_null,MZI,MZI_null_05086,0.08440797901231188,-4.934222787990657,-0.7828734531553228,0.0,0.0,300
MZI_null,MZI,MZI_null_05087,0.11921610576905034,-11.28286774727417,-2.3416730790325713,0.0,0.0,300
MZI_null,MZI,MZI_null_05088,-0.0033966195204561418,-2.5888808532372996,3.371305478682215,0.0,0.0,300
MZI_null,MZI,MZI_null_05089,-0.16858516873843268,-3.863477730335687,-6.747607078925345,0.0,0.0,300
MZI_null,MZI,MZI_null_05090,0.2265429976909718,-2.7388704278264,-2.315226664110121,0.0,0.0,300
MZI_null,MZI,MZI_null_05091,-0.007872402346607106,-0.09129251470902755,0.04209021054837425,0.0,0.0,300
MZI_null,MZI,MZI_null_05092,0.39718263203356313,-0.6381923347886762,-2.395736287507243,0.0,0.0,300
MZI_null,MZI,MZI_null_05093,-0.08420351062859206,-3.1782768572504274,-5.5055107738895135,0.0,0.0,300
MZI_null,MZI,MZI_null_05094,0.005979631123737909,0.35040431862675137,-2.8400908018697075,0.0,0.0,300
MZI_null,MZI,MZI_null_05095,-0.12110700844261674,2.547835438882701,-5.279449469863495,0.0,0.0,300
MZI_null,MZI,MZI_null_05096,-0.3101727564715952,-5.458705830942148,-5.621298151372889,0.0,0.0,300
MZI_null,MZI,MZI_null_05097,0.05793390961568727,-3.0821135013487204,-1.6590611350715196,0.0,0.0,300
MZI_null,MZI,MZI_null_05098,0.17294012654621596,-4.074004583488329,1.3252682352369223,0.0,0.0,300
MZI_null,MZI,MZI_null_05099,0.22669841988048045,-3.366987494040982,1.2110685666689411,0.0,0.0,300
MZI_null,MZI,MZI_null_05100,-0.03627268687934702,0.772294386522367,-5.714467562728819,0.0,0.0,300
MZI_null,MZI,MZI_null_05101,-0.24682683676880193,-3.1738031447226223,-3.666774427179312,0.0,0.0,300
MZI_null,MZI,MZI_null_05102,-0.0775063664144828,-2.6585797473414194,1.1600405955087552,0.0,0.0,300
MZI_null,MZI,MZI_null_05103,-0.061149086784890234,-4.47158393186926,-2.0545401302766964,0.0,0.0,300
MZI_null,MZI,MZI_null_05104,-0.11537179197099265,-4.802016506188143,-5.839050440730907,0.0,0.0,300
MZI_null,MZI,MZI_null_05105,0.010421717433161795,-3.7061171197911604,1.898836217704015,0.0,0.0,300
MZI_null,MZI,MZI_null_05106,-0.21710941380884108,-3.626250665143637,4.438721661976246,0.0,0.0,300
MZI_null,MZI,MZI_null_05107,-0.14094142756467742,-2.709599756288372,-4.6475319484761055,0.0,0.0,300
MZI_null,MZI,MZI_null_05108,-0.20226412691714715,2.641932949263035,-0.4868815220885583,0.0,0.0,300
MZI_null,MZI,MZI_null_05109,0.0200518257356435,-7.088948705348667,0.07622416432490886,0.0,0.0,300
MZI_null,MZI,MZI_null_05110,0.17361329189907385,1.4484311824855887,1.0049996888184825,0.0,0.0,300
MZI_null,MZI,MZI_null_05111,-0.1694228366393106,-1.0606297484210252,1.0027548814298228,0.0,0.0,300
MZI_null,MZI,MZI_null_05112,-0.2691665377633352,-5.363838774445354,1.6644719652303248,0.0,0.0,300
MZI_null,MZI,MZI_null_05113,0.13140686650078928,-6.645749100864177,1.3850643778075176,0.0,0.0,300
MZI_null,MZI,MZI_null_05114,0.014295509873042669,0.3430268638214544,-2.9035639703018243,0.0,0.0,300
MZI_null,MZI,MZI_null_05115,0.09677752447213529,0.5314863234568739,-2.0540048063671352,0.0,0.0,300
MZI_null,MZI,MZI_null_05116,0.0026628819259929015,-3.9455648885139607,3.954916846057638,0.0,0.0,300
MZI_null,MZI,MZI_null_05117,-0.018040790898864893,-4.766072975531546,-3.1474777416242503,0.0,0.0,300
MZI_null,MZI,MZI_null_05118,0.01901559017131697,0.2599935153346351,-5.007480535451565,0.0,0.0,300
MZI_null,MZI,MZI_null_05119,0.2771490004413673,-1.0739741178331508,0.39936791890823753,0.0,0.0,300
MZI_null,MZI,MZI_null_05120,-0.01457843157351546,-1.9422230979466233,-1.444849413782209,0.0,0.0,300
MZI_null,MZI,MZI_null_05121,0.15266939535539406,-2.023785762360111,1.3011506554781294,0.0,0.0,300
MZI_null,MZI,MZI_null_05122,-0.06507712850288583,-1.4130784150630527,-3.4117610327182635,0.0,0.0,300
MZI_null,MZI,MZI_null_05123,0.18247923488243054,-4.5012417221573475,-1.9749383327839787,0.0,0.0,300
MZI_null,MZI,MZI_null_05124,-0.04724406186821173,-3.061854163021305,1.1674873083288109,0.0,0.0,300
MZI_null,MZI,MZI_null_05125,-0.04749866471049655,2.1817735916232186,-3.4554252583905045,0.0,0.0,300
MZI_null,MZI,MZI_null_05126,0.025406620491406035,-4.3273579679378,0.26291834759440014,0.0,0.0,300
MZI_null,MZI,MZI_null_05127,-0.002392459046515505,-2.4651861340954353,2.565424899510572,0.0,0.0,300
MZI_null,MZI,MZI_null_05128,-0.09815128065826552,-0.24045452714599969,-3.306879738024377,0.0,0.0,300
MZI_null,MZI,MZI_null_05129,0.016902780024056062,-5.586725984670336,-2.9875514389202213,0.0,0.0,300
MZI_null,MZI,MZI_null_05130,-0.012321456835929756,3.443947501969234,-0.6975883886206776,0.0,0.0,300
MZI_null,MZI,MZI_null_05131,0.24820024738000596,-1.339030124927246,-2.161252733424817,0.0,0.0,300
MZI_null,MZI,MZI_null_05132,0.23090347839010403,-0.6889471337797435,-2.928164781648141,0.0,0.0,300
MZI_null,MZI,MZI_null_05133,0.07058571891004461,-2.8777842497228305,-6.967102588513887,0.0,0.0,300
MZI_null,MZI,MZI_null_05134,0.14039597388984262,1.284802166925787,4.513826089976826,0.0,0.0,300
MZI_null,MZI,MZI_null_05135,0.06332155382928939,-2.7461702722475976,1.5049682821357573,0.0,0.0,300
MZI_null,MZI,MZI_null_05136,0.12747305479783594,2.914843549409266,-1.1338828691993266,0.0,0.0,300
MZI_null,MZI,MZI_null_05137,-0.02483684588513917,-4.146633259275582,0.6123862601756049,0.0,0.0,300
MZI_null,MZI,MZI_null_05138,-0.23223925023462527,0.32826211858769394,0.7635053655973687,0.0,0.0,300
MZI_null,MZI,MZI_null_05139,0.0877605303687558,-1.5853242904944786,3.5989347425932543,0.0,0.0,300
MZI_null,MZI,MZI_null_05140,0.1307990198140295,-3.8212315741270992,-2.7675371490929406,0.0,0.0,300
MZI_null,MZI,MZI_null_05141,-0.13195107201219552,-0.3461500016732375,-4.00041676371987,0.0,0.0,300
MZI_null,MZI,MZI_null_05142,0.16250882153750282,1.96891992503663,-3.6370488068513533,0.0,0.0,300
MZI_null,MZI,MZI_null_05143,-0.027832280188928055,-1.9501370559127589,1.651949481409003,0.0,0.0,300
MZI_null,MZI,MZI_null_05144,0.24140150634148153,-7.056477178605732,-1.9545421525800486,0.0,0.0,300
MZI_null,MZI,MZI_null_05145,-0.03990250433405204,-6.202009564659643,-2.455330057912185,0.0,0.0,300
MZI_null,MZI,MZI_null_05146,0.06416534165259166,-2.8360367085186713,-5.633863505822241,0.0,0.0,300
MZI_null,MZI,MZI_null_05147,0.431112404701487,-1.201466404387459,-0.664917609679975,0.0,0.0,300
MZI_null,MZI,MZI_null_05148,-0.16468895446005696,-1.217881514086174,-1.4926413521244828,0.0,0.0,300
MZI_null,MZI,MZI_null_05149,-0.2832785119073109,-5.210766320043248,1.3847780530218348,0.0,0.0,300
MZI_null,MZI,MZI_null_05150,0.2916026475000662,-0.8985037848708661,2.309249834880102,0.0,0.0,300
MZI_null,MZI,MZI_null_05151,-0.0233632962874815,-2.259638482041809,2.2729370828583955,0.0,0.0,300
MZI_null,MZI,MZI_null_05152,0.24941659337692038,1.9032900803968649,-4.199089226154457,0.0,0.0,300
MZI_null,MZI,MZI_null_05153,-0.010043833547286865,-1.1674259465711145,-1.7790338905225873,0.0,0.0,300
MZI_null,MZI,MZI_null_05154,0.05817863151233936,0.4617304350068423,2.0084292558654213,0.0,0.0,300
MZI_null,MZI,MZI_null_05155,0.2528805228332285,-2.988323314174504,-5.092099494517942,0.0,0.0,300
MZI_null,MZI,MZI_null_05156,0.053735189102167916,3.651433093554407,-2.4309275798621774,0.0,0.0,300
MZI_null,MZI,MZI_null_05157,0.10302704655955791,0.08723737741792847,-0.4256738579661732,0.0,0.0,300
MZI_null,MZI,MZI_null_05158,0.0010387081565571554,-4.770287617164177,-7.844986217261733,0.0,0.0,300
MZI_null,MZI,MZI_null_05159,-0.1667776059996043,-3.170912447335098,2.2922680622681204,0.0,0.0,300
MZI_null,MZI,MZI_null_05160,-0.015469209352706341,-3.5570771567544455,-3.6729563258602913,0.0,0.0,300
MZI_null,MZI,MZI_null_05161,0.09852087427642205,2.0750714992918153,2.1903071656023787,0.0,0.0,300
MZI_null,MZI,MZI_null_05162,0.09092245496377037,-6.42683823914882,-2.0550227285313145,0.0,0.0,300
MZI_null,MZI,MZI_null_05163,0.29209563433345126,1.3658514757456741,-5.612509654704175,0.0,0.0,300
MZI_null,MZI,MZI_null_05164,-0.00833857847989071,-0.9107047020168837,-3.2864753890786598,0.0,0.0,300
MZI_null,MZI,MZI_null_05165,-0.3463806032113273,-1.7035278649507049,-3.3632747728613177,0.0,0.0,300
MZI_null,MZI,MZI_null_05166,-0.11757626086270262,-3.064041079792274,-1.4010277439644352,0.0,0.0,300
MZI_null,MZI,MZI_null_05167,-0.0013624191143529662,-4.651969696766004,-1.6606285889022323,0.0,0.0,300
MZI_null,MZI,MZI_null_05168,-0.26361350556041324,-1.0668828038957652,-9.568826240023473,0.0,0.0,300
MZI_null,MZI,MZI_null_05169,-0.043423512065042934,0.7575584610308601,-4.17802206182448,0.0,0.0,300
MZI_null,MZI,MZI_null_05170,0.10746453054861001,1.4671981363626765,-10.923699857492165,0.0,0.0,300
MZI_null,MZI,MZI_null_05171,-0.022704435536361353,-10.627320282884826,-1.3546253367128382,0.0,0.0,300
MZI_null,MZI,MZI_null_05172,-0.0010756816471990218,-9.447631957732515,4.774515086239596,0.0,0.0,300
MZI_null,MZI,MZI_null_05173,0.042902371145193734,-4.5470702962461065,3.3961382824955546,0.0,0.0,300
MZI_null,MZI,MZI_null_05174,-0.2693419830963475,-5.687513100554952,-7.898366571009696,0.0,0.0,300
MZI_null,MZI,MZI_null_05175,0.27015677948090006,-1.0029608855839895,0.9782053695454849,0.0,0.0,300
MZI_null,MZI,MZI_null_05176,0.045150185087771355,-0.27869671656624617,-0.7657668583120316,0.0,0.0,300
MZI_null,MZI,MZI_null_05177,0.0406382014061162,-1.6771896913311477,-2.8257754167078355,0.0,0.0,300
MZI_null,MZI,MZI_null_05178,-0.006993714782200372,-1.179216280214967,-0.6683526413436076,0.0,0.0,300
MZI_null,MZI,MZI_null_05179,-0.22166581616299755,-6.034960005825228,2.248524301749174,0.0,0.0,300
MZI_null,MZI,MZI_null_05180,-0.046049106882510266,-0.24582395889217867,-4.276359729167189,0.0,0.0,300
MZI_null,MZI,MZI_null_05181,-0.2209718814969795,-4.5307898375951385,-1.6676952123142397,0.0,0.0,300
MZI_null,MZI,MZI_null_05182,-0.09977104489266185,1.8818005693171416,-0.46143009538761537,0.0,0.0,300
MZI_null,MZI,MZI_null_05183,0.27734079278427876,-0.7867755377857484,-8.237652453759432,0.0,0.0,300
MZI_null,MZI,MZI_null_05184,0.15840624096878317,-6.528654867409864,-0.3083989983659826,0.0,0.0,300
MZI_null,MZI,MZI_null_05185,-0.11620260864957672,4.428133103392559,3.318793782290406,0.0,0.0,300
MZI_null,MZI,MZI_null_05186,-0.11127309625526373,-2.382073004363335,-0.26620579105234776,0.0,0.0,300
MZI_null,MZI,MZI_null_05187,0.12951211073424157,-1.912544263024962,-4.074684698142601,0.0,0.0,300
MZI_null,MZI,MZI_null_05188,-0.10763379588000793,-2.013445389130374,2.703370936294073,0.0,0.0,300
MZI_null,MZI,MZI_null_05189,0.06417567908040658,-4.320244779845048,0.9451183331293698,0.0,0.0,300
MZI_null,MZI,MZI_null_05190,-0.05804772583172397,0.671224015560524,6.581031254985816,0.0,0.0,300
MZI_null,MZI,MZI_null_05191,-0.053823955641532424,0.40481547917911254,-3.236179996113189,0.0,0.0,300
MZI_null,MZI,MZI_null_05192,-0.016839565078694635,-1.9113131393836962,-1.5810509801331416,0.0,0.0,300
MZI_null,MZI,MZI_null_05193,0.3694520533162536,-2.919779224035147,0.7605546163546038,0.0,0.0,300
MZI_null,MZI,MZI_null_05194,-0.28951303039851484,-0.7040103098911692,2.42616377705674,0.0,0.0,300
MZI_null,MZI,MZI_null_05195,-0.07913960138685763,-9.53066642312124,-1.1159553064819754,0.0,0.0,300
MZI_null,MZI,MZI_null_05196,0.0025775775578292114,0.17222515223291257,5.0327091062403015,0.0,0.0,300
MZI_null,MZI,MZI_null_05197,-0.05700804759004601,-4.568864370980841,-4.500753404114329,0.0,0.0,300
MZI_null,MZI,MZI_null_05198,0.0297117925547399,-0.5619372235444944,-2.6369661830877535,0.0,0.0,300
MZI_null,MZI,MZI_null_05199,0.11680241185886843,-0.6038477695424731,-0.8703049310653289,0.0,0.0,300
MZI_null,MZI,MZI_null_05200,-0.1353622081116188,-3.4455929464541692,-8.289265893047634,0.0,0.0,300
MZI_null,MZI,MZI_null_05201,0.035368059629705045,-1.9209761337576943,-0.4345630267315407,0.0,0.0,300
MZI_null,MZI,MZI_null_05202,0.07564785233468403,-0.842535540703331,-1.3311495419381059,0.0,0.0,300
MZI_null,MZI,MZI_null_05203,0.007300206474412867,-6.212949250088508,-2.7511619370682774,0.0,0.0,300
MZI_null,MZI,MZI_null_05204,0.007570658052519208,-4.207560727737082,1.580452387617639,0.0,0.0,300
MZI_null,MZI,MZI_null_05205,-0.09879481214325457,-1.351083766255051,-0.6503030295539924,0.0,0.0,300
MZI_null,MZI,MZI_null_05206,0.11194163904156144,0.7023735220849061,1.0820978329038184,0.0,0.0,300
MZI_null,MZI,MZI_null_05207,-0.31590093020747,1.5824444440393801,3.581924672583794,0.0,0.0,300
MZI_null,MZI,MZI_null_05208,-0.07231864264822041,-1.2900592619814506,-3.672495040392346,0.0,0.0,300
MZI_null,MZI,MZI_null_05209,-0.2922567760098227,-4.216145796627159,-2.620417118390831,0.0,0.0,300
MZI_null,MZI,MZI_null_05210,-0.05322760970277232,-4.876742270017964,-3.200275500451717,0.0,0.0,300
MZI_null,MZI,MZI_null_05211,-0.0016509482442611544,-4.310680949330426,0.6305729976500836,0.0,0.0,300
MZI_null,MZI,MZI_null_05212,0.10224909770961592,5.141163238493469,2.3770397963703864,0.0,0.0,300
MZI_null,MZI,MZI_null_05213,0.03646545874926216,-3.860792890003036,-0.11875794497800363,0.0,0.0,300
MZI_null,MZI,MZI_null_05214,0.04898939398745341,-3.5399392670169827,1.3511941902586329,0.0,0.0,300
MZI_null,MZI,MZI_null_05215,-0.2097147022022813,-2.7331995066125314,0.6675753779522202,0.0,0.0,300
MZI_null,MZI,MZI_null_05216,-0.04313762213881455,-2.620263210287814,-1.4133575835768415,0.0,0.0,300
MZI_null,MZI,MZI_null_05217,-0.12534018610316183,1.5217027947226245,-4.054113015768445,0.0,0.0,300
MZI_null,MZI,MZI_null_05218,0.047723899111482775,-0.7590563051528794,-3.8458657036269006,0.0,0.0,300
MZI_null,MZI,MZI_null_05219,0.010965638157111495,-4.728896518234107,3.173127425167836,0.0,0.0,300
MZI_null,MZI,MZI_null_05220,-0.17081744054643194,-3.9616912826958934,-4.6726750250667415,0.0,0.0,300
MZI_null,MZI,MZI_null_05221,-0.2036548090301328,2.7736458726468802,0.6283240217376862,0.0,0.0,300
MZI_null,MZI,MZI_null_05222,0.0210440138550816,-3.969730890040765,1.7228354331403049,0.0,0.0,300
MZI_null,MZI,MZI_null_05223,-0.12363336590511795,0.3809178829903086,-3.6175338298169084,0.0,0.0,300
MZI_null,MZI,MZI_null_05224,-0.09667615528135078,0.2748471583537633,1.5914820324673014,0.0,0.0,300
MZI_null,MZI,MZI_null_05225,0.08962094008451417,-5.149022347270384,-2.3401805971684864,0.0,0.0,300
MZI_null,MZI,MZI_null_05226,0.023534811179777012,-4.547842885730275,3.112888280387879,0.0,0.0,300
MZI_null,MZI,MZI_null_05227,-0.3602920415925819,-4.3362185461074585,-2.5286995086094954,0.0,0.0,300
MZI_null,MZI,MZI_null_05228,-0.42659154971576513,-6.188687390708573,0.8758685376262054,0.0,0.0,300
MZI_null,MZI,MZI_null_05229,0.00454254548294457,2.7194080661287083,3.635679337654457,0.0,0.0,300
MZI_null,MZI,MZI_null_05230,0.064956956790592,-1.0602852529978652,-0.8022066742632985,0.0,0.0,300
MZI_null,MZI,MZI_null_05231,-0.3982623026819235,-6.183678539978226,-0.6979734907031978,0.0,0.0,300
MZI_null,MZI,MZI_null_05232,0.09240385631215071,-1.130990563585578,-3.677394903146973,0.0,0.0,300
MZI_null,MZI,MZI_null_05233,0.14061094237042435,2.447332086263909,1.8139688008740196,0.0,0.0,300
MZI_null,MZI,MZI_null_05234,0.1484398994385706,-3.6776773938656326,2.227802368102398,0.0,0.0,300
MZI_null,MZI,MZI_null_05235,0.021863795899148587,-0.46533341443398557,0.09629552847412715,0.0,0.0,300
MZI_null,MZI,MZI_null_05236,-0.018223065816061652,-4.580007425366905,-1.246409990662139,0.0,0.0,300
MZI_null,MZI,MZI_null_05237,0.1480142426224234,-3.324427415938729,1.6800417878244378,0.0,0.0,300
MZI_null,MZI,MZI_null_05238,0.11056060059265077,-2.8968121910594906,3.16640031085873,0.0,0.0,300
MZI_null,MZI,MZI_null_05239,-0.0533320006786059,2.528640587837895,0.30238094462291754,0.0,0.0,300
MZI_null,MZI,MZI_null_05240,-0.00237988776802703,-4.663404141012961,-1.2647806904051238,0.0,0.0,300
MZI_null,MZI,MZI_null_05241,-0.03056392702416304,-5.774889155752716,-1.6528462681530014,0.0,0.0,300
MZI_null,MZI,MZI_null_05242,-0.12057047701456286,-0.2420246930636547,2.918841427184609,0.0,0.0,300
MZI_null,MZI,MZI_null_05243,-0.1840373514442861,3.136923185100768,-1.3856531031553891,0.0,0.0,300
MZI_null,MZI,MZI_null_05244,-0.14625320774077713,0.2732643406245501,-2.339363434765144,0.0,0.0,300
MZI_null,MZI,MZI_null_05245,-0.012260501404724126,-3.212834732636237,-3.4502137955947,0.0,0.0,300
MZI_null,MZI,MZI_null_05246,0.10859955486028555,-2.858904208682562,-5.309955376537737,0.0,0.0,300
MZI_null,MZI,MZI_null_05247,0.0826590186323899,-5.616747053071266,-4.459780518025776,0.0,0.0,300
MZI_null,MZI,MZI_null_05248,0.1788909307465974,-5.589019697630635,-7.949334570782471,0.0,0.0,300
MZI_null,MZI,MZI_null_05249,0.09342922274422434,-2.911590288443391,-1.6529653634143493,0.0,0.0,300
MZI_null,MZI,MZI_null_05250,-0.04717505900253,-1.3049901829438197,-3.2581577257092036,0.0,0.0,300
MZI_null,MZI,MZI_null_05251,0.22141723118486464,-6.428691440928195,0.33462475003136927,0.0,0.0,300
MZI_null,MZI,MZI_null_05252,0.09631815058148759,-4.278955282500133,-4.071203335833455,0.0,0.0,300
MZI_null,MZI,MZI_null_05253,0.15257613212552343,-4.972582262050144,-2.8199918222517004,0.0,0.0,300
MZI_null,MZI,MZI_null_05254,0.13309634436896195,-1.8957762993829275,-6.391431002887314,0.0,0.0,300
MZI_null,MZI,MZI_null_05255,0.2620588716830271,-3.590032276339898,-2.208271869719252,0.0,0.0,300
MZI_null,MZI,MZI_null_05256,0.0383676378489548,-0.12476960898778167,4.8833128738744005,0.0,0.0,300
MZI_null,MZI,MZI_null_05257,-0.24901022241085444,0.47785662677783725,1.2290290821502312,0.0,0.0,300
MZI_null,MZI,MZI_null_05258,-0.020574736631117505,0.3618210844486671,1.8028220529096406,0.0,0.0,300
MZI_null,MZI,MZI_null_05259,-0.20729441774805066,3.2492995176424913,-5.676286759414426,0.0,0.0,300
MZI_null,MZI,MZI_null_05260,-0.17029744218581597,-2.785363020872289,4.774821539561169,0.0,0.0,300
MZI_null,MZI,MZI_null_05261,-0.04623849446300797,-2.095801670152432,3.2962358117136903,0.0,0.0,300
MZI_null,MZI,MZI_null_05262,-0.04504772138482091,-5.535310138792027,-2.2517045057149434,0.0,0.0,300
MZI_null,MZI,MZI_null_05263,0.2056187750708666,-1.7874050088345905,4.791974777168779,0.0,0.0,300
MZI_null,MZI,MZI_null_05264,0.11069023893932327,-3.93442680918045,-0.846771086604765,0.0,0.0,300
MZI_null,MZI,MZI_null_05265,-0.12798271772128192,-4.00529909194631,12.43725275307727,0.0,0.0,300
MZI_null,MZI,MZI_null_05266,0.15279367650507164,0.5832939670200195,-2.869540945924192,0.0,0.0,300
MZI_null,MZI,MZI_null_05267,0.23543760994216184,1.2982468053788114,4.644863868073313,0.0,0.0,300
MZI_null,MZI,MZI_null_05268,0.2749671222597674,-6.437267864292566,-4.329518467809722,0.0,0.0,300
MZI_null,MZI,MZI_null_05269,-0.15056817231954545,-4.831821929997311,-0.029642907218828674,0.0,0.0,300
MZI_null,MZI,MZI_null_05270,-0.08502051781437264,4.2177956222875554,4.714039646244913,0.0,0.0,300
MZI_null,MZI,MZI_null_05271,-0.000969239111855965,3.865978648449371,3.4644038817206058,0.0,0.0,300
MZI_null,MZI,MZI_null_05272,-0.06760598387658882,-8.027646032076685,-1.653905154882188,0.0,0.0,300
MZI_null,MZI,MZI_null_05273,-0.09669331966177094,-1.3804831245625089,-0.7323151393757527,0.0,0.0,300
MZI_null,MZI,MZI_null_05274,0.009452648834884282,-0.4289457758625064,-4.637565841251035,0.0,0.0,300
MZI_null,MZI,MZI_null_05275,0.06170404163545616,-3.318848459051018,-0.400053400408939,0.0,0.0,300
MZI_null,MZI,MZI_null_05276,0.14361147678482847,-5.673199319663089,-1.8438809580087083,0.0,0.0,300
MZI_null,MZI,MZI_null_05277,-0.017780135104329627,-3.5428069147119228,1.6994884883988717,0.0,0.0,300
MZI_null,MZI,MZI_null_05278,-0.10805825382007074,-3.666201198327016,-3.1297573988561935,0.0,0.0,300
MZI_null,MZI,MZI_null_05279,0.16380831171582025,-3.4773323372366503,0.3801361726506687,0.0,0.0,300
MZI_null,MZI,MZI_null_05280,0.2963557651845111,-2.224455261051756,2.336182040099472,0.0,0.0,300
MZI_null,MZI,MZI_null_05281,0.2507031126139692,1.0815746801212414,-1.0504039479332212,0.0,0.0,300
MZI_null,MZI,MZI_null_05282,0.09631616384979202,-5.862135779406036,-3.340129474449856,0.0,0.0,300
MZI_null,MZI,MZI_null_05283,-0.09070127724478785,4.721836360522847,-3.437753542765801,0.0,0.0,300
MZI_null,MZI,MZI_null_05284,-0.12412151268927443,-5.131762940746951,0.6794352857922825,0.0,0.0,300
MZI_null,MZI,MZI_null_05285,0.021393208900332424,1.2602769310796944,1.013778998232063,0.0,0.0,300
MZI_null,MZI,MZI_null_05286,-0.2070584770086101,-4.421833310031112,3.095986244827464,0.0,0.0,300
MZI_null,MZI,MZI_null_05287,-0.03049473668652075,1.5627754540540382,-1.4490428437459513,0.0,0.0,300
MZI_null,MZI,MZI_null_05288,-0.1451484642432782,-2.9097823330001185,-3.904149386649088,0.0,0.0,300
MZI_null,MZI,MZI_null_05289,-0.08483291436036357,-1.3972228803042621,0.5348152711070613,0.0,0.0,300
MZI_null,MZI,MZI_null_05290,-0.2385286984881447,-2.0521040225272946,-2.7598472066792574,0.0,0.0,300
MZI_null,MZI,MZI_null_05291,-0.09726222134382186,-1.6019461426007695,-2.651355618067636,0.0,0.0,300
MZI_null,MZI,MZI_null_05292,0.2073206992270011,1.5641856287531803,2.5454848818261184,0.0,0.0,300
MZI_null,MZI,MZI_null_05293,-0.07423652932354527,-4.8874965047579675,-0.7539102118356534,0.0,0.0,300
MZI_null,MZI,MZI_null_05294,-0.022552254942940077,-3.826469487270095,-4.527203340000884,0.0,0.0,300
MZI_null,MZI,MZI_null_05295,-0.0062276953902107345,-3.21220835075742,1.0650411111140592,0.0,0.0,300
MZI_null,MZI,MZI_null_05296,0.0997659077282219,1.302399416268151,-4.777886655640114,0.0,0.0,300
MZI_null,MZI,MZI_null_05297,0.060158746154044894,-4.182397118701017,-4.661242632433254,0.0,0.0,300
MZI_null,MZI,MZI_null_05298,-0.06429033554230651,1.2061149404038534,-2.1169550607114527,0.0,0.0,300
MZI_null,MZI,MZI_null_05299,0.2348181989938668,-0.35336445343899947,-2.182271436941731,0.0,0.0,300
MZI_null,MZI,MZI_null_05300,0.17400726433596128,-0.663809683657143,-3.797678165340116,0.0,0.0,300
MZI_null,MZI,MZI_null_05301,0.27882039533707725,-1.2215635307405703,-0.9436114240435245,0.0,0.0,300
MZI_null,MZI,MZI_null_05302,-0.1283299004858424,1.5386148028232145,0.5518262820839195,0.0,0.0,300
MZI_null,MZI,MZI_null_05303,0.09438572704428613,-3.5225940305773054,1.502301715730205,0.0,0.0,300
MZI_null,MZI,MZI_null_05304,0.13677203903562024,-4.006334716343368,-5.250970419042973,0.0,0.0,300
MZI_null,MZI,MZI_null_05305,0.0872059589008386,-6.720040848817219,-0.543952666486662,0.0,0.0,300
MZI_null,MZI,MZI_null_05306,-0.06708676571809606,1.6559956323667633,-2.178531672301622,0.0,0.0,300
MZI_null,MZI,MZI_null_05307,0.16609094580057063,-3.5426283330890787,1.999973015178833,0.0,0.0,300
MZI_null,MZI,MZI_null_05308,0.3090512315755248,-5.2041414150987215,-0.12389283480727609,0.0,0.0,300
MZI_null,MZI,MZI_null_05309,0.41231736238650973,-1.8002335192912349,-0.8146351893110553,0.0,0.0,300
MZI_null,MZI,MZI_null_05310,0.11827484210265295,-1.8767574077157374,-6.121677983711658,0.0,0.0,300
MZI_null,MZI,MZI_null_05311,0.16984310622584078,-8.008845241595578,-2.2503749534150255,0.0,0.0,300
MZI_null,MZI,MZI_null_05312,0.18111386237349722,-3.069627285928357,-3.0810894773932125,0.0,0.0,300
MZI_null,MZI,MZI_null_05313,0.13188958577498408,-4.55334436050316,-4.666677158775861,0.0,0.0,300
MZI_null,MZI,MZI_null_05314,0.041177098123992506,-2.548769895237773,-4.731019342566526,0.0,0.0,300
MZI_null,MZI,MZI_null_05315,0.0955428809992305,-0.6065371832682986,-2.079265049816896,0.0,0.0,300
MZI_null,MZI,MZI_null_05316,-0.04369980091874197,-0.5888217739725303,2.5710842592561987,0.0,0.0,300
MZI_null,MZI,MZI_null_05317,-0.042418981516398724,-0.0359345209755666,0.6956006512537973,0.0,0.0,300
MZI_null,MZI,MZI_null_05318,0.13189609390634643,-1.882072403769604,-3.7369765421990735,0.0,0.0,300
MZI_null,MZI,MZI_null_05319,-0.0693748729799954,-0.9714396026550562,4.455393135144779,0.0,0.0,300
MZI_null,MZI,MZI_null_05320,-0.07260294347944177,0.4143623305821973,-1.98416935203028,0.0,0.0,300
MZI_null,MZI,MZI_null_05321,0.01657031338292036,2.5461902477907774,1.2928777442612995,0.0,0.0,300
MZI_null,MZI,MZI_null_05322,-0.18619489091114352,-3.7174250714347727,2.768664033324076,0.0,0.0,300
MZI_null,MZI,MZI_null_05323,0.021281706394274298,-5.44652035884759,-3.4568573349211626,0.0,0.0,300
MZI_null,MZI,MZI_null_05324,0.10552402840667577,0.9832308436528905,-0.9464340955534768,0.0,0.0,300
MZI_null,MZI,MZI_null_05325,0.3712970701404153,0.47245709036691563,-1.7304432088987012,0.0,0.0,300
MZI_null,MZI,MZI_null_05326,-0.12235590721490162,-4.924652913917124,0.006263961441108412,0.0,0.0,300
MZI_null,MZI,MZI_null_05327,-0.07331655673701103,3.021231261950274,3.3989354087535784,0.0,0.0,300
MZI_null,MZI,MZI_null_05328,0.09495998212458408,-5.536988518870687,-3.016656617657215,0.0,0.0,300
MZI_null,MZI,MZI_null_05329,0.1883516288611651,-3.689198599385306,2.366425201758573,0.0,0.0,300
MZI_null,MZI,MZI_null_05330,0.07119058845521414,-1.844846345560438,-3.1084984388063233,0.0,0.0,300
MZI_null,MZI,MZI_null_05331,-0.014136576528712738,-1.4310561353753062,2.097616694903365,0.0,0.0,300
MZI_null,MZI,MZI_null_05332,-0.1328603400950632,-2.7884505275783456,-0.8655306042031458,0.0,0.0,300
MZI_null,MZI,MZI_null_05333,0.0994017536529247,-4.725393012568331,-4.9497093786616455,0.0,0.0,300
MZI_null,MZI,MZI_null_05334,0.10109477275650745,-6.55384734484011,2.8549391442865044,0.0,0.0,300
MZI_null,MZI,MZI_null_05335,-0.023388914622436197,-6.642593246823339,-2.4412606582104828,0.0,0.0,300
MZI_null,MZI,MZI_null_05336,0.05686854496038558,-3.598103262664933,-0.9399107535269575,0.0,0.0,300
MZI_null,MZI,MZI_null_05337,0.11101175485579297,-2.606571006162859,-3.8111730293984007,0.0,0.0,300
MZI_null,MZI,MZI_null_05338,-0.044847599605776146,2.24452040937778,4.055193035999552,0.0,0.0,300
MZI_null,MZI,MZI_null_05339,-0.30298892609134126,1.2730837275744307,-0.2495568518939313,0.0,0.0,300
MZI_null,MZI,MZI_null_05340,0.1385974018680225,-3.651464780802889,-6.3047905285044585,0.0,0.0,300
MZI_null,MZI,MZI_null_05341,0.08767331829711926,-4.822931783848151,-5.164877294454557,0.0,0.0,300
MZI_null,MZI,MZI_null_05342,-0.19776020737101996,-0.1972586527539968,-0.5816426019124085,0.0,0.0,300
MZI_null,MZI,MZI_null_05343,0.11736990328120106,0.00722576348909465,-2.2628006937512977,0.0,0.0,300
MZI_null,MZI,MZI_null_05344,-0.010571036081618359,-3.534312586347619,-1.6309833185964724,0.0,0.0,300
MZI_null,MZI,MZI_null_05345,-0.14508821069715988,-0.8285471183769948,2.225362246945269,0.0,0.0,300
MZI_null,MZI,MZI_null_05346,-0.12249195447314798,1.8438089362040277,-0.6594355105661749,0.0,0.0,300
MZI_null,MZI,MZI_null_05347,0.03616184646087199,-7.098288558822555,-6.421786928697202,0.0,0.0,300
MZI_null,MZI,MZI_null_05348,0.02161745441695229,0.36919637389602267,-3.0141413309348573,0.0,0.0,300
MZI_null,MZI,MZI_null_05349,0.25051408508746337,0.20480792276294624,-3.7250237551239556,0.0,0.0,300
MZI_null,MZI,MZI_null_05350,0.004627300058026068,5.430787401170236,-4.727692008399117,0.0,0.0,300
MZI_null,MZI,MZI_null_05351,0.07924049083726581,-2.9682336581700275,1.1206888727555366,0.0,0.0,300
MZI_null,MZI,MZI_null_05352,0.19009104694775728,-3.158711266134102,2.356736815121521,0.0,0.0,300
MZI_null,MZI,MZI_null_05353,0.3331805091407941,-1.8011757879672956,1.354666062482556,0.0,0.0,300
MZI_null,MZI,MZI_null_05354,-0.08856611553049124,-1.9422220729063628,-1.5300252781247277,0.0,0.0,300
MZI_null,MZI,MZI_null_05355,0.11954038884878936,1.6140278072707765,-1.3289645473523781,0.0,0.0,300
MZI_null,MZI,MZI_null_05356,0.23004342685993848,2.590142324684887,1.5405612295397022,0.0,0.0,300
MZI_null,MZI,MZI_null_05357,-0.07740397975825924,-3.835486450219708,-3.4371440640701163,0.0,0.0,300
MZI_null,MZI,MZI_null_05358,0.14237491053572413,-5.635304622468093,1.0305129623330216,0.0,0.0,300
MZI_null,MZI,MZI_null_05359,-0.16216640217361694,0.47063835952592026,-0.9483412518083183,0.0,0.0,300
MZI_null,MZI,MZI_null_05360,0.2000457842789741,1.424363734963813,3.305196236006335,0.0,0.0,300
MZI_null,MZI,MZI_null_05361,0.21912280774336693,-1.569107498035407,-4.476379199273814,0.0,0.0,300
MZI_null,MZI,MZI_null_05362,-0.15787845824960678,-8.260545587947814,-4.250997500284281,0.0,0.0,300
MZI_null,MZI,MZI_null_05363,0.010323548655697358,-3.6789625424754866,-1.5404068132295539,0.0,0.0,300
MZI_null,MZI,MZI_null_05364,0.07390731291921014,-2.912195774197274,-4.365486401237753,0.0,0.0,300
MZI_null,MZI,MZI_null_05365,-0.00798505013451482,-4.695471460318535,-1.8123594909371894,0.0,0.0,300
MZI_null,MZI,MZI_null_05366,0.20141654466345052,-2.811515912288524,4.312872660043235,0.0,0.0,300
MZI_null,MZI,MZI_null_05367,0.21474539804069545,-3.7379159257371297,-4.333371299247327,0.0,0.0,300
MZI_null,MZI,MZI_null_05368,-0.00788312428802901,1.4599832901906673,-2.4705727186860647,0.0,0.0,300
MZI_null,MZI,MZI_null_05369,0.13621354473932085,1.6253199674082648,-3.3220769510878174,0.0,0.0,300
MZI_null,MZI,MZI_null_05370,-0.10140766324328805,0.13798609638102066,-0.5444573510752881,0.0,0.0,300
MZI_null,MZI,MZI_null_05371,-0.10290922898155182,-3.056541344358762,-1.2115586581822575,0.0,0.0,300
MZI_null,MZI,MZI_null_05372,-0.23472816374331906,0.2969293194480853,-2.4360765668175737,0.0,0.0,300
MZI_null,MZI,MZI_null_05373,-0.4175574335697148,-2.071612904928358,-3.224713776680523,0.0,0.0,300
MZI_null,MZI,MZI_null_05374,0.2533233288454015,-3.756335062759905,-4.292930090735833,0.0,0.0,300
MZI_null,MZI,MZI_null_05375,0.07618990049430238,-3.9813421040227497,-3.3383686037566966,0.0,0.0,300
MZI_null,MZI,MZI_null_05376,0.07642520742366089,-5.1214019236686985,-5.371820974598359,0.0,0.0,300
MZI_null,MZI,MZI_null_05377,0.25889970031415055,-0.26150378719806544,-1.7926278549830954,0.0,0.0,300
MZI_null,MZI,MZI_null_05378,-0.0005215814552904033,-0.482406925651532,1.9200123488402623,0.0,0.0,300
MZI_null,MZI,MZI_null_05379,-0.11339629369725177,-0.901560422102953,-2.5201125286307158,0.0,0.0,300
MZI_null,MZI,MZI_null_05380,-0.028347186676893642,-1.5179213976052863,-1.0200357191580167,0.0,0.0,300
MZI_null,MZI,MZI_null_05381,0.11033503474538577,-0.5387403226532181,-5.524507628116533,0.0,0.0,300
MZI_null,MZI,MZI_null_05382,-0.2036734810598163,-3.1091500542778787,4.485875787325474,0.0,0.0,300
MZI_null,MZI,MZI_null_05383,-0.12773877487524035,-2.6246681288382585,-2.6090380808695657,0.0,0.0,300
MZI_null,MZI,MZI_null_05384,-0.083106657613212,-1.4652807682848334,3.2023318285869546,0.0,0.0,300
MZI_null,MZI,MZI_null_05385,0.06839525998208835,-4.410592884281277,7.259688532409621,0.0,0.0,300
MZI_null,MZI,MZI_null_05386,0.011785983144168876,-3.73166286914634,3.2362891240327682,0.0,0.0,300
MZI_null,MZI,MZI_null_05387,-0.07036059269157277,2.9887409649623287,-3.6119283729,0.0,0.0,300
MZI_null,MZI,MZI_null_05388,0.2145045583382054,-1.3968570071549167,2.8731566981073007,0.0,0.0,300
MZI_null,MZI,MZI_null_05389,0.28526485630523163,-5.397821871563762,2.827315462274967,0.0,0.0,300
MZI_null,MZI,MZI_null_05390,-0.21133558566381072,-5.141553065744684,-3.410228379377311,0.0,0.0,300
MZI_null,MZI,MZI_null_05391,0.07554549542667917,-1.900952369195421,-1.501408252488508,0.0,0.0,300
MZI_null,MZI,MZI_null_05392,0.021935291853354143,-0.22613123211958142,1.0047443718240583,0.0,0.0,300
MZI_null,MZI,MZI_null_05393,0.16412502534226966,3.4601044383023183,-1.0640871173244308,0.0,0.0,300
MZI_null,MZI,MZI_null_05394,-0.07816334431963744,-0.159391612444435,-4.4327644487938604,0.0,0.0,300
MZI_null,MZI,MZI_null_05395,-0.1018056198167417,0.9981428391783695,-1.3723851244531124,0.0,0.0,300
MZI_null,MZI,MZI_null_05396,-0.18122886875370584,-6.469409196095523,-0.8538499618185782,0.0,0.0,300
MZI_null,MZI,MZI_null_05397,0.17128448054520148,1.3856373325935594,-0.667358491321488,0.0,0.0,300
MZI_null,MZI,MZI_null_05398,0.3013364128644192,-2.314461097821388,-1.4157028701922323,0.0,0.0,300
MZI_null,MZI,MZI_null_05399,-0.38511538646085,-3.342088847483647,1.5560451047254835,0.0,0.0,300
MZI_null,MZI,MZI_null_05400,0.2345942005289556,-4.4907039010018535,0.3867569878791455,0.0,0.0,300
MZI_null,MZI,MZI_null_05401,0.15703185484849316,-1.9663755404123027,-7.849841372581691,0.0,0.0,300
MZI_null,MZI,MZI_null_05402,0.03709349993613785,0.2842918721826795,-3.8422686850553767,0.0,0.0,300
MZI_null,MZI,MZI_null_05403,-0.03812317963115805,-5.466488126386293,-8.710442645741058,0.0,0.0,300
MZI_null,MZI,MZI_null_05404,0.15405066176814847,-2.011245601405555,3.793024990114948,0.0,0.0,300
MZI_null,MZI,MZI_null_05405,0.12859832878592659,-3.062629284996347,-1.249541980313226,0.0,0.0,300
MZI_null,MZI,MZI_null_05406,0.08492660861552587,0.9006502502672302,-0.03198810777396577,0.0,0.0,300
MZI_null,MZI,MZI_null_05407,0.16583897179342263,-2.8900062100234143,-3.9914306403570587,0.0,0.0,300
MZI_null,MZI,MZI_null_05408,-0.009721388034169533,-1.3844453277914492,-4.604606184217861,0.0,0.0,300
MZI_null,MZI,MZI_null_05409,-0.2005083126219933,-0.6578411105797175,-2.219070554111271,0.0,0.0,300
MZI_null,MZI,MZI_null_05410,-0.024876135849300315,-3.0790779971024707,3.5618027052896357,0.0,0.0,300
MZI_null,MZI,MZI_null_05411,0.18926417405925,-5.712061070117505,-2.598379639241341,0.0,0.0,300
MZI_null,MZI,MZI_null_05412,0.12750064019543894,-0.19419128869027347,-1.124373886989357,0.0,0.0,300
MZI_null,MZI,MZI_null_05413,-0.1706400307446353,-4.047620138460637,-2.550302702638869,0.0,0.0,300
MZI_null,MZI,MZI_null_05414,0.04154914966786509,3.111181464091713,-3.060640704364384,0.0,0.0,300
MZI_null,MZI,MZI_null_05415,-0.15390528713328602,-2.32575943048383,2.0952169415421764,0.0,0.0,300
MZI_null,MZI,MZI_null_05416,-0.21703244501410549,2.3609024526248437,-1.5160940863470085,0.0,0.0,300
MZI_null,MZI,MZI_null_05417,-0.11014800034700604,-6.8005678602864785,1.119562320261882,0.0,0.0,300
MZI_null,MZI,MZI_null_05418,-0.025675679286230223,-1.4878835517364797,-3.7024352230340916,0.0,0.0,300
MZI_null,MZI,MZI_null_05419,-0.04786440513765356,-3.459743739064214,-1.3017793161346227,0.0,0.0,300
MZI_null,MZI,MZI_null_05420,-0.10043284895637157,-6.602542882061664,7.1854992358898215,0.0,0.0,300
MZI_null,MZI,MZI_null_05421,-0.2045106371006271,-1.4556229791723831,-6.316083485272127,0.0,0.0,300
MZI_null,MZI,MZI_null_05422,-0.2995571154926962,-1.7065205244431974,-0.4768972366950902,0.0,0.0,300
MZI_null,MZI,MZI_null_05423,0.18922484862035754,-0.8013594769528827,-1.4494321562373729,0.0,0.0,300
MZI_null,MZI,MZI_null_05424,-0.14244003660975063,2.4970362047006454,1.7865537381506718,0.0,0.0,300
MZI_null,MZI,MZI_null_05425,-0.1869494216622637,-1.886108815368094,-0.5678433054205096,0.0,0.0,300
MZI_null,MZI,MZI_null_05426,-0.05184804849085036,0.3155514574203844,1.4951994150445311,0.0,0.0,300
MZI_null,MZI,MZI_null_05427,-0.028572854670765875,-2.8426077373929752,3.4968753880025947,0.0,0.0,300
MZI_null,MZI,MZI_null_05428,0.13992583385433557,-1.7829188302748467,-5.887627117240161,0.0,0.0,300
MZI_null,MZI,MZI_null_05429,0.05160001594575538,0.09425039475300423,-9.26356488519512,0.0,0.0,300
MZI_null,MZI,MZI_null_05430,0.03778041724770382,-3.250075960387206,-1.6625628403886545,0.0,0.0,300
MZI_null,MZI,MZI_null_05431,-0.1361071429144981,-2.444567871210926,3.175974728543994,0.0,0.0,300
MZI_null,MZI,MZI_null_05432,-0.06695977482232734,0.8967206763795512,-3.418993656638831,0.0,0.0,300
MZI_null,MZI,MZI_null_05433,0.11381342889840583,-1.9950324331341462,0.056074486367841736,0.0,0.0,300
MZI_null,MZI,MZI_null_05434,0.0010729884146231281,-0.07512430267637438,-8.702755353801274,0.0,0.0,300
MZI_null,MZI,MZI_null_05435,-0.21297379701863542,-0.748758505974066,-7.130615061688707,0.0,0.0,300
MZI_null,MZI,MZI_null_05436,-0.0795870533470814,-2.1630225231099494,-3.4844204128386904,0.0,0.0,300
MZI_null,MZI,MZI_null_05437,-0.10373421040406604,-1.185253399539223,2.0278848673394276,0.0,0.0,300
MZI_null,MZI,MZI_null_05438,-0.14376740718822115,-3.7251745885621106,-3.1937829199811345,0.0,0.0,300
MZI_null,MZI,MZI_null_05439,-0.36320696278159176,-1.574864629047474,1.8041532374854765,0.0,0.0,300
MZI_null,MZI,MZI_null_05440,0.1524964810973823,-4.612299129322217,-4.755094145560427,0.0,0.0,300
MZI_null,MZI,MZI_null_05441,0.003240832138752698,0.4878210596994017,-0.5354486550688482,0.0,0.0,300
MZI_null,MZI,MZI_null_05442,0.043395695381064185,1.4254927832087008,-3.2174096776921104,0.0,0.0,300
MZI_null,MZI,MZI_null_05443,-0.032995513000954484,2.903816535283605,-1.590433369292881,0.0,0.0,300
MZI_null,MZI,MZI_null_05444,-0.19010054489498568,-4.008068288750884,-3.8145395536637268,0.0,0.0,300
MZI_null,MZI,MZI_null_05445,0.05357438785519059,-4.687841010766337,-0.18689724141626618,0.0,0.0,300
MZI_null,MZI,MZI_null_05446,-0.11040978278109746,-8.370135615194684,-0.08014063905423363,0.0,0.0,300
MZI_null,MZI,MZI_null_05447,0.022269552232033335,-0.44672655287347784,-3.01896165749577,0.0,0.0,300
MZI_null,MZI,MZI_null_05448,-0.11693167130390647,-0.795599424555363,3.557058717592943,0.0,0.0,300
MZI_null,MZI,MZI_null_05449,0.0016752014259491523,-0.7262447118585651,-1.9647630532771216,0.0,0.0,300
MZI_null,MZI,MZI_null_05450,-0.2315445782810527,0.9022882574621738,1.7252427172584857,0.0,0.0,300
MZI_null,MZI,MZI_null_05451,0.1066161037762791,-2.545836315027256,0.7911682992156219,0.0,0.0,300
MZI_null,MZI,MZI_null_05452,0.1340642696081746,2.860476054870122,1.9655783139423257,0.0,0.0,300
MZI_null,MZI,MZI_null_05453,0.009573183755045834,-5.924759766273114,-0.5330251069847768,0.0,0.0,300
MZI_null,MZI,MZI_null_05454,0.038486609377396154,0.12708932595491218,3.0616755779702762,0.0,0.0,300
MZI_null,MZI,MZI_null_05455,-0.014272576808516891,4.302961569439335,-6.277861060121731,0.0,0.0,300
MZI_null,MZI,MZI_null_05456,0.06290128086924378,-4.395561176552084,-6.721665999066409,0.0,0.0,300
MZI_null,MZI,MZI_null_05457,-0.030266156444873783,-6.37151809526287,-1.4842836940984505,0.0,0.0,300
MZI_null,MZI,MZI_null_05458,0.005215387214168512,1.3556242280078479,-5.5227554042918126,0.0,0.0,300
MZI_null,MZI,MZI_null_05459,0.13626677484686586,-1.705758649160618,2.0865474608287835,0.0,0.0,300
MZI_null,MZI,MZI_null_05460,-0.06476267625466917,-5.996733760290336,-4.652497978647599,0.0,0.0,300
MZI_null,MZI,MZI_null_05461,-0.1937711180500674,-0.5665575412380346,3.4307660666440984,0.0,0.0,300
MZI_null,MZI,MZI_null_05462,-0.08474272899828306,-0.1125941052266497,-5.570326174406859,0.0,0.0,300
MZI_null,MZI,MZI_null_05463,0.02704818737659485,0.005687849011379864,-5.344374325830605,0.0,0.0,300
MZI_null,MZI,MZI_null_05464,-0.03058252034697818,0.14775142145669573,-9.801311941688432,0.0,0.0,300
MZI_null,MZI,MZI_null_05465,0.20031795925526139,-0.9389618723268556,1.1501829431520285,0.0,0.0,300
MZI_null,MZI,MZI_null_05466,-0.06190789187921465,-7.168167444696066,0.602188868950855,0.0,0.0,300
MZI_null,MZI,MZI_null_05467,-0.012388548812476809,-1.903653633703038,2.262820955596861,0.0,0.0,300
MZI_null,MZI,MZI_null_05468,0.1143095810793897,3.7637122512688386,-0.5384373133795031,0.0,0.0,300
MZI_null,MZI,MZI_null_05469,-0.10368186566866758,-2.5652505407261788,0.24699011761581868,0.0,0.0,300
MZI_null,MZI,MZI_null_05470,0.1523784778489466,-6.401101854316156,-0.9743871544624931,0.0,0.0,300
MZI_null,MZI,MZI_null_05471,0.24143124855575537,-2.7206266130075605,1.7930355646073135,0.0,0.0,300
MZI_null,MZI,MZI_null_05472,0.07396762908240076,0.8675818195749398,-3.4292816247997973,0.0,0.0,300
MZI_null,MZI,MZI_null_05473,-0.1208102505098371,-1.9391843236331359,-5.596665361720934,0.0,0.0,300
MZI_null,MZI,MZI_null_05474,-0.040461090991748654,-1.2413700274529988,4.353906820849318,0.0,0.0,300
MZI_null,MZI,MZI_null_05475,0.060407728390473245,-0.12431458738069301,2.4934275411500177,0.0,0.0,300
MZI_null,MZI,MZI_null_05476,-0.14469863833425847,-2.495247987112957,6.276237775411678,0.0,0.0,300
MZI_null,MZI,MZI_null_05477,-0.011868333357676305,1.3492922463466215,1.8912136315193218,0.0,0.0,300
MZI_null,MZI,MZI_null_05478,-0.22171705715815337,-1.0685621689822,-0.559757583384323,0.0,0.0,300
MZI_null,MZI,MZI_null_05479,0.049493818176065206,-4.26233743937318,-4.350758535736477,0.0,0.0,300
MZI_null,MZI,MZI_null_05480,-0.0714015000031277,-2.2933849912526085,2.554953342800948,0.0,0.0,300
MZI_null,MZI,MZI_null_05481,0.272596622958841,2.1897935386695337,1.5805556323455328,0.0,0.0,300
MZI_null,MZI,MZI_null_05482,-0.15065103934493848,-3.2266885249684867,-0.37022184276100656,0.0,0.0,300
MZI_null,MZI,MZI_null_05483,-0.09486585571142624,-0.2683830424161475,1.1614583247628634,0.0,0.0,300
MZI_null,MZI,MZI_null_05484,0.08044350938482027,1.075403813672744,-3.713773641139222,0.0,0.0,300
MZI_null,MZI,MZI_null_05485,0.13992430561382965,-4.086936350360589,-3.822807857928656,0.0,0.0,300
MZI_null,MZI,MZI_null_05486,0.07981742012795726,1.6476206865969418,0.4640404591280296,0.0,0.0,300
MZI_null,MZI,MZI_null_05487,0.0031206035658816345,-1.069538521695479,-0.5907192457981597,0.0,0.0,300
MZI_null,MZI,MZI_null_05488,-0.1688926344203091,-5.727860434834746,-1.2364776384203644,0.0,0.0,300
MZI_null,MZI,MZI_null_05489,0.011978525365395567,-1.9660028648967978,1.02830484094974,0.0,0.0,300
MZI_null,MZI,MZI_null_05490,-0.03232150742465098,-0.3110624542854321,-1.4337603019793437,0.0,0.0,300
MZI_null,MZI,MZI_null_05491,0.2735038443054699,-1.75785881982066,6.022167834577031,0.0,0.0,300
MZI_null,MZI,MZI_null_05492,0.052801738663629645,-2.641031511764647,-3.6983439287790234,0.0,0.0,300
MZI_null,MZI,MZI_null_05493,-0.21643328610865403,-4.974326853188471,-3.6388189274919696,0.0,0.0,300
MZI_null,MZI,MZI_null_05494,0.0592230030618265,-3.578496113180562,-0.4392188423365071,0.0,0.0,300
MZI_null,MZI,MZI_null_05495,0.1922967543565029,-2.2634250549045607,5.237470095400413,0.0,0.0,300
MZI_null,MZI,MZI_null_05496,-0.17637164705087968,-2.4517506451247835,-2.6179387708329362,0.0,0.0,300
MZI_null,MZI,MZI_null_05497,0.14047599090855117,-8.719374891098363,-5.3293458675334335,0.0,0.0,300
MZI_null,MZI,MZI_null_05498,-0.01610202336764442,2.6541331630284795,-0.32247449788807814,0.0,0.0,300
MZI_null,MZI,MZI_null_05499,-0.20273211813963507,-5.59149977807069,4.018969108534858,0.0,0.0,300
MZI_null,MZI,MZI_null_05500,-0.09317021981943611,-4.828890117349292,3.4321176818925814,0.0,0.0,300
MZI_null,MZI,MZI_null_05501,0.1516645508380486,1.8221789298003879,-3.85012564079745,0.0,0.0,300
MZI_null,MZI,MZI_null_05502,-0.2287658461521541,-1.6005005319118832,0.005378399220991925,0.0,0.0,300
MZI_null,MZI,MZI_null_05503,0.05469027055572477,2.434551806917005,-6.201301270024745,0.0,0.0,300
MZI_null,MZI,MZI_null_05504,0.12895425769466487,-5.289875132441953,1.5672059625825234,0.0,0.0,300
MZI_null,MZI,MZI_null_05505,-0.07124350567820661,-4.441915387671535,-2.8297081208476067,0.0,0.0,300
MZI_null,MZI,MZI_null_05506,-0.21684153011648438,-1.8787131804995985,-3.3180201719813716,0.0,0.0,300
MZI_null,MZI,MZI_null_05507,0.11794473463504174,-0.07983175690124789,4.064471158708372,0.0,0.0,300
MZI_null,MZI,MZI_null_05508,0.054949122531161576,-0.4379666987597788,3.2002994354834415,0.0,0.0,300
MZI_null,MZI,MZI_null_05509,-0.09414940440400445,-6.464774638469098,-0.39971782261481925,0.0,0.0,300
MZI_null,MZI,MZI_null_05510,-0.2133950203821606,5.36181601877617,3.36649487623683,0.0,0.0,300
MZI_null,MZI,MZI_null_05511,0.32459644999523707,-1.812659070010612,0.6517207811047936,0.0,0.0,300
MZI_null,MZI,MZI_null_05512,-0.0689213147928966,0.648774416760256,-4.646629636153171,0.0,0.0,300
MZI_null,MZI,MZI_null_05513,-0.3814639784212168,-4.3721318584657,-5.366420426851947,0.0,0.0,300
MZI_null,MZI,MZI_null_05514,0.22168901042393033,3.4470323652409487,-5.208787217239333,0.0,0.0,300
MZI_null,MZI,MZI_null_05515,0.1937573411281859,0.8541549505023109,-5.709330054156629,0.0,0.0,300
MZI_null,MZI,MZI_null_05516,-0.05854012963974272,-3.740491166373559,1.2439861958815999,0.0,0.0,300
MZI_null,MZI,MZI_null_05517,-0.18431690263575207,-2.2966178769784475,-3.057803511848854,0.0,0.0,300
MZI_null,MZI,MZI_null_05518,0.0710011775077715,-2.6503760950637876,-2.6057371118211856,0.0,0.0,300
MZI_null,MZI,MZI_null_05519,-0.031994486344811696,4.108128498520337,-2.2506989083581677,0.0,0.0,300
MZI_null,MZI,MZI_null_05520,-0.15615078274256805,-0.24969929253210443,-1.4305740082688698,0.0,0.0,300
MZI_null,MZI,MZI_null_05521,-0.21228508962997086,4.694489005607398,-2.0574368367599436,0.0,0.0,300
MZI_null,MZI,MZI_null_05522,-0.05668041809420268,-1.5204939442757077,4.190350307626518,0.0,0.0,300
MZI_null,MZI,MZI_null_05523,-0.2519617989778493,-1.1720424517383807,5.261816485380882,0.0,0.0,300
MZI_null,MZI,MZI_null_05524,0.01930930211094725,-5.706001937910439,-2.855190558881958,0.0,0.0,300
MZI_null,MZI,MZI_null_05525,0.031032379463518573,1.9924117469195854,-2.018007533248182,0.0,0.0,300
MZI_null,MZI,MZI_null_05526,0.12399776961486475,-6.3061064811406675,-5.331155108785164,0.0,0.0,300
MZI_null,MZI,MZI_null_05527,-0.07242010330274244,2.314086165619786,-0.7933760814586924,0.0,0.0,300
MZI_null,MZI,MZI_null_05528,0.04347167933499289,-1.1657612132794184,2.327623947760192,0.0,0.0,300
MZI_null,MZI,MZI_null_05529,-0.09153310388067809,0.06485532546469708,-3.4926479915653905,0.0,0.0,300
MZI_null,MZI,MZI_null_05530,0.29749089838811404,-4.401173312890069,-3.6471679092358626,0.0,0.0,300
MZI_null,MZI,MZI_null_05531,0.08245047202320743,-1.7606347057030285,-0.019442781217197114,0.0,0.0,300
MZI_null,MZI,MZI_null_05532,0.034097069323847706,-5.2711765964223165,3.840076787238452,0.0,0.0,300
MZI_null,MZI,MZI_null_05533,0.1340313308833664,2.076849853801348,-2.5849926673312726,0.0,0.0,300
MZI_null,MZI,MZI_null_05534,0.06247853170727571,-1.4078946132959267,2.384007878604523,0.0,0.0,300
MZI_null,MZI,MZI_null_05535,0.17403721977444284,-1.4208475911256555,-5.553853395529755,0.0,0.0,300
MZI_null,MZI,MZI_null_05536,0.26694928306315335,-0.33203769892958324,-2.8253111241734263,0.0,0.0,300
MZI_null,MZI,MZI_null_05537,0.06098132074000424,-6.5332806453575705,2.166059202413132,0.0,0.0,300
MZI_null,MZI,MZI_null_05538,-0.22068176164187295,-2.662503476111248,-0.26663665118335067,0.0,0.0,300
MZI_null,MZI,MZI_null_05539,0.15582595679731404,-1.6803659706968779,0.9048886208376508,0.0,0.0,300
MZI_null,MZI,MZI_null_05540,-0.004225036267432939,-2.096557852832848,-0.7435682489551081,0.0,0.0,300
MZI_null,MZI,MZI_null_05541,-0.02835868812785619,-7.059710729244307,-3.304970481089885,0.0,0.0,300
MZI_null,MZI,MZI_null_05542,0.03671622616675476,-2.747363010466157,-1.4674272465457197,0.0,0.0,300
MZI_null,MZI,MZI_null_05543,-0.04850305041580731,-4.590795178195453,-2.4792983829288815,0.0,0.0,300
MZI_null,MZI,MZI_null_05544,-0.046024761658289205,-1.9845705783744518,0.18013503340913695,0.0,0.0,300
MZI_null,MZI,MZI_null_05545,-0.027082543632860865,-5.088965767077259,-5.194246119756349,0.0,0.0,300
MZI_null,MZI,MZI_null_05546,0.38961558110628364,-5.389445090793689,-2.555875003793149,0.0,0.0,300
MZI_null,MZI,MZI_null_05547,0.07755004537709027,-0.9174181713029572,0.5625970776847176,0.0,0.0,300
MZI_null,MZI,MZI_null_05548,-0.06640756042982632,-1.2843257880813583,-0.8159690072774091,0.0,0.0,300
MZI_null,MZI,MZI_null_05549,-0.04681970513119308,-1.2637707746859803,2.16609664025212,0.0,0.0,300
MZI_null,MZI,MZI_null_05550,-0.0033300335152987156,-2.046641460930724,2.2044831046279527,0.0,0.0,300
MZI_null,MZI,MZI_null_05551,0.14420405397282196,2.75180932289045,-6.268690703438731,0.0,0.0,300
MZI_null,MZI,MZI_null_05552,0.13576787747540842,-0.19525986379346216,-3.656957193259796,0.0,0.0,300
MZI_null,MZI,MZI_null_05553,0.037738187699826724,1.1533652432739951,-3.4874767674562,0.0,0.0,300
MZI_null,MZI,MZI_null_05554,0.06638436435342107,0.6140610271930522,-4.213058687594464,0.0,0.0,300
MZI_null,MZI,MZI_null_05555,-0.021342853866772198,-1.0970948700727665,-3.388394516628864,0.0,0.0,300
MZI_null,MZI,MZI_null_05556,-0.1318729798640319,-2.4051338055883225,1.404919150711076,0.0,0.0,300
MZI_null,MZI,MZI_null_05557,0.09656010017881646,-4.584238187559027,0.9565036553470585,0.0,0.0,300
MZI_null,MZI,MZI_null_05558,-0.12539096642497627,-6.830509393980304,-2.101430713141694,0.0,0.0,300
MZI_null,MZI,MZI_null_05559,0.16844540573786035,-0.03211834357587939,-1.0047154221195829,0.0,0.0,300
MZI_null,MZI,MZI_null_05560,-0.06250582253865862,-3.1692864083492935,-0.6736452824176116,0.0,0.0,300
MZI_null,MZI,MZI_null_05561,-0.16026562287687432,-3.0443220356038916,-1.6467083840793064,0.0,0.0,300
MZI_null,MZI,MZI_null_05562,-0.20266116876772464,-4.515344752692725,0.2315203744591443,0.0,0.0,300
MZI_null,MZI,MZI_null_05563,0.0014267759911491336,-2.926285373580149,-3.7342823126138915,0.0,0.0,300
MZI_null,MZI,MZI_null_05564,0.23652747383838252,-4.513937644037956,-0.24522157821478774,0.0,0.0,300
MZI_null,MZI,MZI_null_05565,-0.0731803632110693,-1.8911621220849946,0.37282922582111677,0.0,0.0,300
MZI_null,MZI,MZI_null_05566,-0.20553848838118288,-2.019848732460464,2.5721859469395363,0.0,0.0,300
MZI_null,MZI,MZI_null_05567,0.26422528402380047,-2.3900419197653933,-0.8749563783492736,0.0,0.0,300
MZI_null,MZI,MZI_null_05568,0.3316999542902299,1.404772844797595,-2.851853707765657,0.0,0.0,300
MZI_null,MZI,MZI_null_05569,-0.09284751763291844,0.8696483853618058,-4.033111390137192,0.0,0.0,300
MZI_null,MZI,MZI_null_05570,0.16315901270082797,-0.9971001087469751,0.5531622920812174,0.0,0.0,300
MZI_null,MZI,MZI_null_05571,-0.03851007052200799,-3.8894744127392293,3.385978492604961,0.0,0.0,300
MZI_null,MZI,MZI_null_05572,-0.03701059208302124,-3.2328052297215852,-1.2404112036394275,0.0,0.0,300
MZI_null,MZI,MZI_null_05573,0.02895331990769143,-5.092475380158346,-2.694614482620735,0.0,0.0,300
MZI_null,MZI,MZI_null_05574,-0.09270481108590868,0.5358409138205449,-3.657887703999668,0.0,0.0,300
MZI_null,MZI,MZI_null_05575,-0.26336517866370807,-7.901283688718462,-5.411140404027152,0.0,0.0,300
MZI_null,MZI,MZI_null_05576,0.2042307304272167,-1.951380201547845,0.503747260421608,0.0,0.0,300
MZI_null,MZI,MZI_null_05577,0.08047315906819938,-1.8314482448230391,-1.2243438899539245,0.0,0.0,300
MZI_null,MZI,MZI_null_05578,0.1566789644727211,-1.5620122570620802,3.197292437790243,0.0,0.0,300
MZI_null,MZI,MZI_null_05579,0.09312449179347994,-3.853388820443084,-2.4914020716098086,0.0,0.0,300
MZI_null,MZI,MZI_null_05580,-0.10911972096814192,1.6526440658521464,-2.2151528588366585,0.0,0.0,300
MZI_null,MZI,MZI_null_05581,-0.11977091951994487,-1.0406658766195398,-1.2915013191175095,0.0,0.0,300
MZI_null,MZI,MZI_null_05582,0.04418527688627458,3.6694417116815297,1.7392124177865789,0.0,0.0,300
MZI_null,MZI,MZI_null_05583,0.0040515831452859535,-6.225270152618026,-2.499887491625907,0.0,0.0,300
MZI_null,MZI,MZI_null_05584,0.10665691538179546,-5.513123118985449,5.422910888991062,0.0,0.0,300
MZI_null,MZI,MZI_null_05585,0.0021624843953322965,-1.8534548203715453,-2.9999355788739335,0.0,0.0,300
MZI_null,MZI,MZI_null_05586,0.07451066351635777,-5.474005419566696,5.494677767304372,0.0,0.0,300
MZI_null,MZI,MZI_null_05587,0.1976026956978017,0.952889335591137,-5.171287017369428,0.0,0.0,300
MZI_null,MZI,MZI_null_05588,0.030811990568662625,1.6272591940420136,0.7793161980732175,0.0,0.0,300
MZI_null,MZI,MZI_null_05589,-0.15031636569506623,-3.950281265925966,-2.3558084140179716,0.0,0.0,300
MZI_null,MZI,MZI_null_05590,-0.09051567517329114,2.5863365071309223,-6.763039416469768,0.0,0.0,300
MZI_null,MZI,MZI_null_05591,0.09838787094882548,-5.876910124785353,-3.8837544623532034,0.0,0.0,300
MZI_null,MZI,MZI_null_05592,-0.3014600050303076,-3.6471632934765976,3.5321949546176405,0.0,0.0,300
MZI_null,MZI,MZI_null_05593,0.039723636369716694,-5.595084640997291,2.0514430231379372,0.0,0.0,300
MZI_null,MZI,MZI_null_05594,0.18469563953530285,-1.6878605568827432,5.104247474457771,0.0,0.0,300
MZI_null,MZI,MZI_null_05595,0.12323461869369215,0.047957521877764364,-3.41013612149887,0.0,0.0,300
MZI_null,MZI,MZI_null_05596,0.09410977284320111,-1.3496261671865202,0.5594870080130803,0.0,0.0,300
MZI_null,MZI,MZI_null_05597,-0.1026878428711996,-1.61570334692304,-3.450584500644874,0.0,0.0,300
MZI_null,MZI,MZI_null_05598,-0.3220698149949048,0.9949137057351503,-5.507166945068552,0.0,0.0,300
MZI_null,MZI,MZI_null_05599,0.016077969717362414,-1.0009936116528806,-0.02031095241083536,0.0,0.0,300
MZI_null,MZI,MZI_null_05600,-0.04246186103973753,-1.1863655741600798,0.41290120935548646,0.0,0.0,300
MZI_null,MZI,MZI_null_05601,0.11024472236279771,3.2003240181527888,-0.2974175455053839,0.0,0.0,300
MZI_null,MZI,MZI_null_05602,0.009607326752655281,-4.720186896050282,0.307838971698011,0.0,0.0,300
MZI_null,MZI,MZI_null_05603,0.10010746547108529,-2.5769095528448815,0.6338375125521112,0.0,0.0,300
MZI_null,MZI,MZI_null_05604,-0.043877429032401265,0.012977956266771784,1.7378069420892306,0.0,0.0,300
MZI_null,MZI,MZI_null_05605,0.1347941800095728,-1.6464670215760981,-4.119904454851154,0.0,0.0,300
MZI_null,MZI,MZI_null_05606,-0.0917869578962731,-0.21452802834581464,6.346436917220681,0.0,0.0,300
MZI_null,MZI,MZI_null_05607,-0.051108115729812276,-0.63248696483558,-2.6681576724382103,0.0,0.0,300
MZI_null,MZI,MZI_null_05608,-0.1460950566373651,-4.028947590732088,-7.247415930108015,0.0,0.0,300
MZI_null,MZI,MZI_null_05609,0.2030152594361626,-8.690390758743842,-1.7914846912018985,0.0,0.0,300
MZI_null,MZI,MZI_null_05610,-0.17671918430250816,-4.653140646086613,3.129567979216004,0.0,0.0,300
MZI_null,MZI,MZI_null_05611,0.030160048504708797,-4.896188477545102,-2.7685513974895324,0.0,0.0,300
MZI_null,MZI,MZI_null_05612,-0.11482218306631284,-2.130637016236642,-0.4813249456369225,0.0,0.0,300
MZI_null,MZI,MZI_null_05613,0.284336215984284,-7.748902297993121,-1.1044369442738573,0.0,0.0,300
MZI_null,MZI,MZI_null_05614,-0.047335153880178324,0.8396455831503471,0.06445435453518034,0.0,0.0,300
MZI_null,MZI,MZI_null_05615,0.08855433121724184,-0.9647414419547524,-3.7959733758506187,0.0,0.0,300
MZI_null,MZI,MZI_null_05616,0.18168982447395193,0.39551471384700676,1.7465893751742292,0.0,0.0,300
MZI_null,MZI,MZI_null_05617,0.18960752557607471,-0.7469746980441205,3.4429772123524787,0.0,0.0,300
MZI_null,MZI,MZI_null_05618,0.05664593576799616,-2.657175764073826,-1.019811731450094,0.0,0.0,300
MZI_null,MZI,MZI_null_05619,-0.0035765652204174693,-3.558173966271629,3.8956665451106627,0.0,0.0,300
MZI_null,MZI,MZI_null_05620,0.044444304825550146,-1.7157845725012801,0.1648227647793008,0.0,0.0,300
MZI_null,MZI,MZI_null_05621,0.446978177510572,-5.395172565798978,-3.535115535148827,0.0,0.0,300
MZI_null,MZI,MZI_null_05622,-0.20708565261704945,-2.697797715306458,-0.26344467001791894,0.0,0.0,300
MZI_null,MZI,MZI_null_05623,-0.0697983777511616,-3.6191803944553103,-0.5727854001156031,0.0,0.0,300
MZI_null,MZI,MZI_null_05624,-0.07531617372445462,-1.0694725184514855,2.3427030402278133,0.0,0.0,300
MZI_null,MZI,MZI_null_05625,0.10155457047012095,0.643040041495607,2.2577552345201584,0.0,0.0,300
MZI_null,MZI,MZI_null_05626,0.04242422401780543,-2.4759230781293033,-3.316759212649587,0.0,0.0,300
MZI_null,MZI,MZI_null_05627,-0.05867672454535815,-3.571056598030683,1.1950169798627348,0.0,0.0,300
MZI_null,MZI,MZI_null_05628,0.05201738318912942,0.09027358814290398,-4.481010568300454,0.0,0.0,300
MZI_null,MZI,MZI_null_05629,0.21476242263616183,-3.280941114520287,-4.300049926223988,0.0,0.0,300
MZI_null,MZI,MZI_null_05630,-0.06588266472327191,5.451297977762525,-2.1631505994747027,0.0,0.0,300
MZI_null,MZI,MZI_null_05631,-0.04876447072063882,-2.5763140418890282,-1.445861150294366,0.0,0.0,300
MZI_null,MZI,MZI_null_05632,-0.11722140987018814,-1.5703607503816088,2.2267847245949905,0.0,0.0,300
MZI_null,MZI,MZI_null_05633,0.047143397321806065,-5.333495896699957,-2.033037714801125,0.0,0.0,300
MZI_null,MZI,MZI_null_05634,-0.08272911001524445,-1.8411815952955968,2.9913550146869508,0.0,0.0,300
MZI_null,MZI,MZI_null_05635,-0.02233241940313245,-2.264464606611172,4.332934456458288,0.0,0.0,300
MZI_null,MZI,MZI_null_05636,0.13143089875074904,-0.27775615368039475,4.874394845905327,0.0,0.0,300
MZI_null,MZI,MZI_null_05637,0.07347168821910197,-7.9595814259325675,1.497997273641082,0.0,0.0,300
MZI_null,MZI,MZI_null_05638,-0.23880126856779751,-0.6439838942526568,-6.14123072238772,0.0,0.0,300
MZI_null,MZI,MZI_null_05639,-0.07002831155998791,-3.0913535888296133,-3.3103573216952595,0.0,0.0,300
MZI_null,MZI,MZI_null_05640,-0.05232779957868,1.0976851610816571,-3.1418587364786603,0.0,0.0,300
MZI_null,MZI,MZI_null_05641,0.08177113192658113,-4.8969489188219,-1.5684987291763874,0.0,0.0,300
MZI_null,MZI,MZI_null_05642,0.048575889949117546,-4.989585249855679,-4.93516129873207,0.0,0.0,300
MZI_null,MZI,MZI_null_05643,0.07378172258683323,1.3692411980219168,-1.2371950584621165,0.0,0.0,300
MZI_null,MZI,MZI_null_05644,-0.06859693598350564,-1.5329738369348396,-0.8335602437038585,0.0,0.0,300
MZI_null,MZI,MZI_null_05645,0.03643538110668772,-9.584735300941142,-4.207312873497889,0.0,0.0,300
MZI_null,MZI,MZI_null_05646,-0.12678451581552808,-1.5473971144653125,-0.44236634913320094,0.0,0.0,300
MZI_null,MZI,MZI_null_05647,0.0954270733026054,-1.2272547523686896,-4.902205211162007,0.0,0.0,300
MZI_null,MZI,MZI_null_05648,0.21705069263775903,1.8157549102670987,-4.774591870080777,0.0,0.0,300
MZI_null,MZI,MZI_null_05649,0.049905794156127434,-3.7862731557290474,-0.5834080323983553,0.0,0.0,300
MZI_null,MZI,MZI_null_05650,0.15799654194628057,4.390312798962876,1.2538331154278306,0.0,0.0,300
MZI_null,MZI,MZI_null_05651,0.04424021026652039,-3.0194635049248912,-0.4535953869664706,0.0,0.0,300
MZI_null,MZI,MZI_null_05652,0.20396578399924703,-2.134126270278756,-3.658337954042951,0.0,0.0,300
MZI_null,MZI,MZI_null_05653,-0.24295347982749396,-0.4608563977692477,-0.25813562311678206,0.0,0.0,300
MZI_null,MZI,MZI_null_05654,-0.0968862259893445,1.0780423771218928,-2.2653305931628913,0.0,0.0,300
MZI_null,MZI,MZI_null_05655,-0.02019661377371928,-2.0499923998938305,-2.0528582264142643,0.0,0.0,300
MZI_null,MZI,MZI_null_05656,0.03537975986243563,1.4545454377990032,-4.427445694355269,0.0,0.0,300
MZI_null,MZI,MZI_null_05657,0.07327802077110131,-1.4835239911806768,-0.5387085113658813,0.0,0.0,300
MZI_null,MZI,MZI_null_05658,0.1307766854811136,-1.852107724348524,0.44068778571710876,0.0,0.0,300
MZI_null,MZI,MZI_null_05659,0.10737969443567207,-3.5130956011418197,-0.10244961755860504,0.0,0.0,300
MZI_null,MZI,MZI_null_05660,-0.03761814108159479,-2.3980453391596868,-1.9661841894349958,0.0,0.0,300
MZI_null,MZI,MZI_null_05661,0.07066206061453295,-1.7550658729452389,0.18363210295002297,0.0,0.0,300
MZI_null,MZI,MZI_null_05662,-0.0026276044343622666,-6.812363037410975,-0.9058947517008746,0.0,0.0,300
MZI_null,MZI,MZI_null_05663,0.00953069327352255,-1.2722121885396194,-2.781187581057226,0.0,0.0,300
MZI_null,MZI,MZI_null_05664,-0.17932045749982678,-0.12618006531716608,-1.8208196696025065,0.0,0.0,300
MZI_null,MZI,MZI_null_05665,0.025686607152749365,-2.844380239664887,-1.0181854773207843,0.0,0.0,300
MZI_null,MZI,MZI_null_05666,-0.06739280219037123,-4.904250767461484,0.4211949823059715,0.0,0.0,300
MZI_null,MZI,MZI_null_05667,-0.09046801323391801,-1.5081455573155682,0.2313806657062336,0.0,0.0,300
MZI_null,MZI,MZI_null_05668,-0.08802190734046225,-5.611656903118955,6.278256841559159,0.0,0.0,300
MZI_null,MZI,MZI_null_05669,-0.0791657813918139,-0.1297485241965246,4.818390648710372,0.0,0.0,300
MZI_null,MZI,MZI_null_05670,0.11848616202808397,-2.901328426482655,-1.2013491626053339,0.0,0.0,300
MZI_null,MZI,MZI_null_05671,-0.12489108296082724,0.6450892808732265,0.6988121241760648,0.0,0.0,300
MZI_null,MZI,MZI_null_05672,-0.07716387273926147,-5.126524421295334,-4.963701212991075,0.0,0.0,300
MZI_null,MZI,MZI_null_05673,0.14797710057063013,-1.6388806131333178,-0.3550463910017453,0.0,0.0,300
MZI_null,MZI,MZI_null_05674,-0.12344229387935358,-6.390509309913218,1.8878407241348976,0.0,0.0,300
MZI_null,MZI,MZI_null_05675,0.00630585554958461,0.7217039801728609,-2.1577993795466925,0.0,0.0,300
MZI_null,MZI,MZI_null_05676,-0.03552267645552876,0.13989452986189654,1.197044238951574,0.0,0.0,300
MZI_null,MZI,MZI_null_05677,0.11963484340289311,-2.8856037593080885,0.8436417129526035,0.0,0.0,300
MZI_null,MZI,MZI_null_05678,0.1663649198215078,-2.314316035044603,-2.5404650913221607,0.0,0.0,300
MZI_null,MZI,MZI_null_05679,0.20141214049751485,-3.963337200653921,0.8884294913434307,0.0,0.0,300
MZI_null,MZI,MZI_null_05680,-0.008763346577979203,-7.524696849453681,2.3857822024357405,0.0,0.0,300
MZI_null,MZI,MZI_null_05681,-0.41367804443210515,-7.952384200272826,0.581990238442015,0.0,0.0,300
MZI_null,MZI,MZI_null_05682,0.0790606798017173,-3.912739573632607,-0.5565337290902652,0.0,0.0,300
MZI_null,MZI,MZI_null_05683,-0.3797145068667007,0.12092639341179767,-0.25082353883920905,0.0,0.0,300
MZI_null,MZI,MZI_null_05684,-0.006846428000069311,-1.9374755535866839,0.4797625285790956,0.0,0.0,300
MZI_null,MZI,MZI_null_05685,-0.004335228524679141,-7.6221665081936605,5.5889967035675685,0.0,0.0,300
MZI_null,MZI,MZI_null_05686,0.18012012291426768,-5.8548339858644844,-2.035411691429771,0.0,0.0,300
MZI_null,MZI,MZI_null_05687,-0.035405128523406125,1.2365486995268906,-7.477806805959304,0.0,0.0,300
MZI_null,MZI,MZI_null_05688,-0.07485123966446837,-7.281909330012511,-1.855286547485015,0.0,0.0,300
MZI_null,MZI,MZI_null_05689,-0.07087513396273566,-1.7609177978518633,-2.81462319702755,0.0,0.0,300
MZI_null,MZI,MZI_null_05690,-0.11265350870857863,-0.14102992471055642,0.3640182228277413,0.0,0.0,300
MZI_null,MZI,MZI_null_05691,0.08270975141673632,-2.530700271472528,-2.715215746675568,0.0,0.0,300
MZI_null,MZI,MZI_null_05692,-0.017827872303115617,-0.49651378979464367,-7.530339102915545,0.0,0.0,300
MZI_null,MZI,MZI_null_05693,0.0591167895556287,-1.0725854379956061,-0.8135472817428191,0.0,0.0,300
MZI_null,MZI,MZI_null_05694,-0.022397013280751273,-9.69835815779724,-2.3195597893012176,0.0,0.0,300
MZI_null,MZI,MZI_null_05695,0.26841580666160597,-1.961296113295083,-1.9218695160241543,0.0,0.0,300
MZI_null,MZI,MZI_null_05696,0.0025359293385168883,-0.9356813941159743,0.9764607340683931,0.0,0.0,300
MZI_null,MZI,MZI_null_05697,-0.03433202447369127,-0.7252411928189488,4.029952408284078,0.0,0.0,300
MZI_null,MZI,MZI_null_05698,0.15093761991490728,5.020900647570938,-2.9703110750551494,0.0,0.0,300
MZI_null,MZI,MZI_null_05699,0.25142842612530225,-4.372020919767784,0.06069844022138993,0.0,0.0,300
MZI_null,MZI,MZI_null_05700,0.1098714793857149,-3.5323315757134175,-0.7361071675771729,0.0,0.0,300
MZI_null,MZI,MZI_null_05701,0.13656916536777616,-4.130812694935724,4.0081503786429415,0.0,0.0,300
MZI_null,MZI,MZI_null_05702,-0.20768949370910234,3.8190743281851525,2.0039784043987763,0.0,0.0,300
MZI_null,MZI,MZI_null_05703,-0.013458836449166789,-3.2080046337101944,-2.521084788373071,0.0,0.0,300
MZI_null,MZI,MZI_null_05704,-0.020369346038552227,-2.145487584646479,2.765678739903745,0.0,0.0,300
MZI_null,MZI,MZI_null_05705,0.29529811505768755,-1.4018602380379768,-3.536885463968213,0.0,0.0,300
MZI_null,MZI,MZI_null_05706,-0.0818589060954291,-2.5492723538338535,-4.090366315890327,0.0,0.0,300
MZI_null,MZI,MZI_null_05707,-0.1768412103161068,4.291381637119081,-0.09215942216123785,0.0,0.0,300
MZI_null,MZI,MZI_null_05708,-0.12496997005205202,0.44981071107313797,-4.535038374420537,0.0,0.0,300
MZI_null,MZI,MZI_null_05709,-0.16440180718065803,-4.409127203192735,3.9635398425951003,0.0,0.0,300
MZI_null,MZI,MZI_null_05710,-0.037932009866756086,-9.32512096070746,2.63019779952678,0.0,0.0,300
MZI_null,MZI,MZI_null_05711,-0.04595720462435362,-7.548224017635217,-1.9500504638902294,0.0,0.0,300
MZI_null,MZI,MZI_null_05712,0.07815058449073546,-0.7878525004010921,4.395244937494457,0.0,0.0,300
MZI_null,MZI,MZI_null_05713,-0.12791517938548957,-1.859839639205083,-3.0987078357352655,0.0,0.0,300
MZI_null,MZI,MZI_null_05714,-0.23132893412808342,0.6565821169178645,0.38980870744256046,0.0,0.0,300
MZI_null,MZI,MZI_null_05715,0.0425517674548279,-0.7196294202240665,-3.05641855806526,0.0,0.0,300
MZI_null,MZI,MZI_null_05716,-0.150854263097729,-1.8870578834919192,2.483634207234842,0.0,0.0,300
MZI_null,MZI,MZI_null_05717,0.24121157031803203,0.38629812042229883,-0.9124767196957122,0.0,0.0,300
MZI_null,MZI,MZI_null_05718,0.04046758940999041,-1.9652184220238857,-4.077830019098284,0.0,0.0,300
MZI_null,MZI,MZI_null_05719,0.003697106731581442,-6.004480452765479,-1.3722316783091189,0.0,0.0,300
MZI_null,MZI,MZI_null_05720,0.24541576658944786,0.4685776683500551,-3.769357552709589,0.0,0.0,300
MZI_null,MZI,MZI_null_05721,-0.010864360446342479,-4.503128935264214,-1.18754130453163,0.0,0.0,300
MZI_null,MZI,MZI_null_05722,0.15616617247868445,-0.04097618507028855,6.452432242236007,0.0,0.0,300
MZI_null,MZI,MZI_null_05723,0.17887161037613572,-1.3879988567669255,1.0314499223998794,0.0,0.0,300
MZI_null,MZI,MZI_null_05724,-0.030366476127500354,-5.382512741259489,2.9173297348625615,0.0,0.0,300
MZI_null,MZI,MZI_null_05725,0.15134872153974718,-2.723162643781893,-0.17819278920598536,0.0,0.0,300
MZI_null,MZI,MZI_null_05726,0.18614087810772095,0.5390542786180603,-5.389303753749097,0.0,0.0,300
MZI_null,MZI,MZI_null_05727,0.03654300322347364,-2.502894576465092,2.339002097416042,0.0,0.0,300
MZI_null,MZI,MZI_null_05728,0.1546564108173992,1.9558234845341347,-4.353683016160623,0.0,0.0,300
MZI_null,MZI,MZI_null_05729,-0.11761673010843582,1.342247308406316,-2.774937446027337,0.0,0.0,300
MZI_null,MZI,MZI_null_05730,-0.2282149471371461,-0.4022105371578042,-2.641655320797918,0.0,0.0,300
MZI_null,MZI,MZI_null_05731,0.26846861554626006,-1.1114463380346093,-0.5192221400750034,0.0,0.0,300
MZI_null,MZI,MZI_null_05732,-0.055386583742363556,2.772506001780914,0.0756633796694628,0.0,0.0,300
MZI_null,MZI,MZI_null_05733,-0.06127492772343096,-4.382251119816341,-1.2204191636926536,0.0,0.0,300
MZI_null,MZI,MZI_null_05734,-0.14664702557322085,1.0866323250368324,-6.425026162072703,0.0,0.0,300
MZI_null,MZI,MZI_null_05735,-0.02092710424996062,-0.16959936473619686,0.026358260328971372,0.0,0.0,300
MZI_null,MZI,MZI_null_05736,-0.10759244595235033,-0.019223879880352346,-3.6581181651577226,0.0,0.0,300
MZI_null,MZI,MZI_null_05737,-0.0033576984745215107,-0.044475284058933084,0.3887383384793397,0.0,0.0,300
MZI_null,MZI,MZI_null_05738,-0.10125585171292019,1.5924835496930898,-0.7399162855433978,0.0,0.0,300
MZI_null,MZI,MZI_null_05739,0.11144931164087271,2.5873030200197418,2.352561646323821,0.0,0.0,300
MZI_null,MZI,MZI_null_05740,0.16801941094965658,-1.4219602104515832,1.3818053627315292,0.0,0.0,300
MZI_null,MZI,MZI_null_05741,0.03203948618464741,-5.62797340333524,-0.09176862248487294,0.0,0.0,300
MZI_null,MZI,MZI_null_05742,0.03845414756076982,-0.24881191543454229,-1.3839909256401857,0.0,0.0,300
MZI_null,MZI,MZI_null_05743,-0.1142183335145776,-0.03048175047431867,-4.939816861756744,0.0,0.0,300
MZI_null,MZI,MZI_null_05744,0.2188228703784704,-2.6942541836149774,-0.26341548383149527,0.0,0.0,300
MZI_null,MZI,MZI_null_05745,0.0837837229922358,-0.22793586546742728,-5.226952899855204,0.0,0.0,300
MZI_null,MZI,MZI_null_05746,0.12361298708163954,-1.09053851487118,-2.905784153675827,0.0,0.0,300
MZI_null,MZI,MZI_null_05747,-0.11245004264188707,-3.002159246170536,-4.896225059831476,0.0,0.0,300
MZI_null,MZI,MZI_null_05748,0.25834010864805385,2.4584539754300323,0.35510060292781787,0.0,0.0,300
MZI_null,MZI,MZI_null_05749,-0.03350976245131363,-2.5913239638121857,1.2741971185219043,0.0,0.0,300
MZI_null,MZI,MZI_null_05750,0.26367403492529257,-3.7111902187902297,-4.352758127869972,0.0,0.0,300
MZI_null,MZI,MZI_null_05751,0.23214611603929064,-7.361415762753355,-4.025592424757939,0.0,0.0,300
MZI_null,MZI,MZI_null_05752,-0.037028683876627916,-6.681300403415094,2.3364471884197946,0.0,0.0,300
MZI_null,MZI,MZI_null_05753,0.128535790575765,-3.724379681645951,2.838842357533243,0.0,0.0,300
MZI_null,MZI,MZI_null_05754,0.21739386426057392,-2.339511944870191,-2.352004532704022,0.0,0.0,300
MZI_null,MZI,MZI_null_05755,0.3389403041613717,0.16348546625246518,-0.23102604109344005,0.0,0.0,300
MZI_null,MZI,MZI_null_05756,0.20453189199594188,-1.0942080949909359,-2.5168617577575656,0.0,0.0,300
MZI_null,MZI,MZI_null_05757,0.012023964073133022,1.115962861959205,-6.976556699047641,0.0,0.0,300
MZI_null,MZI,MZI_null_05758,-0.04320461091588315,2.149172195744815,-2.5356052032805527,0.0,0.0,300
MZI_null,MZI,MZI_null_05759,0.23191628406471146,2.2442314580794385,-1.196587346466854,0.0,0.0,300
MZI_null,MZI,MZI_null_05760,-0.08528089573335011,-2.8620766224489036,6.993843476004304,0.0,0.0,300
MZI_null,MZI,MZI_null_05761,0.2811636670399866,-1.623827084579785,-2.824460654861228,0.0,0.0,300
MZI_null,MZI,MZI_null_05762,0.01755615533718947,-1.268519220149706,-4.730076212828062,0.0,0.0,300
MZI_null,MZI,MZI_null_05763,0.012006190382289027,1.9672129744351903,-6.398070043649421,0.0,0.0,300
MZI_null,MZI,MZI_null_05764,0.12398759477058723,2.124393910164339,-2.6816720352831043,0.0,0.0,300
MZI_null,MZI,MZI_null_05765,0.25412636372865843,-4.071011187345036,0.32324798558121115,0.0,0.0,300
MZI_null,MZI,MZI_null_05766,-0.04601590269954456,-2.920989071487811,-2.8518972092741364,0.0,0.0,300
MZI_null,MZI,MZI_null_05767,0.10478632212930297,0.5464163731943472,-1.193266598731566,0.0,0.0,300
MZI_null,MZI,MZI_null_05768,-0.2039952320508411,-0.7904895000968306,0.2660430782320815,0.0,0.0,300
MZI_null,MZI,MZI_null_05769,-0.03250725170796411,3.601693861542426,-5.691787794701962,0.0,0.0,300
MZI_null,MZI,MZI_null_05770,-0.3325925565380352,-4.192504699093012,1.1312736022743484,0.0,0.0,300
MZI_null,MZI,MZI_null_05771,-0.1583766956150761,-4.9429127555782255,1.853064008534464,0.0,0.0,300
MZI_null,MZI,MZI_null_05772,0.06938218841966244,-0.8688172711148006,1.3442867583965845,0.0,0.0,300
MZI_null,MZI,MZI_null_05773,-0.06377894299093265,-3.136952222174574,1.4293378176842753,0.0,0.0,300
MZI_null,MZI,MZI_null_05774,-0.20173301711717992,-8.42815953919564,-2.2998525208835634,0.0,0.0,300
MZI_null,MZI,MZI_null_05775,0.13963099335985374,-1.2333209030395902,1.571874512369046,0.0,0.0,300
MZI_null,MZI,MZI_null_05776,-0.3024441465634748,-1.0535095750295247,0.9615935139271337,0.0,0.0,300
MZI_null,MZI,MZI_null_05777,-0.2026196133916027,0.5861727716396343,-1.3345566895173786,0.0,0.0,300
MZI_null,MZI,MZI_null_05778,0.4607005052409002,-8.531708206690206,3.1073431030242524,0.0,0.0,300
MZI_null,MZI,MZI_null_05779,-0.05912371447891106,-6.8514551433201305,-2.580865430694976,0.0,0.0,300
MZI_null,MZI,MZI_null_05780,0.041621886200619886,1.1124000086951296,4.165892864396526,0.0,0.0,300
MZI_null,MZI,MZI_null_05781,0.2132839633056514,-4.896146062113483,2.3904940767983502,0.0,0.0,300
MZI_null,MZI,MZI_null_05782,0.05869274356813105,-3.9638090627869635,-1.6357317804324432,0.0,0.0,300
MZI_null,MZI,MZI_null_05783,-0.10647639891670858,-1.8887229741906324,-3.188973646882361,0.0,0.0,300
MZI_null,MZI,MZI_null_05784,-0.15419911098261585,-0.5626426166516838,0.8861916447789113,0.0,0.0,300
MZI_null,MZI,MZI_null_05785,-0.028139550013741788,2.1029539118079175,-1.7812917594853395,0.0,0.0,300
MZI_null,MZI,MZI_null_05786,-0.04541618176883074,-0.01853305296290797,-1.3972767548300102,0.0,0.0,300
MZI_null,MZI,MZI_null_05787,0.012719659353921515,-9.561315411857194,-0.9498778457860754,0.0,0.0,300
MZI_null,MZI,MZI_null_05788,-0.274079390620689,-5.662851712996612,-5.005967616266515,0.0,0.0,300
MZI_null,MZI,MZI_null_05789,-0.15638747303007391,-3.646561578896759,-2.4594778466364557,0.0,0.0,300
MZI_null,MZI,MZI_null_05790,0.09964128063856882,-1.332836557595909,-6.703223286453957,0.0,0.0,300
MZI_null,MZI,MZI_null_05791,0.012494195632021162,-1.045234260249718,-1.9856995487588742,0.0,0.0,300
MZI_null,MZI,MZI_null_05792,-0.009132896536005382,-1.42906962380883,1.2937987929067405,0.0,0.0,300
MZI_null,MZI,MZI_null_05793,-0.23623199811941017,-2.7329511159189472,3.525008294173187,0.0,0.0,300
MZI_null,MZI,MZI_null_05794,0.21249919624469343,0.5528107833273399,0.610474051867028,0.0,0.0,300
MZI_null,MZI,MZI_null_05795,0.24819521226031327,3.7535440048199966,-1.3872399641405573,0.0,0.0,300
MZI_null,MZI,MZI_null_05796,-0.145414866493248,-2.8108769528734854,8.29008654131616,0.0,0.0,300
MZI_null,MZI,MZI_null_05797,-0.2354034514087791,-3.4116174185882517,-5.238073457477894,0.0,0.0,300
MZI_null,MZI,MZI_null_05798,0.0187145794316078,-5.608073086684603,-1.3262530685008536,0.0,0.0,300
MZI_null,MZI,MZI_null_05799,-0.2925142740028138,-0.14713800474604888,2.667035769403925,0.0,0.0,300
MZI_null,MZI,MZI_null_05800,-0.05759154330951885,-2.405390021227106,-1.4902216921939369,0.0,0.0,300
MZI_null,MZI,MZI_null_05801,0.027136601283753784,-2.1145087608992847,1.304350857292082,0.0,0.0,300
MZI_null,MZI,MZI_null_05802,0.18495587001764183,-4.4422136674765484,-1.9279854783228905,0.0,0.0,300
MZI_null,MZI,MZI_null_05803,0.13524291733871172,-6.265007144177098,-6.91216384553671,0.0,0.0,300
MZI_null,MZI,MZI_null_05804,0.03394739293477179,-0.5109607667885234,-3.166900563860777,0.0,0.0,300
MZI_null,MZI,MZI_null_05805,-0.08679765811806826,-4.280576965222696,-3.6007757180333035,0.0,0.0,300
MZI_null,MZI,MZI_null_05806,0.10402437309069,-5.541495460992916,-1.7965685843000463,0.0,0.0,300
MZI_null,MZI,MZI_null_05807,-0.13580042512722787,-6.365866927703647,1.6105345242403124,0.0,0.0,300
MZI_null,MZI,MZI_null_05808,-0.07797378332603083,-1.4346797587377296,-5.52422763940303,0.0,0.0,300
MZI_null,MZI,MZI_null_05809,-0.11129091806347137,0.2682636420850164,6.76181436753593,0.0,0.0,300
MZI_null,MZI,MZI_null_05810,-0.2964324096585467,-2.603323385868279,0.2368417944304999,0.0,0.0,300
MZI_null,MZI,MZI_null_05811,-0.09241502298589255,0.5485659609823719,-3.6001980119809396,0.0,0.0,300
MZI_null,MZI,MZI_null_05812,0.023077149032496195,-3.5662157134950796,2.6582932488643176,0.0,0.0,300
MZI_null,MZI,MZI_null_05813,-0.10145467545534083,-3.0556213888595476,1.8370671124914653,0.0,0.0,300
MZI_null,MZI,MZI_null_05814,-0.15420579886392954,-1.793749829709283,-6.467603031059805,0.0,0.0,300
MZI_null,MZI,MZI_null_05815,-0.1631900187943612,-0.8536061723275894,-3.972092528608697,0.0,0.0,300
MZI_null,MZI,MZI_null_05816,-0.08168593977356874,-0.520740793856187,-2.737558423440791,0.0,0.0,300
MZI_null,MZI,MZI_null_05817,0.12342631098245369,-1.353011637541807,0.3070493357735091,0.0,0.0,300
MZI_null,MZI,MZI_null_05818,0.1861448398107798,-1.0405308121578027,3.6165418714080317,0.0,0.0,300
MZI_null,MZI,MZI_null_05819,0.13668934245567352,-3.57035728950337,2.879444225063814,0.0,0.0,300
MZI_null,MZI,MZI_null_05820,0.03957990313544179,-3.18403912598151,-0.16484291403735207,0.0,0.0,300
MZI_null,MZI,MZI_null_05821,0.16684902365853943,-0.6348647172733344,4.467178497654193,0.0,0.0,300
MZI_null,MZI,MZI_null_05822,0.16297958368482326,-0.4305198997935127,-4.078204248223473,0.0,0.0,300
MZI_null,MZI,MZI_null_05823,-0.026959877101518127,-1.785007580747446,1.089894503653241,0.0,0.0,300
MZI_null,MZI,MZI_null_05824,0.09559995619082891,-1.4913787693451415,-0.6389502538684866,0.0,0.0,300
MZI_null,MZI,MZI_null_05825,0.10806853426141046,-4.575758676889958,4.086547457749569,0.0,0.0,300
MZI_null,MZI,MZI_null_05826,-0.3070750327745207,2.3662284465160877,-1.135556585275486,0.0,0.0,300
MZI_null,MZI,MZI_null_05827,0.1503869721407391,-0.9084786971221617,0.03810323273240579,0.0,0.0,300
MZI_null,MZI,MZI_null_05828,0.08313817140397815,0.42716286726333585,-1.98649247976172,0.0,0.0,300
MZI_null,MZI,MZI_null_05829,0.15521986957893544,-5.25341187073635,-1.0159917199783741,0.0,0.0,300
MZI_null,MZI,MZI_null_05830,0.12539548864084152,0.985052738847668,0.38236654478420307,0.0,0.0,300
MZI_null,MZI,MZI_null_05831,-0.059008865693360335,0.6901233351061107,-3.00809871735626,0.0,0.0,300
MZI_null,MZI,MZI_null_05832,0.2627113610623366,-2.2540126924989927,-5.618877082617882,0.0,0.0,300
MZI_null,MZI,MZI_null_05833,-0.17920252020248278,-1.8690690893612374,-0.5805241860218404,0.0,0.0,300
MZI_null,MZI,MZI_null_05834,0.2954485027426643,-5.1154980128426795,-0.8816134020882078,0.0,0.0,300
MZI_null,MZI,MZI_null_05835,-0.1589132110623085,-3.4779645596402102,4.051916090208014,0.0,0.0,300
MZI_null,MZI,MZI_null_05836,-0.1704504334733986,-0.2388727277964986,0.17872207704317478,0.0,0.0,300
MZI_null,MZI,MZI_null_05837,-0.003625713953731294,-0.44169013042478733,-4.480061145829866,0.0,0.0,300
MZI_null,MZI,MZI_null_05838,0.2484483761705336,3.7745364853705627,-0.8586859067220599,0.0,0.0,300
MZI_null,MZI,MZI_null_05839,0.36346591959203306,-3.1970837946497612,0.20129598156884088,0.0,0.0,300
MZI_null,MZI,MZI_null_05840,0.214783359566177,-3.3770133806687284,-5.1446471766383155,0.0,0.0,300
MZI_null,MZI,MZI_null_05841,-0.2417575598428281,4.182479691707977,-2.587073951916333,0.0,0.0,300
MZI_null,MZI,MZI_null_05842,-0.027860514512774794,-5.338292234963163,1.845017837987565,0.0,0.0,300
MZI_null,MZI,MZI_null_05843,-0.11723397888368774,-3.4737890829839655,-0.10143874175151857,0.0,0.0,300
MZI_null,MZI,MZI_null_05844,-0.15960688908683587,-2.535746808542676,3.206628768509809,0.0,0.0,300
MZI_null,MZI,MZI_null_05845,0.06423815962752948,-1.6083731227149247,-0.35540587160840487,0.0,0.0,300
MZI_null,MZI,MZI_null_05846,-0.05837026439648456,3.988456959264777,-3.4364713916022023,0.0,0.0,300
MZI_null,MZI,MZI_null_05847,0.03163892429458951,-1.6549233009715785,2.0262875213994054,0.0,0.0,300
MZI_null,MZI,MZI_null_05848,0.16547609081904593,-2.0960564134612123,-0.1280005206608512,0.0,0.0,300
MZI_null,MZI,MZI_null_05849,0.04928021308709224,-8.816424966711821,-5.766968807433326,0.0,0.0,300
MZI_null,MZI,MZI_null_05850,-0.09075955360829559,-3.6847960291306068,-4.597847265892397,0.0,0.0,300
MZI_null,MZI,MZI_null_05851,0.11243738570604449,-1.9936447369475825,-1.6440836421605116,0.0,0.0,300
MZI_null,MZI,MZI_null_05852,-0.188423291176108,-2.1336345927343654,-8.880054267995835,0.0,0.0,300
MZI_null,MZI,MZI_null_05853,-0.024443446620876153,-1.8104489935767318,-0.2742550470355043,0.0,0.0,300
MZI_null,MZI,MZI_null_05854,-0.234615264521892,-1.3255497899255757,-4.1242938095936275,0.0,0.0,300
MZI_null,MZI,MZI_null_05855,-0.12187047484385008,0.15379415746799463,5.042341170079233,0.0,0.0,300
MZI_null,MZI,MZI_null_05856,0.007703813820402002,-4.451286375920697,-0.43398865747000437,0.0,0.0,300
MZI_null,MZI,MZI_null_05857,0.14085437362487183,-0.13700730238179393,7.229338617391237,0.0,0.0,300
MZI_null,MZI,MZI_null_05858,-0.10730063536420001,-1.243305560242106,3.6467538602546092,0.0,0.0,300
MZI_null,MZI,MZI_null_05859,0.22292388555277978,-7.850233779573141,-1.0100728601199436,0.0,0.0,300
MZI_null,MZI,MZI_null_05860,0.22267811487730493,6.6719289711974135,1.1113876512524552,0.0,0.0,300
MZI_null,MZI,MZI_null_05861,-0.055179494054472554,-5.0276094573121695,5.656230072592548,0.0,0.0,300
MZI_null,MZI,MZI_null_05862,0.10931123796986388,-4.5442007806562525,-1.6094690990013434,0.0,0.0,300
MZI_null,MZI,MZI_null_05863,0.046527977524305604,-0.3685800383356468,-3.6988559726373698,0.0,0.0,300
MZI_null,MZI,MZI_null_05864,-0.0921285627188239,-6.95880368711888,2.1192868688143456,0.0,0.0,300
MZI_null,MZI,MZI_null_05865,-0.05124277001554741,-0.6010350524501238,3.2667755257289803,0.0,0.0,300
MZI_null,MZI,MZI_null_05866,0.03298052135609184,-2.3389114278472043,-0.4182355693481975,0.0,0.0,300
MZI_null,MZI,MZI_null_05867,0.009479040577534025,1.738494993633834,-0.06748480738363072,0.0,0.0,300
MZI_null,MZI,MZI_null_05868,-0.08166015293683689,1.143547170669251,2.691453069075056,0.0,0.0,300
MZI_null,MZI,MZI_null_05869,-0.20074959402306952,2.5983516543043166,0.0941353196254564,0.0,0.0,300
MZI_null,MZI,MZI_null_05870,0.04249049252198977,1.0198738947895443,-2.7009291730128364,0.0,0.0,300
MZI_null,MZI,MZI_null_05871,0.14312467712863858,-3.130326409213566,-5.424852039131014,0.0,0.0,300
MZI_null,MZI,MZI_null_05872,-0.14966344186604014,-0.2989345012903202,-3.8364050199839745,0.0,0.0,300
MZI_null,MZI,MZI_null_05873,0.24151141847844737,1.5678503603189284,3.0003174980988945,0.0,0.0,300
MZI_null,MZI,MZI_null_05874,0.01871678695161179,-1.2264151481151215,-4.5811355627328325,0.0,0.0,300
MZI_null,MZI,MZI_null_05875,0.14936752652362353,-0.8604996348887439,0.7019168758767806,0.0,0.0,300
MZI_null,MZI,MZI_null_05876,0.25324677171793225,-3.81788895184253,-1.3784246496319545,0.0,0.0,300
MZI_null,MZI,MZI_null_05877,0.04900063823132516,-4.80630621637612,-1.5627964638305192,0.0,0.0,300
MZI_null,MZI,MZI_null_05878,0.0739424715700454,-2.976263814118493,2.9269682291873362,0.0,0.0,300
MZI_null,MZI,MZI_null_05879,-0.22663868427254907,1.3683137207000255,0.9835564244480139,0.0,0.0,300
MZI_null,MZI,MZI_null_05880,-0.08532428813348862,-4.773225704689994,-7.240847851727356,0.0,0.0,300
MZI_null,MZI,MZI_null_05881,-0.1192762518620751,1.1415299650089903,-1.1682571788360228,0.0,0.0,300
MZI_null,MZI,MZI_null_05882,0.17444713205877624,-3.859613211873656,1.1213184803196885,0.0,0.0,300
MZI_null,MZI,MZI_null_05883,-0.10762479031266324,-4.896725018629517,-1.321381651512029,0.0,0.0,300
MZI_null,MZI,MZI_null_05884,-0.09974497669799948,-6.628466447111638,-1.54694410215098,0.0,0.0,300
MZI_null,MZI,MZI_null_05885,0.015965312464693324,1.8050758344882025,1.8104170313991803,0.0,0.0,300
MZI_null,MZI,MZI_null_05886,0.1829914798849247,0.1610724951805249,-0.0021617231500756784,0.0,0.0,300
MZI_null,MZI,MZI_null_05887,-0.18434173597078388,-1.5503834061941764,0.7903813319924424,0.0,0.0,300
MZI_null,MZI,MZI_null_05888,0.21861569240556541,0.05886562519544114,2.721150303816265,0.0,0.0,300
MZI_null,MZI,MZI_null_05889,-0.15479968370478583,-2.979252878444285,0.2880521409838124,0.0,0.0,300
MZI_null,MZI,MZI_null_05890,0.1741429036113842,-2.4356859375167588,-1.2473378774474604,0.0,0.0,300
MZI_null,MZI,MZI_null_05891,0.1030710459004468,-5.3776124814353725,3.822213649470287,0.0,0.0,300
MZI_null,MZI,MZI_null_05892,-0.1318704139661527,-7.755768270677909,-0.9697989744322582,0.0,0.0,300
MZI_null,MZI,MZI_null_05893,0.2547688053563347,-0.24064060899916973,1.2532716290108992,0.0,0.0,300
MZI_null,MZI,MZI_null_05894,0.00620786434606714,-2.457132491813531,-5.634728108779346,0.0,0.0,300
MZI_null,MZI,MZI_null_05895,-0.3389079386856279,-1.4111829846774102,2.937647583020678,0.0,0.0,300
MZI_null,MZI,MZI_null_05896,0.051620055724209815,-0.12920141884395986,3.7511526369186194,0.0,0.0,300
MZI_null,MZI,MZI_null_05897,0.049315027716158706,-2.3679653009228585,-3.455574416950195,0.0,0.0,300
MZI_null,MZI,MZI_null_05898,0.3033318844458129,-0.420356662538959,-3.8308051477579923,0.0,0.0,300
MZI_null,MZI,MZI_null_05899,-0.1756751501701855,1.759191180786738,-4.112325089224976,0.0,0.0,300
MZI_null,MZI,MZI_null_05900,0.27807512362533315,-10.269388391272134,3.26778559336993,0.0,0.0,300
MZI_null,MZI,MZI_null_05901,0.07303422167429466,-1.644216730829378,-1.5263753051252886,0.0,0.0,300
MZI_null,MZI,MZI_null_05902,0.2836094772891044,0.12117657520361025,-3.709610826686354,0.0,0.0,300
MZI_null,MZI,MZI_null_05903,-0.2578364934043322,-1.468108360558075,-1.0032134006122426,0.0,0.0,300
MZI_null,MZI,MZI_null_05904,-0.22798020560632637,-2.1661805764470072,-2.721803899222601,0.0,0.0,300
MZI_null,MZI,MZI_null_05905,0.0013935102460041864,0.17777083494520562,3.477829842392106,0.0,0.0,300
MZI_null,MZI,MZI_null_05906,0.1363333554553931,-4.164322249490617,0.10674538648758336,0.0,0.0,300
MZI_null,MZI,MZI_null_05907,0.009466068223803597,-5.9963868638927025,0.19469835407681724,0.0,0.0,300
MZI_null,MZI,MZI_null_05908,0.27850085068765706,-1.902720187438988,-5.782548039176202,0.0,0.0,300
MZI_null,MZI,MZI_null_05909,0.004540300666292861,-5.6411365969197504,1.5908165206588634,0.0,0.0,300
MZI_null,MZI,MZI_null_05910,0.07872974875876931,-2.51273016042423,-1.9934927975674637,0.0,0.0,300
MZI_null,MZI,MZI_null_05911,-0.031835145242332004,-1.9751765169730389,-3.3167050640246267,0.0,0.0,300
MZI_null,MZI,MZI_null_05912,-0.20816296215021554,1.4160968400839442,-2.156202929490875,0.0,0.0,300
MZI_null,MZI,MZI_null_05913,0.02505646562537162,-1.1441541464975171,-0.03393856103435833,0.0,0.0,300
MZI_null,MZI,MZI_null_05914,-0.17607269956476362,-7.027520493655543,-2.766077574075976,0.0,0.0,300
MZI_null,MZI,MZI_null_05915,0.05935672986254299,-4.183849602422939,-2.064764061097701,0.0,0.0,300
MZI_null,MZI,MZI_null_05916,0.3190946120624352,-7.536271654413607,-3.2651019877314957,0.0,0.0,300
MZI_null,MZI,MZI_null_05917,0.28449061028608924,-2.1337960159856704,-3.1179554964967315,0.0,0.0,300
MZI_null,MZI,MZI_null_05918,0.17531533755166803,-1.8343086905566661,-2.0449251851320183,0.0,0.0,300
MZI_null,MZI,MZI_null_05919,0.028855339055626664,-3.9743264281482986,-4.052473188664235,0.0,0.0,300
MZI_null,MZI,MZI_null_05920,-0.017039539145212255,-5.032990880228022,-0.967920064610559,0.0,0.0,300
MZI_null,MZI,MZI_null_05921,0.05316098512115083,0.5591813681548325,2.383774956550482,0.0,0.0,300
MZI_null,MZI,MZI_null_05922,-0.060860475244837745,-0.501756176182792,0.4775703386190693,0.0,0.0,300
MZI_null,MZI,MZI_null_05923,0.04917280737239758,-3.4383782328513757,-4.084203437392333,0.0,0.0,300
MZI_null,MZI,MZI_null_05924,0.07530028335998395,-7.1205876865791495,-1.8035182977049335,0.0,0.0,300
MZI_null,MZI,MZI_null_05925,-0.38304465234728974,-6.00920727007479,-3.6314018153422736,0.0,0.0,300
MZI_null,MZI,MZI_null_05926,0.16450863114439263,0.06432407321280653,-2.661804051526727,0.0,0.0,300
MZI_null,MZI,MZI_null_05927,0.10940546926946261,0.6628688901411901,-1.4819945451241647,0.0,0.0,300
MZI_null,MZI,MZI_null_05928,-0.20765672163205354,-2.623736930198343,-1.293677215516409,0.0,0.0,300
MZI_null,MZI,MZI_null_05929,-0.18486815862453387,-0.8988596212100963,-0.160564437092934,0.0,0.0,300
MZI_null,MZI,MZI_null_05930,0.066756404984128,-1.1632307084976696,1.189529105344949,0.0,0.0,300
MZI_null,MZI,MZI_null_05931,-0.02689920418095473,-1.3946446778871402,-2.193220852736596,0.0,0.0,300
MZI_null,MZI,MZI_null_05932,-0.08767488234329254,2.014748892286227,-7.131306104579489,0.0,0.0,300
MZI_null,MZI,MZI_null_05933,0.13151399837313962,-3.861622626336982,-3.250114532929363,0.0,0.0,300
MZI_null,MZI,MZI_null_05934,0.039236622609811055,-6.4688288370530085,-3.448069215838609,0.0,0.0,300
MZI_null,MZI,MZI_null_05935,-0.12737094697694878,-2.6641947745552845,-3.412413064482066,0.0,0.0,300
MZI_null,MZI,MZI_null_05936,0.24016780284589034,3.3910495494938626,-7.065980568244189,0.0,0.0,300
MZI_null,MZI,MZI_null_05937,0.08164840571486044,0.5759903172327241,0.6289556071733156,0.0,0.0,300
MZI_null,MZI,MZI_null_05938,-0.09871702396375417,-2.7322866864756246,-3.2448239643330865,0.0,0.0,300
MZI_null,MZI,MZI_null_05939,-0.06303960467382429,-5.629895086001529,-1.3443664649036509,0.0,0.0,300
MZI_null,MZI,MZI_null_05940,-0.22542025669576046,-2.600403662684413,-4.745745067299294,0.0,0.0,300
MZI_null,MZI,MZI_null_05941,0.031022454268710573,-4.038258682828673,-0.12825895637638784,0.0,0.0,300
MZI_null,MZI,MZI_null_05942,0.1622371092547173,2.7683408083141243,-8.584013767061471,0.0,0.0,300
MZI_null,MZI,MZI_null_05943,-0.12512911408106742,-2.9092582313360418,0.3809834551444493,0.0,0.0,300
MZI_null,MZI,MZI_null_05944,-0.24755317562317938,-4.946277220400647,-0.6089283920286701,0.0,0.0,300
MZI_null,MZI,MZI_null_05945,0.012733236229000073,-0.867144780739721,0.33102718066434855,0.0,0.0,300
MZI_null,MZI,MZI_null_05946,0.050789164967379376,-1.4190340501055219,-0.8327806800208964,0.0,0.0,300
MZI_null,MZI,MZI_null_05947,0.09971446345865438,-8.717967999692675,3.6330004609137037,0.0,0.0,300
MZI_null,MZI,MZI_null_05948,-0.3306723076320486,-5.237485450713477,-1.6802823899504342,0.0,0.0,300
MZI_null,MZI,MZI_null_05949,0.10089193366347636,-10.985800672398849,-1.0843729718255033,0.0,0.0,300
MZI_null,MZI,MZI_null_05950,0.11885925591236017,0.983554348085431,-3.0919889754923764,0.0,0.0,300
MZI_null,MZI,MZI_null_05951,-0.045125293043254834,-3.8484443866778832,-2.178023960578253,0.0,0.0,300
MZI_null,MZI,MZI_null_05952,-0.15477398260926525,-4.667756487412754,0.3031307660851039,0.0,0.0,300
MZI_null,MZI,MZI_null_05953,0.019742305990911268,-0.5252404772285795,-0.35795683089748964,0.0,0.0,300
MZI_null,MZI,MZI_null_05954,0.10565079017213934,0.6346419944649839,-6.225149859598313,0.0,0.0,300
MZI_null,MZI,MZI_null_05955,-0.12814644756215438,-2.6941278724701165,-1.068032576462023,0.0,0.0,300
MZI_null,MZI,MZI_null_05956,-0.10051358607270502,0.7360710129649171,4.939845104871796,0.0,0.0,300
MZI_null,MZI,MZI_null_05957,0.0279242933372601,-1.7469769034053662,1.5483687653129934,0.0,0.0,300
MZI_null,MZI,MZI_null_05958,-0.2798759632805154,-1.9145931786847687,1.9371074764025504,0.0,0.0,300
MZI_null,MZI,MZI_null_05959,-0.09647309958016677,-5.679681739705896,-1.557416830299335,0.0,0.0,300
MZI_null,MZI,MZI_null_05960,-0.009102814980288094,-4.725956845746375,5.288483828152852,0.0,0.0,300
MZI_null,MZI,MZI_null_05961,-0.07180445715119184,-5.460978054279706,-1.2808639572118343,0.0,0.0,300
MZI_null,MZI,MZI_null_05962,0.13617909565567368,-1.947757253005307,0.456781760132007,0.0,0.0,300
MZI_null,MZI,MZI_null_05963,-0.1307265891499736,2.463065339210541,0.6851330837553298,0.0,0.0,300
MZI_null,MZI,MZI_null_05964,0.15715523533164144,-0.904518102574492,1.4746521131863526,0.0,0.0,300
MZI_null,MZI,MZI_null_05965,-0.13095788395158411,-3.474231250068687,3.03944178666809,0.0,0.0,300
MZI_null,MZI,MZI_null_05966,0.23396129209259456,-5.441196799157231,-0.2507917964085635,0.0,0.0,300
MZI_null,MZI,MZI_null_05967,-0.06464157007278411,-4.091094408094585,-0.14548091393365015,0.0,0.0,300
MZI_null,MZI,MZI_null_05968,0.1711444398548112,-0.6450125801474185,-1.958537349757105,0.0,0.0,300
MZI_null,MZI,MZI_null_05969,0.077229176990274,-3.079928520742703,0.23634290219180576,0.0,0.0,300
MZI_null,MZI,MZI_null_05970,0.20946985506836,-8.231478977902484,1.3917568956201003,0.0,0.0,300
MZI_null,MZI,MZI_null_05971,-0.23085823823557028,1.684983131633384,-2.9110768296185823,0.0,0.0,300
MZI_null,MZI,MZI_null_05972,-0.1826507066409726,0.08580768126624205,0.09251018942723221,0.0,0.0,300
MZI_null,MZI,MZI_null_05973,-0.14987803544424871,-5.758999271505181,-1.5624444624738467,0.0,0.0,300
MZI_null,MZI,MZI_null_05974,-0.18061304252567947,-5.1844189187708825,-0.6531376287356994,0.0,0.0,300
MZI_null,MZI,MZI_null_05975,-0.1448807451382645,-0.7203821299203712,3.4704307876504306,0.0,0.0,300
MZI_null,MZI,MZI_null_05976,-0.022283312235087355,-1.6095468140432463,5.054290198506461,0.0,0.0,300
MZI_null,MZI,MZI_null_05977,-0.17814016760660203,1.5737055855422257,2.212572793737446,0.0,0.0,300
MZI_null,MZI,MZI_null_05978,0.12814760087606747,1.8752435521978938,-0.1582751021241433,0.0,0.0,300
MZI_null,MZI,MZI_null_05979,-0.08743942433989012,1.2837198736617026,2.3985266351386847,0.0,0.0,300
MZI_null,MZI,MZI_null_05980,0.16579708522399317,-1.8664937530422905,-3.1485835408399794,0.0,0.0,300
MZI_null,MZI,MZI_null_05981,0.02870433811674167,0.8266900527035075,2.0730553695798966,0.0,0.0,300
MZI_null,MZI,MZI_null_05982,-0.06445141906118924,-1.0538813116178298,-4.926334913457868,0.0,0.0,300
MZI_null,MZI,MZI_null_05983,0.14774251545087766,-4.349926270175191,1.355766078714642,0.0,0.0,300
MZI_null,MZI,MZI_null_05984,-0.17239568660852425,1.0942477193020235,-0.03449442993168872,0.0,0.0,300
MZI_null,MZI,MZI_null_05985,-0.11720365434254193,0.0740691432415761,-2.771085075415992,0.0,0.0,300
MZI_null,MZI,MZI_null_05986,0.11243325561676924,-2.8223344261421643,-6.163141376888989,0.0,0.0,300
MZI_null,MZI,MZI_null_05987,-0.14736243607214056,-3.2912441260618532,3.104567071245734,0.0,0.0,300
MZI_null,MZI,MZI_null_05988,0.1351715445793837,2.8715842369664255,3.9609056480895743,0.0,0.0,300
MZI_null,MZI,MZI_null_05989,-0.08021262068863724,-2.5654605792764884,-2.2338397729916153,0.0,0.0,300
MZI_null,MZI,MZI_null_05990,-0.10072659079516148,-7.524484128009375,-1.0442431540505273,0.0,0.0,300
MZI_null,MZI,MZI_null_05991,-0.19283483905666657,-2.102515644602982,5.347312428688953,0.0,0.0,300
MZI_null,MZI,MZI_null_05992,-0.07640176444960628,-1.4156779831157982,1.7199451574278495,0.0,0.0,300
MZI_null,MZI,MZI_null_05993,0.042043693794886046,-1.1225474361731125,-2.08720730106424,0.0,0.0,300
MZI_null,MZI,MZI_null_05994,-0.03478169625918489,-4.880031566563485,1.5381350266682228,0.0,0.0,300
MZI_null,MZI,MZI_null_05995,-0.2612237484921144,0.9132650151466066,-5.2110951542357276,0.0,0.0,300
MZI_null,MZI,MZI_null_05996,0.14439109111149784,-3.061452578636543,-4.695606064399241,0.0,0.0,300
MZI_null,MZI,MZI_null_05997,0.08689479676194546,0.7863026052273243,-2.3142359443106106,0.0,0.0,300
MZI_null,MZI,MZI_null_05998,0.10809158230183998,-8.85525348400805,-4.961788869239801,0.0,0.0,300
MZI_null,MZI,MZI_null_05999,0.19386133957030935,-2.6710078225937486,-6.586639979346543,0.0,0.0,300
MZI_null,MZI,MZI_null_06000,-0.10482992706629905,-4.770201417575242,-1.497885194418774,0.0,0.0,300
MZI_null,MZI,MZI_null_06001,-0.0556126475711471,-1.4632048131855175,-1.208398154837724,0.0,0.0,300
MZI_null,MZI,MZI_null_06002,0.20396088825555278,-0.7263542008409929,0.37301483358075815,0.0,0.0,300
MZI_null,MZI,MZI_null_06003,0.17477356858417825,-3.166306251288745,-4.7856323300754555,0.0,0.0,300
MZI_null,MZI,MZI_null_06004,0.18104554869483738,-1.5924747556756627,-0.5819463763032147,0.0,0.0,300
MZI_null,MZI,MZI_null_06005,-0.09499948822953545,-3.8505659993107324,1.5401670163125307,0.0,0.0,300
MZI_null,MZI,MZI_null_06006,0.14769836972064154,0.3514702172399753,1.378884816336425,0.0,0.0,300
MZI_null,MZI,MZI_null_06007,0.08535443058896383,-1.6054318097655302,-1.5261390529629417,0.0,0.0,300
MZI_null,MZI,MZI_null_06008,0.18154857749123296,-3.121162611471301,0.10993764164224085,0.0,0.0,300
MZI_null,MZI,MZI_null_06009,-0.12060194969313698,-3.977897110551351,-1.7084637035716794,0.0,0.0,300
MZI_null,MZI,MZI_null_06010,-0.12059075650907454,0.39355547643490096,-5.044102754635088,0.0,0.0,300
MZI_null,MZI,MZI_null_06011,0.014884443507160939,-1.6024757094734565,-6.432398734959042,0.0,0.0,300
MZI_null,MZI,MZI_null_06012,-0.0661535730785413,-1.232901385855572,0.28618397988220434,0.0,0.0,300
MZI_null,MZI,MZI_null_06013,-0.030646081290024878,0.030664613442146216,-1.3279487717081224,0.0,0.0,300
MZI_null,MZI,MZI_null_06014,0.002047936811258509,-1.245038393040339,1.7809988862025063,0.0,0.0,300
MZI_null,MZI,MZI_null_06015,-0.10135770036232979,-3.4604656175548927,-3.006689475187644,0.0,0.0,300
MZI_null,MZI,MZI_null_06016,-0.049829657421289995,2.278702774239294,0.7181759579894664,0.0,0.0,300
MZI_null,MZI,MZI_null_06017,-0.1696634617753263,-3.801340896766024,0.11830167282920634,0.0,0.0,300
MZI_null,MZI,MZI_null_06018,-0.13597616713991556,-4.176020122444271,3.034878998522446,0.0,0.0,300
MZI_null,MZI,MZI_null_06019,-0.09200634427097801,0.8640004480881602,2.7659695685928156,0.0,0.0,300
MZI_null,MZI,MZI_null_06020,-0.11001931367534465,-4.669887669671424,-1.8283962594434953,0.0,0.0,300
MZI_null,MZI,MZI_null_06021,-0.16329415810104375,-1.6368983644917727,-1.6169557355601594,0.0,0.0,300
MZI_null,MZI,MZI_null_06022,0.05408700238294523,2.190830368698464,1.4524549423109576,0.0,0.0,300
MZI_null,MZI,MZI_null_06023,0.07338596631185343,-7.898145238903754,0.3301279463071256,0.0,0.0,300
MZI_null,MZI,MZI_null_06024,0.25839414910568237,-11.03156754894055,1.0681476289268756,0.0,0.0,300
MZI_null,MZI,MZI_null_06025,-0.02390378621346964,-4.549385009068834,1.4033857517358603,0.0,0.0,300
MZI_null,MZI,MZI_null_06026,0.25645588509109957,0.32569218651326093,-2.113575853784579,0.0,0.0,300
MZI_null,MZI,MZI_null_06027,-0.14152047366122344,-1.5661170986313686,1.6195078771447644,0.0,0.0,300
MZI_null,MZI,MZI_null_06028,-0.05805795393505914,-2.8711489749523897,7.466000749515196,0.0,0.0,300
MZI_null,MZI,MZI_null_06029,0.16179779189395888,1.4503860351808964,-5.380857718176436,0.0,0.0,300
MZI_null,MZI,MZI_null_06030,-0.10607830189401905,-1.7759550816372829,-4.003412673655449,0.0,0.0,300
MZI_null,MZI,MZI_null_06031,0.24005959483339412,2.2309369197719358,-2.6006360121521612,0.0,0.0,300
MZI_null,MZI,MZI_null_06032,0.26758779099112273,-2.0127562901598264,6.768169152167147,0.0,0.0,300
MZI_null,MZI,MZI_null_06033,0.021702919578755468,-0.2714217490147339,3.1997103235086755,0.0,0.0,300
MZI_null,MZI,MZI_null_06034,0.19164500247117136,-0.4678038015923196,-1.4234209583315074,0.0,0.0,300
MZI_null,MZI,MZI_null_06035,0.07711990499896787,-4.448552515628345,-0.5435988434076524,0.0,0.0,300
MZI_null,MZI,MZI_null_06036,-0.16639612987469923,-7.342644920240904,-0.8487197075816708,0.0,0.0,300
MZI_null,MZI,MZI_null_06037,0.18934168360075085,0.7774139247881777,-1.2457368871768248,0.0,0.0,300
MZI_null,MZI,MZI_null_06038,0.26204845472632443,-3.707184172539721,-6.75349798539407,0.0,0.0,300
MZI_null,MZI,MZI_null_06039,-0.3273151941301443,-5.543572821787151,1.4498742297866865,0.0,0.0,300
MZI_null,MZI,MZI_null_06040,-0.09522040252010795,-0.6171240744280939,3.9388501507519313,0.0,0.0,300
MZI_null,MZI,MZI_null_06041,-0.1650145443866709,-0.5645008046123305,0.6168892179671666,0.0,0.0,300
MZI_null,MZI,MZI_null_06042,-0.12911069827096547,2.062632775735249,-1.8631211666484297,0.0,0.0,300
MZI_null,MZI,MZI_null_06043,-0.05756294713695139,4.334839655253918,0.5683002271001545,0.0,0.0,300
MZI_null,MZI,MZI_null_06044,0.1387935824528247,2.0646787945655163,-2.9514219983776506,0.0,0.0,300
MZI_null,MZI,MZI_null_06045,0.18747316455805188,-3.50568234499301,-2.633870168014892,0.0,0.0,300
MZI_null,MZI,MZI_null_06046,-0.040799995846220426,-3.8661945048348643,1.4664692979714884,0.0,0.0,300
MZI_null,MZI,MZI_null_06047,0.040081598271758355,-3.4736732438513385,1.0235150994644653,0.0,0.0,300
MZI_null,MZI,MZI_null_06048,-0.0412773656079519,-2.98421111109403,-0.8539483452953691,0.0,0.0,300
MZI_null,MZI,MZI_null_06049,0.06951905334993258,-0.8304570518677412,-2.0897475467584914,0.0,0.0,300
MZI_null,MZI,MZI_null_06050,0.12706668111591032,-2.667182453238968,-2.964953465826157,0.0,0.0,300
MZI_null,MZI,MZI_null_06051,-0.2202032473151027,0.9495354429970639,-0.9628297714179773,0.0,0.0,300
MZI_null,MZI,MZI_null_06052,0.03163085377657721,1.1374087470985463,-2.4322186947934483,0.0,0.0,300
MZI_null,MZI,MZI_null_06053,-0.20615988727111928,-1.7906578933543444,-0.07611534375911377,0.0,0.0,300
MZI_null,MZI,MZI_null_06054,-0.03942735992405592,2.421212734228507,-8.458499703164069,0.0,0.0,300
MZI_null,MZI,MZI_null_06055,0.16800849568496742,0.3734609510926772,0.370312333101378,0.0,0.0,300
MZI_null,MZI,MZI_null_06056,-0.5003852324203644,1.851666349810805,-4.079302331907655,0.0,0.0,300
MZI_null,MZI,MZI_null_06057,-0.07615379675750801,-2.5117779943702065,0.22225410395592604,0.0,0.0,300
MZI_null,MZI,MZI_null_06058,0.09591420632888248,0.6785216629578894,1.4475605302355485,0.0,0.0,300
MZI_null,MZI,MZI_null_06059,0.03793908063196888,-0.7522320228272277,-4.27226114746674,0.0,0.0,300
MZI_null,MZI,MZI_null_06060,-0.11265402102285332,0.6863806710244966,1.511628460186044,0.0,0.0,300
MZI_null,MZI,MZI_null_06061,0.10856991246666313,-3.5432502849695826,1.7314763958310877,0.0,0.0,300
MZI_null,MZI,MZI_null_06062,-0.1741866678720537,1.2320794295868192,-1.7826124037376705,0.0,0.0,300
MZI_null,MZI,MZI_null_06063,0.25262556095109484,-6.564326276196455,4.2902121377555655,0.0,0.0,300
MZI_null,MZI,MZI_null_06064,-0.05421964937451927,-3.1384377680352324,-0.41548354304320934,0.0,0.0,300
MZI_null,MZI,MZI_null_06065,-0.10456183692010451,-2.2169870039069206,-3.2128787958125633,0.0,0.0,300
MZI_null,MZI,MZI_null_06066,-0.10515952964687805,-0.5393421490982844,-3.704696485910548,0.0,0.0,300
MZI_null,MZI,MZI_null_06067,-0.11522913525082233,-6.118373749239227,-2.5117920398840186,0.0,0.0,300
MZI_null,MZI,MZI_null_06068,0.19674030445858828,-4.537800920308905,-3.1948997955617235,0.0,0.0,300
MZI_null,MZI,MZI_null_06069,0.029088291972230326,-3.1123893013985793,5.68446330004895,0.0,0.0,300
MZI_null,MZI,MZI_null_06070,-0.024379194701438508,-0.9943449613478847,1.8313063543979662,0.0,0.0,300
MZI_null,MZI,MZI_null_06071,0.1386866798794276,-1.300137255327862,-1.4833824600580037,0.0,0.0,300
MZI_null,MZI,MZI_null_06072,0.30360428045688853,-2.2992808259428,-2.325070313285442,0.0,0.0,300
MZI_null,MZI,MZI_null_06073,-0.09687734824410277,-7.180409608120268,1.4648472567114896,0.0,0.0,300
MZI_null,MZI,MZI_null_06074,-0.352210259565124,-2.017168522714762,-1.6145819028141553,0.0,0.0,300
MZI_null,MZI,MZI_null_06075,0.3359947788347172,-7.494953686140879,-3.703309860953071,0.0,0.0,300
MZI_null,MZI,MZI_null_06076,-0.020414468802247402,-2.592588012407505,-2.6486337724301343,0.0,0.0,300
MZI_null,MZI,MZI_null_06077,-0.012148186410325109,-5.778688186609224,0.07157863698481703,0.0,0.0,300
MZI_null,MZI,MZI_null_06078,-0.34822280131163674,-2.0773080676317712,-2.80107008279072,0.0,0.0,300
MZI_null,MZI,MZI_null_06079,0.15244319141349533,3.265933211899914,-1.993156506251073,0.0,0.0,300
MZI_null,MZI,MZI_null_06080,0.20860888937121463,-2.9483488418912325,-3.89837956938727,0.0,0.0,300
MZI_null,MZI,MZI_null_06081,0.26188554482784293,-0.43767066579797964,-0.9866844321705569,0.0,0.0,300
MZI_null,MZI,MZI_null_06082,0.10307662126479726,-1.177354894609498,-1.2076582238245541,0.0,0.0,300
MZI_null,MZI,MZI_null_06083,-0.19896522409619946,-2.8116102114838,0.8697662703754183,0.0,0.0,300
MZI_null,MZI,MZI_null_06084,-0.018415713853021584,0.7069772833911578,0.15096507160036676,0.0,0.0,300
MZI_null,MZI,MZI_null_06085,-0.13172044771281102,-5.957515873496371,-1.4715354997905041,0.0,0.0,300
MZI_null,MZI,MZI_null_06086,-0.07863426721568813,-0.9910345711349415,-3.1544129762881896,0.0,0.0,300
MZI_null,MZI,MZI_null_06087,-0.09230884886323157,1.1592091527847375,-0.5553910941163064,0.0,0.0,300
MZI_null,MZI,MZI_null_06088,-0.10540905981409393,-1.947074573794941,3.136733729005048,0.0,0.0,300
MZI_null,MZI,MZI_null_06089,0.044068003241208395,-0.2211475717246114,-3.2567036095823276,0.0,0.0,300
MZI_null,MZI,MZI_null_06090,0.15396290657019004,4.954306781391406,-3.374402927538561,0.0,0.0,300
MZI_null,MZI,MZI_null_06091,-0.1772840961557984,-1.4733732684945553,1.626515149533231,0.0,0.0,300
MZI_null,MZI,MZI_null_06092,-0.013708450807539203,-5.159619188127988,-1.32575248534117,0.0,0.0,300
MZI_null,MZI,MZI_null_06093,0.08971384091661819,-3.221095480838178,0.8217650532647649,0.0,0.0,300
MZI_null,MZI,MZI_null_06094,0.1747066177859865,-1.2793081226886571,-1.083843313834878,0.0,0.0,300
MZI_null,MZI,MZI_null_06095,0.12440158878394228,-4.568302482311692,-3.864129501078768,0.0,0.0,300
MZI_null,MZI,MZI_null_06096,-0.0399858427393478,-3.4756383644434017,-3.410025925871426,0.0,0.0,300
MZI_null,MZI,MZI_null_06097,0.27457027124981614,4.515979628482874,-2.0611151267667465,0.0,0.0,300
MZI_null,MZI,MZI_null_06098,0.013757842462254817,-2.563528460191373,2.3224977203544688,0.0,0.0,300
MZI_null,MZI,MZI_null_06099,0.19584683427600705,-7.33179139606894,0.42803240019687694,0.0,0.0,300
MZI_null,MZI,MZI_null_06100,-0.19602320117417227,3.274816473625835,0.320744090631194,0.0,0.0,300
MZI_null,MZI,MZI_null_06101,-0.12350243075439542,-2.7239641638135597,-1.8669317747984753,0.0,0.0,300
MZI_null,MZI,MZI_null_06102,0.07876694143287234,1.1257378125324347,-4.4446218759151295,0.0,0.0,300
MZI_null,MZI,MZI_null_06103,0.2758131751368171,2.8170703234625307,-3.6259707027731363,0.0,0.0,300
MZI_null,MZI,MZI_null_06104,0.010920269154346397,3.1324256323429474,2.6987557600324488,0.0,0.0,300
MZI_null,MZI,MZI_null_06105,-0.05051145450718434,0.4430194437036201,7.991594875157416,0.0,0.0,300
MZI_null,MZI,MZI_null_06106,0.015773997277681813,-3.897944754320058,-0.4827404437258024,0.0,0.0,300
MZI_null,MZI,MZI_null_06107,0.03698281432459769,-3.5736102170002946,0.32487520344265075,0.0,0.0,300
MZI_null,MZI,MZI_null_06108,-0.1881601589591252,-3.996601601026038,1.274734328464393,0.0,0.0,300
MZI_null,MZI,MZI_null_06109,-0.2632306277313377,0.7095027759843293,-7.03594409711711,0.0,0.0,300
MZI_null,MZI,MZI_null_06110,-0.25969868683144726,-3.4969362291676562,-0.1394084715419488,0.0,0.0,300
MZI_null,MZI,MZI_null_06111,0.19878954046910827,-1.8271317105212133,-1.7396608227279695,0.0,0.0,300
MZI_null,MZI,MZI_null_06112,0.08693718719772062,-4.612696461403803,-0.5817545219607811,0.0,0.0,300
MZI_null,MZI,MZI_null_06113,-0.179916938693304,-1.7522284493737605,-1.3895089775482101,0.0,0.0,300
MZI_null,MZI,MZI_null_06114,-0.12064018821741258,-1.5048780903867827,-0.5243510405210716,0.0,0.0,300
MZI_null,MZI,MZI_null_06115,0.1763181018508702,-6.816900209188363,-1.2281467230911278,0.0,0.0,300
MZI_null,MZI,MZI_null_06116,-0.11403935995552189,0.6092861745288753,1.2617361955763986,0.0,0.0,300
MZI_null,MZI,MZI_null_06117,0.07618197676029316,-4.111499774208389,1.656411748820286,0.0,0.0,300
MZI_null,MZI,MZI_null_06118,-0.22951963931149977,-7.205932110778314,-4.827612999705772,0.0,0.0,300
MZI_null,MZI,MZI_null_06119,-0.005021221549035884,0.025493202964881334,-9.928097422028573,0.0,0.0,300
MZI_null,MZI,MZI_null_06120,0.19841142478196797,-1.6066634114646974,-5.703317042769325,0.0,0.0,300
MZI_null,MZI,MZI_null_06121,0.015142045543437153,1.2775762440352585,0.7983230459187767,0.0,0.0,300
MZI_null,MZI,MZI_null_06122,0.1648609593830949,-6.098739888191333,-2.2420157054152137,0.0,0.0,300
MZI_null,MZI,MZI_null_06123,-0.1387038345785298,3.152740615132954,0.9180885304598898,0.0,0.0,300
MZI_null,MZI,MZI_null_06124,0.4270514383436461,-3.4028286002516825,-3.174022635046914,0.0,0.0,300
MZI_null,MZI,MZI_null_06125,-0.021423995789272583,2.135071664267647,-2.098359068126042,0.0,0.0,300
MZI_null,MZI,MZI_null_06126,0.018665639686041634,-1.7099278913395413,-0.8815097163934316,0.0,0.0,300
MZI_null,MZI,MZI_null_06127,-0.09785976906937169,-2.4118732037310995,-1.5403078040540736,0.0,0.0,300
MZI_null,MZI,MZI_null_06128,-0.0011346989511973721,0.830550454458125,4.281884103873478,0.0,0.0,300
MZI_null,MZI,MZI_null_06129,-0.126065214400456,-3.175980874363145,-3.4750356952185597,0.0,0.0,300
MZI_null,MZI,MZI_null_06130,0.028065230583340903,-3.6150483725329305,-0.28060949877403385,0.0,0.0,300
MZI_null,MZI,MZI_null_06131,0.16554403656671804,-9.577495057413826,0.4753396688020728,0.0,0.0,300
MZI_null,MZI,MZI_null_06132,-0.06902805733468184,-0.6187331960468332,-3.6894083132506013,0.0,0.0,300
MZI_null,MZI,MZI_null_06133,0.17943914824603127,0.7398418541208525,0.7050564456279287,0.0,0.0,300
MZI_null,MZI,MZI_null_06134,0.11898385767151476,-4.236861401516521,-2.8588712640678695,0.0,0.0,300
MZI_null,MZI,MZI_null_06135,0.11286543012262189,-4.3031874283058364,3.3369051399742613,0.0,0.0,300
MZI_null,MZI,MZI_null_06136,-0.04853866069215474,-0.49431683041813423,5.29774855776527,0.0,0.0,300
MZI_null,MZI,MZI_null_06137,-0.10593350311021148,-1.7937147474656516,2.1625494939119223,0.0,0.0,300
MZI_null,MZI,MZI_null_06138,0.1426916083314797,-2.9834459307180743,-2.5501913125655618,0.0,0.0,300
MZI_null,MZI,MZI_null_06139,-0.03497038988175776,2.343573298454092,-1.8373175690798398,0.0,0.0,300
MZI_null,MZI,MZI_null_06140,0.011717353872519749,-3.2803594127702755,1.1166456943879601,0.0,0.0,300
MZI_null,MZI,MZI_null_06141,0.02332875563754845,-5.010301432274687,-3.906472342104983,0.0,0.0,300
MZI_null,MZI,MZI_null_06142,-0.29979083498332604,-4.493964227376848,1.3818374108965163,0.0,0.0,300
MZI_null,MZI,MZI_null_06143,0.19856408070184017,0.05667508965155221,0.663896601922044,0.0,0.0,300
MZI_null,MZI,MZI_null_06144,-0.018978907429297434,0.3247436647419608,-0.14116533075434723,0.0,0.0,300
MZI_null,MZI,MZI_null_06145,0.27066734579806867,-2.2953359425302455,3.0290242512083934,0.0,0.0,300
MZI_null,MZI,MZI_null_06146,0.131117112272679,0.20632985861247644,-7.03447397638546,0.0,0.0,300
MZI_null,MZI,MZI_null_06147,0.13937843423215662,-2.38252393672746,-2.3317794833046754,0.0,0.0,300
MZI_null,MZI,MZI_null_06148,-0.222436956176687,-2.0167614019045494,-0.8993452095452722,0.0,0.0,300
MZI_null,MZI,MZI_null_06149,-0.1954502882722207,-6.419840518681076,0.45985844038433354,0.0,0.0,300
MZI_null,MZI,MZI_null_06150,0.13075576965920654,-1.4291512702327347,2.4525039490530887,0.0,0.0,300
MZI_null,MZI,MZI_null_06151,-0.012957747652724791,-2.163053823200607,-3.751084086222371,0.0,0.0,300
MZI_null,MZI,MZI_null_06152,-0.23403629663305758,3.563986401578754,2.3938971507492393,0.0,0.0,300
MZI_null,MZI,MZI_null_06153,-0.20887688507077176,-1.5327442765061585,-1.300138933311,0.0,0.0,300
MZI_null,MZI,MZI_null_06154,-0.041098870974456476,-3.227053543444818,0.1438074409039367,0.0,0.0,300
MZI_null,MZI,MZI_null_06155,0.12272632882072115,-0.7928264929153837,-1.361555123137581,0.0,0.0,300
MZI_null,MZI,MZI_null_06156,-0.023584007533668,0.8104429507679995,0.39033481434818684,0.0,0.0,300
MZI_null,MZI,MZI_null_06157,0.010903419455314976,-2.1077038928003233,0.03581152883686656,0.0,0.0,300
MZI_null,MZI,MZI_null_06158,-0.07025230328391742,0.4646164519246314,-4.2275756855135995,0.0,0.0,300
MZI_null,MZI,MZI_null_06159,-0.06171847646497228,-0.16668171366192785,-4.39864844006282,0.0,0.0,300
MZI_null,MZI,MZI_null_06160,-0.23595128139742505,-1.8107669737122798,-6.0893744633394125,0.0,0.0,300
MZI_null,MZI,MZI_null_06161,-0.19482053310777922,0.2697823555192964,-1.6143557728172073,0.0,0.0,300
MZI_null,MZI,MZI_null_06162,0.1928230424563478,-5.614443022812365,-1.2818570968968532,0.0,0.0,300
MZI_null,MZI,MZI_null_06163,0.05993768298116389,-5.5115447903867265,2.095285713498874,0.0,0.0,300
MZI_null,MZI,MZI_null_06164,0.07660183247490582,-6.827861260062302,-1.1132253886258014,0.0,0.0,300
MZI_null,MZI,MZI_null_06165,0.05789351043879491,-3.7701700205841724,-5.439594716526441,0.0,0.0,300
MZI_null,MZI,MZI_null_06166,0.04176881841711154,4.633728850847684,-2.160952297473071,0.0,0.0,300
MZI_null,MZI,MZI_null_06167,0.2353861771927063,-4.256866465284405,-0.35336309497014473,0.0,0.0,300
MZI_null,MZI,MZI_null_06168,0.1157283796314179,-2.025240997914095,-1.8932069466436934,0.0,0.0,300
MZI_null,MZI,MZI_null_06169,0.10891912820255606,3.6743653458076624,-0.09823922608260616,0.0,0.0,300
MZI_null,MZI,MZI_null_06170,-0.07740902647955211,-2.569254671779049,6.559122936936124,0.0,0.0,300
MZI_null,MZI,MZI_null_06171,0.020236067450719174,-3.7832410957339184,-4.43520374944762,0.0,0.0,300
MZI_null,MZI,MZI_null_06172,-0.27388516411689084,-0.90924717846143,0.9639259784735108,0.0,0.0,300
MZI_null,MZI,MZI_null_06173,-0.05950442699478102,-2.0449112540928622,-4.511385127865871,0.0,0.0,300
MZI_null,MZI,MZI_null_06174,0.019939269724125158,-0.5555140382986266,-2.6054928015029133,0.0,0.0,300
MZI_null,MZI,MZI_null_06175,0.2535679004378759,-4.511318980240735,-0.149570187943053,0.0,0.0,300
MZI_null,MZI,MZI_null_06176,0.12724758295569083,-2.2318685004481478,-1.5654304566834742,0.0,0.0,300
MZI_null,MZI,MZI_null_06177,-0.21432992256744934,2.07202448714885,-1.5096796050027876,0.0,0.0,300
MZI_null,MZI,MZI_null_06178,0.08060481374022373,0.018161463580422588,-2.8848954760532592,0.0,0.0,300
MZI_null,MZI,MZI_null_06179,-0.029629290643682235,2.003447052230511,-4.351592997221335,0.0,0.0,300
MZI_null,MZI,MZI_null_06180,0.31918771121358847,-4.234618355828822,-4.538552369921535,0.0,0.0,300
MZI_null,MZI,MZI_null_06181,0.019846353103280187,4.625044793019613,-6.732897806776615,0.0,0.0,300
MZI_null,MZI,MZI_null_06182,-0.021152357773453822,-0.571204948230333,-0.8990501243934059,0.0,0.0,300
MZI_null,MZI,MZI_null_06183,0.05728825050045143,-4.1540992465168225,-2.799165537794143,0.0,0.0,300
MZI_null,MZI,MZI_null_06184,-0.022263397073879965,-5.389664263708253,-1.1340592043205686,0.0,0.0,300
MZI_null,MZI,MZI_null_06185,-0.05831179405072521,-3.410135555464606,-0.03848076220408658,0.0,0.0,300
MZI_null,MZI,MZI_null_06186,-0.27309892397989555,-2.687270310149461,5.952061296844583,0.0,0.0,300
MZI_null,MZI,MZI_null_06187,-0.16291645294884374,1.8565014894532403,-0.8360316372619038,0.0,0.0,300
MZI_null,MZI,MZI_null_06188,-0.09044367133221272,-5.961924978589419,-0.5809541041443037,0.0,0.0,300
MZI_null,MZI,MZI_null_06189,0.21800956587220147,-3.1676334355902913,-1.2428842742103205,0.0,0.0,300
MZI_null,MZI,MZI_null_06190,0.15155562752854979,-0.9773876259611574,-5.716827339173736,0.0,0.0,300
MZI_null,MZI,MZI_null_06191,0.014833082378277546,2.536704731996795,-1.1108235594024949,0.0,0.0,300
MZI_null,MZI,MZI_null_06192,-0.41122341442160654,-0.835355025226781,-1.5953693186321078,0.0,0.0,300
MZI_null,MZI,MZI_null_06193,-0.27436416208818254,-7.037624270161353,1.9253214298664263,0.0,0.0,300
MZI_null,MZI,MZI_null_06194,-0.109857411839262,-4.7224891422079756,-1.1069156827950062,0.0,0.0,300
MZI_null,MZI,MZI_null_06195,-0.09663044974799082,-1.6998541166667644,-1.6081600883100111,0.0,0.0,300
MZI_null,MZI,MZI_null_06196,-0.17999933701404644,-3.533593395684154,0.3282599639273136,0.0,0.0,300
MZI_null,MZI,MZI_null_06197,0.006287706035793831,-2.245827447175494,4.812152723538153,0.0,0.0,300
MZI_null,MZI,MZI_null_06198,0.10965562880783034,0.5573237944640277,-1.4979052233847745,0.0,0.0,300
MZI_null,MZI,MZI_null_06199,0.03302177855269124,-3.2932999685770783,1.3326492965723848,0.0,0.0,300
MZI_null,MZI,MZI_null_06200,-0.01655998561485652,-1.3328667532083305,-0.5181660935344956,0.0,0.0,300
MZI_null,MZI,MZI_null_06201,-0.002725032210818176,6.814564201467309,-2.9998578324841674,0.0,0.0,300
MZI_null,MZI,MZI_null_06202,-0.10135672952380385,0.08229024043527078,-2.7855069972255375,0.0,0.0,300
MZI_null,MZI,MZI_null_06203,-0.04371095420233398,-5.259232860066854,0.4746737582077607,0.0,0.0,300
MZI_null,MZI,MZI_null_06204,0.07563858667262273,-2.9455761797703337,1.1444500654402177,0.0,0.0,300
MZI_null,MZI,MZI_null_06205,-0.2787187520600387,-4.120560204543031,-1.5099375586327919,0.0,0.0,300
MZI_null,MZI,MZI_null_06206,-0.1758423745354429,-7.2461391122561665,-1.923687895115341,0.0,0.0,300
MZI_null,MZI,MZI_null_06207,0.10410301305911128,1.8463251742795364,-2.641863649616119,0.0,0.0,300
MZI_null,MZI,MZI_null_06208,0.10998237564323904,-0.09037388577299721,2.6558245230034894,0.0,0.0,300
MZI_null,MZI,MZI_null_06209,-0.05252865455310024,-7.395501485554022,-0.7894424427317661,0.0,0.0,300
MZI_null,MZI,MZI_null_06210,-0.15206906114545846,-4.170515327186022,-1.9036574321595472,0.0,0.0,300
MZI_null,MZI,MZI_null_06211,-0.050839144702371435,-1.5753221993126167,1.1094689492588525,0.0,0.0,300
MZI_null,MZI,MZI_null_06212,-0.055160337491394956,-0.8129074801759859,-0.9555519702084838,0.0,0.0,300
MZI_null,MZI,MZI_null_06213,0.1403241593817668,-2.56577555331895,-1.236780027323667,0.0,0.0,300
MZI_null,MZI,MZI_null_06214,-0.05616006719983601,-2.4867456198754865,-3.350464385037623,0.0,0.0,300
MZI_null,MZI,MZI_null_06215,-0.132389592921527,0.32729615584817484,-4.2496050495538045,0.0,0.0,300
MZI_null,MZI,MZI_null_06216,-0.04786771345468551,1.0460283588129888,-2.0581023850108213,0.0,0.0,300
MZI_null,MZI,MZI_null_06217,0.12431106805283623,-3.773137162180525,-4.153490819050582,0.0,0.0,300
MZI_null,MZI,MZI_null_06218,-0.2392238782351231,1.938172207817984,-4.410613544903247,0.0,0.0,300
MZI_null,MZI,MZI_null_06219,0.11207798851876398,-4.999841080380147,2.9521517538194635,0.0,0.0,300
MZI_null,MZI,MZI_null_06220,0.33101740869226504,-7.0595901790710105,-4.254269302476441,0.0,0.0,300
MZI_null,MZI,MZI_null_06221,0.11596977957048371,-0.46087122990255525,1.3307655642805747,0.0,0.0,300
MZI_null,MZI,MZI_null_06222,-0.08606333256065642,3.9626024830701025,-0.6458515999306769,0.0,0.0,300
MZI_null,MZI,MZI_null_06223,-0.18254438652652796,-2.7594455001288347,-4.610700688686498,0.0,0.0,300
MZI_null,MZI,MZI_null_06224,0.23864120378311576,-3.9809937884003492,0.4774504542338667,0.0,0.0,300
MZI_null,MZI,MZI_null_06225,-0.07060097174732703,-3.8461619292875397,-6.730762543843152,0.0,0.0,300
MZI_null,MZI,MZI_null_06226,0.08972619044858507,1.8975437578875516,-3.747902744095455,0.0,0.0,300
MZI_null,MZI,MZI_null_06227,-0.23178436724980067,0.40994812821348736,-5.938724047318753,0.0,0.0,300
MZI_null,MZI,MZI_null_06228,0.1829299403922388,-4.713185368863861,-4.309878228473879,0.0,0.0,300
MZI_null,MZI,MZI_null_06229,0.037269363169693724,-5.114417855034312,-3.121333243879628,0.0,0.0,300
MZI_null,MZI,MZI_null_06230,0.05309728990065098,-9.287337011499938,3.9272577377849665,0.0,0.0,300
MZI_null,MZI,MZI_null_06231,0.006546019869860691,-5.878898037210584,-4.051736107860524,0.0,0.0,300
MZI_null,MZI,MZI_null_06232,0.1487469567391203,-0.1968411947776898,3.160341971855634,0.0,0.0,300
MZI_null,MZI,MZI_null_06233,-0.10241142672063523,-1.1102484885475916,0.27970373535103277,0.0,0.0,300
MZI_null,MZI,MZI_null_06234,0.10429012503783552,1.3818433702962083,-3.1517917175330417,0.0,0.0,300
MZI_null,MZI,MZI_null_06235,-0.01712554016407211,-3.8304492367404355,-1.1578356200691269,0.0,0.0,300
MZI_null,MZI,MZI_null_06236,0.10476491730944627,-6.962106500782107,2.328114708377856,0.0,0.0,300
MZI_null,MZI,MZI_null_06237,-0.17087731863956243,-2.922110959091694,2.7318257748983736,0.0,0.0,300
MZI_null,MZI,MZI_null_06238,0.04920145769751079,-0.9814101552090204,-4.541878135885332,0.0,0.0,300
MZI_null,MZI,MZI_null_06239,-0.15661289037357612,0.8237691900067565,-2.7674306364531693,0.0,0.0,300
MZI_null,MZI,MZI_null_06240,-0.0742367809949774,0.8918537531641348,-4.149740636108582,0.0,0.0,300
MZI_null,MZI,MZI_null_06241,0.0403852699329387,-1.8712780214969258,-1.0080571775897267,0.0,0.0,300
MZI_null,MZI,MZI_null_06242,-0.07776534478162557,-3.7395655443899853,-4.235092491384596,0.0,0.0,300
MZI_null,MZI,MZI_null_06243,0.07239975390619598,-4.004447574550208,1.9062338635017544,0.0,0.0,300
MZI_null,MZI,MZI_null_06244,-0.033683256238597935,-5.175351468263114,-1.713441646445262,0.0,0.0,300
MZI_null,MZI,MZI_null_06245,-0.06162857987047116,1.0273102351841579,-2.107000567754597,0.0,0.0,300
MZI_null,MZI,MZI_null_06246,-0.04143155718004887,2.2346401164773066,0.524801964390047,0.0,0.0,300
MZI_null,MZI,MZI_null_06247,0.24940590240052446,1.7771350121917147,-3.6614877650885638,0.0,0.0,300
MZI_null,MZI,MZI_null_06248,0.14849262816001615,2.5759098762237747,3.5984393969702593,0.0,0.0,300
MZI_null,MZI,MZI_null_06249,0.1482143975365031,0.9025689847275271,-1.9079831310266493,0.0,0.0,300
MZI_null,MZI,MZI_null_06250,-0.12560731265243621,-3.05665195669237,-5.994367004298288,0.0,0.0,300
MZI_null,MZI,MZI_null_06251,0.2014192973132558,-2.8498788782531363,2.8739921871948795,0.0,0.0,300
MZI_null,MZI,MZI_null_06252,-0.18472493658323993,1.2478747630066316,-2.4846419745379587,0.0,0.0,300
MZI_null,MZI,MZI_null_06253,-0.1926554112463761,2.881354156479273,2.321935008022323,0.0,0.0,300
MZI_null,MZI,MZI_null_06254,0.03176886302786764,-1.8981863445951106,0.31853005645735477,0.0,0.0,300
MZI_null,MZI,MZI_null_06255,0.02919428668761166,-4.376827862514414,-2.2361568093547657,0.0,0.0,300
MZI_null,MZI,MZI_null_06256,0.2941076748058054,6.016470227884042,3.6880055156920495,0.0,0.0,300
MZI_null,MZI,MZI_null_06257,0.0717335910243935,-3.013247098105805,-3.394557681690898,0.0,0.0,300
MZI_null,MZI,MZI_null_06258,-0.10984236156453037,-3.659802976060282,5.453492124277309,0.0,0.0,300
MZI_null,MZI,MZI_null_06259,0.2709423444573898,0.23883516980618147,-3.881839529238478,0.0,0.0,300
MZI_null,MZI,MZI_null_06260,0.13395838900665547,-2.7158510855318156,-7.459028315932365,0.0,0.0,300
MZI_null,MZI,MZI_null_06261,0.043065095610188904,-4.525739122502166,-3.4241602872701113,0.0,0.0,300
MZI_null,MZI,MZI_null_06262,-0.03756119903520113,-3.494968918827239,-1.102770457312024,0.0,0.0,300
MZI_null,MZI,MZI_null_06263,-0.012349582502580794,-7.6274272785428945,3.5608339666484987,0.0,0.0,300
MZI_null,MZI,MZI_null_06264,-0.14750650844230198,-4.85719515539142,-1.9856597553708926,0.0,0.0,300
MZI_null,MZI,MZI_null_06265,-0.016250227105394126,2.3769394504955166,-0.19172964383529667,0.0,0.0,300
MZI_null,MZI,MZI_null_06266,0.08496982261643014,-1.176391437250155,-0.30561525250368105,0.0,0.0,300
MZI_null,MZI,MZI_null_06267,0.046459425463051304,-7.798202427706816,-1.7497554545185858,0.0,0.0,300
MZI_null,MZI,MZI_null_06268,0.17433916658567358,9.826993032420056,-4.61292679761853,0.0,0.0,300
MZI_null,MZI,MZI_null_06269,0.06346199404865292,-3.713139733623025,5.142955711690549,0.0,0.0,300
MZI_null,MZI,MZI_null_06270,-0.2030674141187222,-0.12518152905236102,-5.22163329851257,0.0,0.0,300
MZI_null,MZI,MZI_null_06271,-0.047785000209124885,-2.102939992249427,2.2090750452188237,0.0,0.0,300
MZI_null,MZI,MZI_null_06272,-0.16157502392377918,-0.009850853457843645,-0.9436668298361591,0.0,0.0,300
MZI_null,MZI,MZI_null_06273,0.04091900794289694,0.8749981440554233,-4.847670079015863,0.0,0.0,300
MZI_null,MZI,MZI_null_06274,0.12158924597228885,-3.706714559268274,2.2876203649304774,0.0,0.0,300
MZI_null,MZI,MZI_null_06275,0.05018364518068202,-2.6285851445511663,-2.770077907272464,0.0,0.0,300
MZI_null,MZI,MZI_null_06276,0.1234942491532996,1.7828550564427825,-2.598554622580554,0.0,0.0,300
MZI_null,MZI,MZI_null_06277,-0.16995098486720955,0.08263312883567675,-5.3455928261011,0.0,0.0,300
MZI_null,MZI,MZI_null_06278,-0.19582686563744575,-5.188100826583698,-2.2463514491162484,0.0,0.0,300
MZI_null,MZI,MZI_null_06279,-0.20044978338231675,-7.8163997281447335,-4.40633258301137,0.0,0.0,300
MZI_null,MZI,MZI_null_06280,0.09637116698589279,-5.814632216380302,-2.02080903386251,0.0,0.0,300
MZI_null,MZI,MZI_null_06281,0.2920047693548343,-2.147522390081271,0.027592969188779515,0.0,0.0,300
MZI_null,MZI,MZI_null_06282,-0.14190600273773296,4.490424561100426,-2.623883467415286,0.0,0.0,300
MZI_null,MZI,MZI_null_06283,-0.03421570266772749,1.9511760339020938,-1.5452027345608568,0.0,0.0,300
MZI_null,MZI,MZI_null_06284,0.007183317401282242,-2.845064962367389,-1.8244971341716818,0.0,0.0,300
MZI_null,MZI,MZI_null_06285,0.05557530162421375,-0.34117043240568323,-2.9297452936377013,0.0,0.0,300
MZI_null,MZI,MZI_null_06286,-0.11491206842203944,-3.8274082665726894,-5.203762042599305,0.0,0.0,300
MZI_null,MZI,MZI_null_06287,-0.23856453877789457,-1.1084985583252773,1.8157874095253357,0.0,0.0,300
MZI_null,MZI,MZI_null_06288,0.1306567939717826,-9.145973819409974,-1.7351952611297823,0.0,0.0,300
MZI_null,MZI,MZI_null_06289,-0.16531379333888385,-1.5687876865374293,-2.2534705564281436,0.0,0.0,300
MZI_null,MZI,MZI_null_06290,0.08878678593668825,-2.0574592712040243,-6.6880056847536675,0.0,0.0,300
MZI_null,MZI,MZI_null_06291,-0.14506288091993108,-1.9826446555200392,-0.729668712306741,0.0,0.0,300
MZI_null,MZI,MZI_null_06292,-0.21085152115560027,-6.609379110638366,-0.8312639872804635,0.0,0.0,300
MZI_null,MZI,MZI_null_06293,-0.2105500959075791,-7.005888279502357,-2.335421537894025,0.0,0.0,300
MZI_null,MZI,MZI_null_06294,-0.07326691370079763,-4.635201432017904,-3.1112108701748884,0.0,0.0,300
MZI_null,MZI,MZI_null_06295,0.0020753584833591936,-4.1604887110394575,-0.787908935005482,0.0,0.0,300
MZI_null,MZI,MZI_null_06296,-0.057070280417600164,-1.4970495338400327,1.6346166963099353,0.0,0.0,300
MZI_null,MZI,MZI_null_06297,0.1258871768085893,1.86463141319825,1.5144406906914814,0.0,0.0,300
MZI_null,MZI,MZI_null_06298,0.035783629731270646,-3.3002949129204335,-2.1632827684486724,0.0,0.0,300
MZI_null,MZI,MZI_null_06299,-0.13166659596537153,-1.9864121268453259,1.092162436135804,0.0,0.0,300
MZI_null,MZI,MZI_null_06300,-0.10885014043245309,-2.1116535759913218,-3.032086686165308,0.0,0.0,300
MZI_null,MZI,MZI_null_06301,0.03140314952814221,-3.6481501518498507,-3.218531713882158,0.0,0.0,300
MZI_null,MZI,MZI_null_06302,-0.1019950042398038,-0.4900136784633,-1.2902482159910647,0.0,0.0,300
MZI_null,MZI,MZI_null_06303,-0.06426325950000537,-1.215786492358368,-2.2435486524029513,0.0,0.0,300
MZI_null,MZI,MZI_null_06304,0.1689776840528555,-4.921598461079769,-1.560914538451845,0.0,0.0,300
MZI_null,MZI,MZI_null_06305,-0.2107147832500501,-3.0406231756702815,-6.03890649311989,0.0,0.0,300
MZI_null,MZI,MZI_null_06306,0.11194747838386894,0.29951130101673673,1.352510521173429,0.0,0.0,300
MZI_null,MZI,MZI_null_06307,0.004330872026170173,-4.6396112141302766,-3.401021896107849,0.0,0.0,300
MZI_null,MZI,MZI_null_06308,0.22952580828307817,2.30703131139939,-0.6323345291476854,0.0,0.0,300
MZI_null,MZI,MZI_null_06309,-0.07734510511204908,2.105870268095532,-3.0835094841544297,0.0,0.0,300
MZI_null,MZI,MZI_null_06310,0.03432738121438612,2.0558719161953753,-3.5090154989938833,0.0,0.0,300
MZI_null,MZI,MZI_null_06311,0.1243835378455668,-0.4383176124683905,-1.118549626694683,0.0,0.0,300
MZI_null,MZI,MZI_null_06312,-0.14901503986996734,-4.173319280309828,-0.1316467814480241,0.0,0.0,300
MZI_null,MZI,MZI_null_06313,-0.213500519232208,-1.6077684229452507,0.6231529521849897,0.0,0.0,300
MZI_null,MZI,MZI_null_06314,0.1477830259213651,-6.195071223380667,2.948741891483821,0.0,0.0,300
MZI_null,MZI,MZI_null_06315,0.2543045241269903,-0.769545296859218,-4.114145744273982,0.0,0.0,300
MZI_null,MZI,MZI_null_06316,-0.04921639325403616,-2.1427917353555213,-0.1886094738083297,0.0,0.0,300
MZI_null,MZI,MZI_null_06317,0.0032972328965403643,-1.1565045713161493,-1.2722402720173684,0.0,0.0,300
MZI_null,MZI,MZI_null_06318,0.039766064176836466,-3.3815702634839413,-2.0145601509474056,0.0,0.0,300
MZI_null,MZI,MZI_null_06319,-0.08640377557150017,3.751778603512215,3.391702358522968,0.0,0.0,300
MZI_null,MZI,MZI_null_06320,0.08329412850204236,1.9759269918032158,1.3953840169336473,0.0,0.0,300
MZI_null,MZI,MZI_null_06321,0.02719067392710828,-6.516714023059051,-1.7864917603754202,0.0,0.0,300
MZI_null,MZI,MZI_null_06322,-0.05025568380275278,-5.39922551927647,-5.4584868238198485,0.0,0.0,300
MZI_null,MZI,MZI_null_06323,0.07390790198505376,-1.026487032887561,-4.502190940202836,0.0,0.0,300
MZI_null,MZI,MZI_null_06324,-0.1118817759654284,1.4836668194624902,-3.6330895405496815,0.0,0.0,300
MZI_null,MZI,MZI_null_06325,0.025619835590070358,-2.569334898703943,0.5190904131861884,0.0,0.0,300
MZI_null,MZI,MZI_null_06326,-0.12841614789846453,-1.729749567379679,-0.49383226796236834,0.0,0.0,300
MZI_null,MZI,MZI_null_06327,0.03452712093438295,-1.7627784261121604,0.033827961782330274,0.0,0.0,300
MZI_null,MZI,MZI_null_06328,0.3287655498076216,5.6838933303133174,-2.9176484223601653,0.0,0.0,300
MZI_null,MZI,MZI_null_06329,-0.3477364470528748,-0.21351409783407949,-0.4412426202962011,0.0,0.0,300
MZI_null,MZI,MZI_null_06330,0.15915627887753706,-1.1453423008540482,-0.8241881814228427,0.0,0.0,300
MZI_null,MZI,MZI_null_06331,0.16933598938158342,1.806341765241526,-5.159680176342995,0.0,0.0,300
MZI_null,MZI,MZI_null_06332,-0.12249092807093753,-2.3167788778660348,-0.704687128226249,0.0,0.0,300
MZI_null,MZI,MZI_null_06333,-0.03389748050283731,-0.6973784664143423,1.9883143679513005,0.0,0.0,300
MZI_null,MZI,MZI_null_06334,0.2584064566081092,-0.26326092868130146,-3.5570010353593293,0.0,0.0,300
MZI_null,MZI,MZI_null_06335,-0.022106433779672738,-2.226056723778671,0.5439207199434772,0.0,0.0,300
MZI_null,MZI,MZI_null_06336,0.05822520501509133,4.151189953334529,-2.384539405764725,0.0,0.0,300
MZI_null,MZI,MZI_null_06337,0.057712580065020475,5.064134193232276,-2.7556206907108036,0.0,0.0,300
MZI_null,MZI,MZI_null_06338,0.02177230442555328,-4.834641503372046,-0.7537393011177055,0.0,0.0,300
MZI_null,MZI,MZI_null_06339,-0.11703257222064622,1.140402710474039,-0.558043422905814,0.0,0.0,300
MZI_null,MZI,MZI_null_06340,-0.14030958899734403,0.5217030933750149,-0.46100188338523806,0.0,0.0,300
MZI_null,MZI,MZI_null_06341,0.14292281658351821,-5.442987883843246,0.10647323674598441,0.0,0.0,300
MZI_null,MZI,MZI_null_06342,0.1160012541967063,-3.2701324707072095,-4.777008180904454,0.0,0.0,300
MZI_null,MZI,MZI_null_06343,-0.006241124305559088,1.6843458813427858,2.3777909919021694,0.0,0.0,300
MZI_null,MZI,MZI_null_06344,-0.0642642652133365,-5.849256309129328,-2.2935391610487175,0.0,0.0,300
MZI_null,MZI,MZI_null_06345,-0.07027164760978685,-0.6606596500856678,-1.3150045087123645,0.0,0.0,300
MZI_null,MZI,MZI_null_06346,-0.1129896317605713,1.312789201782004,-0.5787223976654974,0.0,0.0,300
MZI_null,MZI,MZI_null_06347,0.06531234790964112,-7.174956302393801,-8.272794612091857,0.0,0.0,300
MZI_null,MZI,MZI_null_06348,-0.21563186721666122,-3.441630276820327,0.7290680528414262,0.0,0.0,300
MZI_null,MZI,MZI_null_06349,-0.3513370305610947,2.7785561931159615,-0.48830191968962144,0.0,0.0,300
MZI_null,MZI,MZI_null_06350,0.20404424894248652,-4.657910247422386,0.5115798025174723,0.0,0.0,300
MZI_null,MZI,MZI_null_06351,0.012779389495618123,0.4530589391636628,-1.7013741027991514,0.0,0.0,300
MZI_null,MZI,MZI_null_06352,0.0709822813511383,1.3065859563136004,-2.953528881675326,0.0,0.0,300
MZI_null,MZI,MZI_null_06353,0.03633663487344746,-7.663586711667045,1.1075090571900734,0.0,0.0,300
MZI_null,MZI,MZI_null_06354,0.2931993815193734,-5.733308143246086,-1.2741437812838297,0.0,0.0,300
MZI_null,MZI,MZI_null_06355,0.13207219513711704,-1.9057475796003487,-0.5047013455203226,0.0,0.0,300
MZI_null,MZI,MZI_null_06356,-0.05864991622854579,-3.284456759263744,-1.2600824607561334,0.0,0.0,300
MZI_null,MZI,MZI_null_06357,0.006250713320903379,-5.5443237847319295,-1.1980659578380863,0.0,0.0,300
MZI_null,MZI,MZI_null_06358,0.23528009080639894,-3.257401380766714,-4.711764948623883,0.0,0.0,300
MZI_null,MZI,MZI_null_06359,-0.02271241019796399,-4.14383843637289,-5.015025475965818,0.0,0.0,300
MZI_null,MZI,MZI_null_06360,0.020875269259893126,-4.130846111453234,-2.8741425005598247,0.0,0.0,300
MZI_null,MZI,MZI_null_06361,0.02301410705780835,-6.599523786087004,-6.224708950753374,0.0,0.0,300
MZI_null,MZI,MZI_null_06362,0.10063082917528973,-7.792500802172249,-3.930033085922064,0.0,0.0,300
MZI_null,MZI,MZI_null_06363,-0.2699759303082656,-3.458409400546497,0.28417624295349686,0.0,0.0,300
MZI_null,MZI,MZI_null_06364,0.016850692309856502,5.175620168371852,2.260746853367002,0.0,0.0,300
MZI_null,MZI,MZI_null_06365,-0.1396736775234902,-5.591165014479232,7.120063822926504,0.0,0.0,300
MZI_null,MZI,MZI_null_06366,0.15938580086000437,-0.23189117819128446,-0.7754445633531464,0.0,0.0,300
MZI_null,MZI,MZI_null_06367,0.041028235121252574,-6.446219826447279,-0.5288824894096964,0.0,0.0,300
MZI_null,MZI,MZI_null_06368,0.010684709618852177,-4.71241652930444,-2.6155793607054356,0.0,0.0,300
MZI_null,MZI,MZI_null_06369,0.22727645901653337,-2.3755247608845873,5.2135139075993315,0.0,0.0,300
MZI_null,MZI,MZI_null_06370,-0.2611019154731075,-3.5663905586772433,-5.641835653740757,0.0,0.0,300
MZI_null,MZI,MZI_null_06371,-0.18141336808377515,-4.4846171169778914,-0.05407111968822653,0.0,0.0,300
MZI_null,MZI,MZI_null_06372,0.04002392566205807,-4.0378709588828166,-7.683398672009746,0.0,0.0,300
MZI_null,MZI,MZI_null_06373,0.22165393095482291,-2.8572941481090686,-4.348870510903417,0.0,0.0,300
MZI_null,MZI,MZI_null_06374,0.04123961716051309,-1.3866644884304777,-1.9680293949998957,0.0,0.0,300
MZI_null,MZI,MZI_null_06375,0.022279652346225712,-5.465089521224055,1.279738529529451,0.0,0.0,300
MZI_null,MZI,MZI_null_06376,-0.14953006421353054,-3.8167089659102955,0.9464054484547257,0.0,0.0,300
MZI_null,MZI,MZI_null_06377,0.18059384475153506,2.757323704139016,2.1673947153997153,0.0,0.0,300
MZI_null,MZI,MZI_null_06378,-0.04861082757026727,-6.623099207301388,3.2151667568086806,0.0,0.0,300
MZI_null,MZI,MZI_null_06379,0.20560439833574637,-4.015928460060487,1.7635671134736803,0.0,0.0,300
MZI_null,MZI,MZI_null_06380,-0.04982666908961079,2.5038306505351864,-2.5445939872113463,0.0,0.0,300
MZI_null,MZI,MZI_null_06381,0.2967976931322755,0.3583616427947369,4.39263453405796,0.0,0.0,300
MZI_null,MZI,MZI_null_06382,-0.0695695904474819,-0.784911186667421,-3.907837595033096,0.0,0.0,300
MZI_null,MZI,MZI_null_06383,0.1265983878178795,0.6971245985113734,6.191071754603559,0.0,0.0,300
MZI_null,MZI,MZI_null_06384,0.07230596958294737,0.17228260751827973,-2.412491129511345,0.0,0.0,300
MZI_null,MZI,MZI_null_06385,0.08120690589528577,-3.139673626062751,-0.6524177234740003,0.0,0.0,300
MZI_null,MZI,MZI_null_06386,0.026177349231869273,-3.056914620047511,-0.8111647103740195,0.0,0.0,300
MZI_null,MZI,MZI_null_06387,-0.056294275457013085,-3.1391933751015175,2.2299939545068144,0.0,0.0,300
MZI_null,MZI,MZI_null_06388,0.026312046273961703,-0.9588011833991688,-5.371914306956608,0.0,0.0,300
MZI_null,MZI,MZI_null_06389,0.06351874977455849,-0.4087296080742864,-2.195015868066258,0.0,0.0,300
MZI_null,MZI,MZI_null_06390,0.3127544514391037,-8.867681792552196,1.3531014073116387,0.0,0.0,300
MZI_null,MZI,MZI_null_06391,0.10692072074322931,-0.37525120400176437,-0.47136188308413096,0.0,0.0,300
MZI_null,MZI,MZI_null_06392,0.08260189839375562,0.6045264386676816,-3.177662751495982,0.0,0.0,300
MZI_null,MZI,MZI_null_06393,0.04487934332701344,-2.549950526069912,-4.281305200676526,0.0,0.0,300
MZI_null,MZI,MZI_null_06394,0.10757549619199343,-3.6930812740521,-5.4935760243384015,0.0,0.0,300
MZI_null,MZI,MZI_null_06395,-0.08086659910524734,-4.396696694279392,2.085437027570331,0.0,0.0,300
MZI_null,MZI,MZI_null_06396,0.022978971083711646,2.1471482370698203,-2.9996686936991375,0.0,0.0,300
MZI_null,MZI,MZI_null_06397,0.13112548078447492,6.518868744423738,0.06809740138142062,0.0,0.0,300
MZI_null,MZI,MZI_null_06398,0.1292473293484729,0.08055299267621852,-5.26622598227748,0.0,0.0,300
MZI_null,MZI,MZI_null_06399,0.08787259462011761,-1.0806310380512933,-1.7792421501949276,0.0,0.0,300
MZI_null,MZI,MZI_null_06400,-0.13260545613073207,0.08194972098111108,-3.9172112188318637,0.0,0.0,300
MZI_null,MZI,MZI_null_06401,0.32004684070228456,-1.6574927495356149,-4.6699211433595105,0.0,0.0,300
MZI_null,MZI,MZI_null_06402,-0.07709944174925082,-2.834403014869452,6.2371299617715374,0.0,0.0,300
MZI_null,MZI,MZI_null_06403,-0.13268834202142446,-2.348651789754162,-2.6134851095950675,0.0,0.0,300
MZI_null,MZI,MZI_null_06404,0.07488877283724964,-3.565650241115134,-4.417169998419131,0.0,0.0,300
MZI_null,MZI,MZI_null_06405,-0.0292941869694298,-2.8981815299967293,-2.7767331328720406,0.0,0.0,300
MZI_null,MZI,MZI_null_06406,-0.08082155383456761,1.5540873936430093,-1.959220642802513,0.0,0.0,300
MZI_null,MZI,MZI_null_06407,-0.1701191493717649,-3.3863478913995686,-0.8369930216038222,0.0,0.0,300
MZI_null,MZI,MZI_null_06408,-0.2004404454827031,2.877933880019196,1.6027384325188168,0.0,0.0,300
MZI_null,MZI,MZI_null_06409,0.21452591154281692,-0.8236156235369521,-7.281092350390301,0.0,0.0,300
MZI_null,MZI,MZI_null_06410,0.230300057495777,-4.590705079129678,-3.3465602320062966,0.0,0.0,300
MZI_null,MZI,MZI_null_06411,0.023448771593316542,2.1346895400104486,2.1598614018571993,0.0,0.0,300
MZI_null,MZI,MZI_null_06412,0.1359421680264031,-2.93548115862366,-1.9828225782763353,0.0,0.0,300
MZI_null,MZI,MZI_null_06413,0.051891550197009986,-2.390212523850598,1.6679537219880594,0.0,0.0,300
MZI_null,MZI,MZI_null_06414,0.12451764967428398,-0.22597603648188347,-8.577883845308136,0.0,0.0,300
MZI_null,MZI,MZI_null_06415,0.019198254551589605,-2.3265616421981035,-0.49592319472140567,0.0,0.0,300
MZI_null,MZI,MZI_null_06416,-0.11314869578196102,-5.974357731197676,0.3894154399251204,0.0,0.0,300
MZI_null,MZI,MZI_null_06417,-0.05344519765980928,-0.2759210188772019,-3.0127431330543133,0.0,0.0,300
MZI_null,MZI,MZI_null_06418,0.2123865960739015,1.00319452771229,-0.10951867436235896,0.0,0.0,300
MZI_null,MZI,MZI_null_06419,-0.03199326200789208,0.557226633394591,0.1776434457122178,0.0,0.0,300
MZI_null,MZI,MZI_null_06420,0.03578762818959073,1.128596228678826,3.2796084632199207,0.0,0.0,300
MZI_null,MZI,MZI_null_06421,-0.18786167767283168,-5.151152322049419,-3.340782176436394,0.0,0.0,300
MZI_null,MZI,MZI_null_06422,-0.22536368964653275,-2.1882455767074536,0.8003493657335186,0.0,0.0,300
MZI_null,MZI,MZI_null_06423,-0.0032127442428504936,-3.602364924838687,2.3793732713874745,0.0,0.0,300
MZI_null,MZI,MZI_null_06424,0.021083460481012447,-0.9710510979010449,2.46270441469928,0.0,0.0,300
MZI_null,MZI,MZI_null_06425,-0.01848629082767006,4.180642217874042,-2.343445011615298,0.0,0.0,300
MZI_null,MZI,MZI_null_06426,0.29969223067693496,-4.924205545737262,0.5524547086413243,0.0,0.0,300
MZI_null,MZI,MZI_null_06427,-0.09637982532093556,1.3586983509432775,-2.434697823575285,0.0,0.0,300
MZI_null,MZI,MZI_null_06428,0.04363067859661288,-3.9516259881247087,1.811675520999843,0.0,0.0,300
MZI_null,MZI,MZI_null_06429,-0.0983626890958709,3.050244534228005,-3.987991320884171,0.0,0.0,300
MZI_null,MZI,MZI_null_06430,-0.201844187749222,0.8546562342372588,-2.774930920790565,0.0,0.0,300
MZI_null,MZI,MZI_null_06431,-0.001085597017430342,-2.9667234615071623,-4.937824801458071,0.0,0.0,300
MZI_null,MZI,MZI_null_06432,-0.0115490496207507,1.7947476849169064,2.009411009916697,0.0,0.0,300
MZI_null,MZI,MZI_null_06433,0.03476891439388872,1.3368048791053213,-4.17855575408253,0.0,0.0,300
MZI_null,MZI,MZI_null_06434,-0.048818149335750946,-0.8125851778093756,-1.391244480451335,0.0,0.0,300
MZI_null,MZI,MZI_null_06435,-0.037023499571483584,-5.601931196963285,-7.244024165928135,0.0,0.0,300
MZI_null,MZI,MZI_null_06436,0.12267996374244541,-1.2703352802433225,1.705995134630279,0.0,0.0,300
MZI_null,MZI,MZI_null_06437,-0.06558539132375615,-4.138333654482782,-0.9803561000900967,0.0,0.0,300
MZI_null,MZI,MZI_null_06438,0.12812994729192245,-2.694356644962963,1.4053555529854576,0.0,0.0,300
MZI_null,MZI,MZI_null_06439,-0.150946200838963,-2.4843413995096015,-1.2103424322340932,0.0,0.0,300
MZI_null,MZI,MZI_null_06440,0.18395849158828798,-1.377117805952275,4.238232554882585,0.0,0.0,300
MZI_null,MZI,MZI_null_06441,-0.2021527199921224,-1.610243286766161,-0.4618058824586626,0.0,0.0,300
MZI_null,MZI,MZI_null_06442,0.09301397963803008,-4.440079809346674,4.053339018232508,0.0,0.0,300
MZI_null,MZI,MZI_null_06443,0.0019445912207638793,-5.2612025388047545,-1.0480749712408557,0.0,0.0,300
MZI_null,MZI,MZI_null_06444,-0.04697422843201703,6.349705426741988,2.1498307985750404,0.0,0.0,300
MZI_null,MZI,MZI_null_06445,0.007449203356232607,-2.335750055597614,1.853170587444395,0.0,0.0,300
MZI_null,MZI,MZI_null_06446,0.14982932404923216,-10.734649757961947,0.9289794642000015,0.0,0.0,300
MZI_null,MZI,MZI_null_06447,0.004194981596793998,-5.933431465360929,1.640642418872531,0.0,0.0,300
MZI_null,MZI,MZI_null_06448,0.3369282020337398,-0.3296121595166577,2.301285326770593,0.0,0.0,300
MZI_null,MZI,MZI_null_06449,0.2706178637946605,-4.490786452160155,-6.572714335500752,0.0,0.0,300
MZI_null,MZI,MZI_null_06450,0.09852990949642527,-2.742834609324353,-5.122520357114629,0.0,0.0,300
MZI_null,MZI,MZI_null_06451,-0.01172549042036898,0.18264212137186053,-1.44691499429308,0.0,0.0,300
MZI_null,MZI,MZI_null_06452,-0.1180241446102556,-2.670521180889531,-1.0584293959040365,0.0,0.0,300
MZI_null,MZI,MZI_null_06453,-0.2894223393939123,-2.4283248595120797,-5.033021416434675,0.0,0.0,300
MZI_null,MZI,MZI_null_06454,0.09885389280316442,-6.683127726760334,2.0380766136528083,0.0,0.0,300
MZI_null,MZI,MZI_null_06455,-0.06137476038209122,-3.6289271203160363,-0.11663620809408393,0.0,0.0,300
MZI_null,MZI,MZI_null_06456,-0.1299051667835088,-1.1637627376098076,-3.196326324065112,0.0,0.0,300
MZI_null,MZI,MZI_null_06457,-0.0835101768487154,-0.7839374920125941,-4.415742201203148,0.0,0.0,300
MZI_null,MZI,MZI_null_06458,-0.18965059526435354,-1.2553234777689746,-1.0806995574681537,0.0,0.0,300
MZI_null,MZI,MZI_null_06459,0.0253039117214088,-1.017082289835738,-0.8278733385790562,0.0,0.0,300
MZI_null,MZI,MZI_null_06460,0.09121389359506032,-1.7076911390640246,-7.0219116990259085,0.0,0.0,300
MZI_null,MZI,MZI_null_06461,-0.26218268919927834,3.7838475407262484,-0.999784398823411,0.0,0.0,300
MZI_null,MZI,MZI_null_06462,0.14253624775756452,-3.0371117168812276,-1.1740452831817914,0.0,0.0,300
MZI_null,MZI,MZI_null_06463,-0.06800469814062654,5.397781994384094,-0.24027273290757278,0.0,0.0,300
MZI_null,MZI,MZI_null_06464,-0.08022868582592962,-6.954619140290572,4.921200328207556,0.0,0.0,300
MZI_null,MZI,MZI_null_06465,-0.0244917577842455,0.2326873586847915,1.5679918709196379,0.0,0.0,300
MZI_null,MZI,MZI_null_06466,-0.06942457851455558,0.017358326158467996,-2.8124148602548527,0.0,0.0,300
MZI_null,MZI,MZI_null_06467,-0.14856395430591238,1.493394077536637,-1.474568139466598,0.0,0.0,300
MZI_null,MZI,MZI_null_06468,0.07777692504039829,-0.7672370183546868,0.9137958801658668,0.0,0.0,300
MZI_null,MZI,MZI_null_06469,-0.23348054013024372,-3.7558715939491094,-1.973425472489275,0.0,0.0,300
MZI_null,MZI,MZI_null_06470,-0.12472180093522359,-0.7129794559508367,2.5606792327876926,0.0,0.0,300
MZI_null,MZI,MZI_null_06471,0.20177769830194467,-3.017614295629651,-0.12410241262627864,0.0,0.0,300
MZI_null,MZI,MZI_null_06472,0.06684652567351489,-0.13623171738941187,-3.6344052192179315,0.0,0.0,300
MZI_null,MZI,MZI_null_06473,0.2730870402397449,0.7795605530393339,1.8579480310773233,0.0,0.0,300
MZI_null,MZI,MZI_null_06474,0.1805190085350595,-0.3975921732020469,-4.081940269152917,0.0,0.0,300
MZI_null,MZI,MZI_null_06475,-0.02084590973326601,-6.953160185185746,0.2452175290972527,0.0,0.0,300
MZI_null,MZI,MZI_null_06476,-0.025382048724832008,-2.121567150580795,2.6120033902569535,0.0,0.0,300
MZI_null,MZI,MZI_null_06477,-0.0685491057834689,-2.756369476316229,-0.9340801121103511,0.0,0.0,300
MZI_null,MZI,MZI_null_06478,-0.27599883741204484,-2.7981909672860095,-8.45738473685855,0.0,0.0,300
MZI_null,MZI,MZI_null_06479,-0.08782823428436089,0.5655671601784822,0.34179967475320705,0.0,0.0,300
MZI_null,MZI,MZI_null_06480,-0.08922304656811142,-1.877605345328563,-4.224968701391217,0.0,0.0,300
MZI_null,MZI,MZI_null_06481,-0.0003515104724280247,6.790960856477531,4.537403961115794,0.0,0.0,300
MZI_null,MZI,MZI_null_06482,0.007893319502589168,-1.5195675052538768,-3.938695943903653,0.0,0.0,300
MZI_null,MZI,MZI_null_06483,-0.12026836619265756,-0.9134470336859177,-2.574677696909455,0.0,0.0,300
MZI_null,MZI,MZI_null_06484,0.13562243922773728,2.7090570429332708,-0.002137645656883458,0.0,0.0,300
MZI_null,MZI,MZI_null_06485,0.015260580875989001,-7.042338874731955,1.24283073581615,0.0,0.0,300
MZI_null,MZI,MZI_null_06486,-0.17155069523085872,-3.254027385900259,1.8787276771554051,0.0,0.0,300
MZI_null,MZI,MZI_null_06487,0.1544637246463548,-3.3995225820503516,-2.226746604759959,0.0,0.0,300
MZI_null,MZI,MZI_null_06488,-0.10489783098850078,-5.593561235977733,-2.9043864463127256,0.0,0.0,300
MZI_null,MZI,MZI_null_06489,-0.24196950283720328,0.049187744524794574,0.18357081548562726,0.0,0.0,300
MZI_null,MZI,MZI_null_06490,0.0840793927305769,-4.8632121517254285,-4.585211690545169,0.0,0.0,300
MZI_null,MZI,MZI_null_06491,0.008027141147034034,-1.807692305149324,-1.441809482538836,0.0,0.0,300
MZI_null,MZI,MZI_null_06492,-0.043422490378177414,3.1323273330831594,0.2780750353789352,0.0,0.0,300
MZI_null,MZI,MZI_null_06493,0.29560175871997363,1.8068950762948992,4.109812778052035,0.0,0.0,300
MZI_null,MZI,MZI_null_06494,-0.1611694149534003,-0.2204870270059105,-2.295296466980119,0.0,0.0,300
MZI_null,MZI,MZI_null_06495,-0.24950800670392992,2.488009508666577,-1.8810775771168875,0.0,0.0,300
MZI_null,MZI,MZI_null_06496,-0.15826524454000265,-3.2436915897460805,-3.388672368321458,0.0,0.0,300
MZI_null,MZI,MZI_null_06497,-0.10405469514250008,-2.6648101705479483,4.192445579134229,0.0,0.0,300
MZI_null,MZI,MZI_null_06498,-0.09994758248169386,2.9778119926575712,1.5465103879385644,0.0,0.0,300
MZI_null,MZI,MZI_null_06499,0.059440734537912904,0.24436009675562476,-0.9590330084876274,0.0,0.0,300
MZI_null,MZI,MZI_null_06500,0.19290751557951388,-0.2990592101986975,-5.993997955076539,0.0,0.0,300
MZI_null,MZI,MZI_null_06501,0.04443778978349476,0.35191942897784534,-1.8670036558036518,0.0,0.0,300
MZI_null,MZI,MZI_null_06502,0.018938380907089897,-3.838573984023221,-5.132876968190681,0.0,0.0,300
MZI_null,MZI,MZI_null_06503,-0.23255653063968598,-6.6112039612065905,1.0071342274115964,0.0,0.0,300
MZI_null,MZI,MZI_null_06504,-0.37354225625644927,-3.9994397808904436,-3.2969598557361333,0.0,0.0,300
MZI_null,MZI,MZI_null_06505,-0.04232393039811968,-7.569294649808608,0.2116642842218559,0.0,0.0,300
MZI_null,MZI,MZI_null_06506,-0.19097420912398483,1.3972166221278073,-2.865297062766497,0.0,0.0,300
MZI_null,MZI,MZI_null_06507,-0.014341953511788052,-1.9886784303343812,-0.267276841418284,0.0,0.0,300
MZI_null,MZI,MZI_null_06508,0.0055521566244213375,-3.281331646197896,0.029145592082129523,0.0,0.0,300
MZI_null,MZI,MZI_null_06509,0.06992206957424313,-4.295404001328861,0.2791034569206712,0.0,0.0,300
MZI_null,MZI,MZI_null_06510,0.1787580453602544,0.11768258831365763,1.7971257249415609,0.0,0.0,300
MZI_null,MZI,MZI_null_06511,0.025788127336116816,-4.808451338224637,-3.4289333791109353,0.0,0.0,300
MZI_null,MZI,MZI_null_06512,0.04798319517816175,0.8282911754569309,7.357735741982166,0.0,0.0,300
MZI_null,MZI,MZI_null_06513,0.14727329166579056,-5.511307272492505,-3.301817717079947,0.0,0.0,300
MZI_null,MZI,MZI_null_06514,0.3417775973933998,-2.643166795930335,-0.8574560957161346,0.0,0.0,300
MZI_null,MZI,MZI_null_06515,-0.14406253806138433,2.6953102167227314,0.500999621961876,0.0,0.0,300
MZI_null,MZI,MZI_null_06516,-0.11619020218279674,-4.981475866571813,-0.07838816230638379,0.0,0.0,300
MZI_null,MZI,MZI_null_06517,0.006630926232067878,0.4963306516633814,0.6409054193815993,0.0,0.0,300
MZI_null,MZI,MZI_null_06518,-0.03967205231529339,-3.631404786384099,-1.479826444896502,0.0,0.0,300
MZI_null,MZI,MZI_null_06519,-0.08260212699851438,-2.390586598414285,-0.9506772141418549,0.0,0.0,300
MZI_null,MZI,MZI_null_06520,-0.13468963400700856,-0.10796041370635923,-2.111283143409011,0.0,0.0,300
MZI_null,MZI,MZI_null_06521,-0.1262826525428015,-3.054822284845604,-0.2732255301391412,0.0,0.0,300
MZI_null,MZI,MZI_null_06522,0.01245572997199552,-0.7336456552866137,1.695038375226587,0.0,0.0,300
MZI_null,MZI,MZI_null_06523,0.19574103060120496,-1.1435415119358403,-4.20820716170649,0.0,0.0,300
MZI_null,MZI,MZI_null_06524,-0.04036662037954511,-5.012955153149024,4.090562221136845,0.0,0.0,300
MZI_null,MZI,MZI_null_06525,0.2981101323790745,-0.049066407510971466,1.5753765279170917,0.0,0.0,300
MZI_null,MZI,MZI_null_06526,0.03764147898549887,-0.9018322536176262,-5.792362654987367,0.0,0.0,300
MZI_null,MZI,MZI_null_06527,-0.01108985478853654,-4.643459187038779,-0.1559303873848894,0.0,0.0,300
MZI_null,MZI,MZI_null_06528,-0.008941476808280129,3.8404658870383432,1.749883066168524,0.0,0.0,300
MZI_null,MZI,MZI_null_06529,0.042676797378246735,-2.8008190614188777,4.028064376279789,0.0,0.0,300
MZI_null,MZI,MZI_null_06530,-0.004493196918979474,-1.0049781150941666,-0.873251186719495,0.0,0.0,300
MZI_null,MZI,MZI_null_06531,-0.0606230858560984,-1.8904813328434396,-6.885900552034948,0.0,0.0,300
MZI_null,MZI,MZI_null_06532,-0.2321559601861781,-0.9511083749911173,3.704599071582459,0.0,0.0,300
MZI_null,MZI,MZI_null_06533,0.052233165621625326,-4.161106564689962,-5.328561262202006,0.0,0.0,300
MZI_null,MZI,MZI_null_06534,0.11767908907134578,-3.701585453045303,0.9297062556576798,0.0,0.0,300
MZI_null,MZI,MZI_null_06535,0.05847977370985759,-0.565098823235932,-0.8991948779393322,0.0,0.0,300
MZI_null,MZI,MZI_null_06536,0.057546657745446185,-2.3583632037690054,-2.9059196031046106,0.0,0.0,300
MZI_null,MZI,MZI_null_06537,-0.14452485907740772,-9.155026393912935,-1.5433286872135286,0.0,0.0,300
MZI_null,MZI,MZI_null_06538,0.22790672744279294,0.1902402776127925,-0.31687264457212516,0.0,0.0,300
MZI_null,MZI,MZI_null_06539,-0.11010074914337264,0.9920176772772313,-1.3579279354090747,0.0,0.0,300
MZI_null,MZI,MZI_null_06540,0.23624014706835877,-4.943261789884044,-3.249908583917969,0.0,0.0,300
MZI_null,MZI,MZI_null_06541,-0.12709049163294425,-6.446355111302039,-3.8111340555752875,0.0,0.0,300
MZI_null,MZI,MZI_null_06542,0.015482438964887641,-4.136603074551882,-12.56912598772179,0.0,0.0,300
MZI_null,MZI,MZI_null_06543,0.16114099461301826,-7.052281188042216,0.7676848546599111,0.0,0.0,300
MZI_null,MZI,MZI_null_06544,0.004682188450434716,4.352118449261027,1.9908724445678594,0.0,0.0,300
MZI_null,MZI,MZI_null_06545,-0.07569068932274614,-4.106190687065936,3.5081830423978557,0.0,0.0,300
MZI_null,MZI,MZI_null_06546,-0.22138066456521174,-1.427360192243876,-1.393361389749016,0.0,0.0,300
MZI_null,MZI,MZI_null_06547,-0.05148391030570138,-0.9394580466547238,-0.43132041847397296,0.0,0.0,300
MZI_null,MZI,MZI_null_06548,0.06861011141876164,-1.5830730429101485,0.2530442150517429,0.0,0.0,300
MZI_null,MZI,MZI_null_06549,0.014004778939739204,-3.9782806616489435,-0.9879962192902139,0.0,0.0,300
MZI_null,MZI,MZI_null_06550,-0.107157983955603,-4.341129814192551,-2.0084500081532557,0.0,0.0,300
MZI_null,MZI,MZI_null_06551,-0.017913474110376363,-1.8943240809565676,1.7491364820899915,0.0,0.0,300
MZI_null,MZI,MZI_null_06552,-0.0747696123811265,-1.4094442205755384,-0.6459168581685434,0.0,0.0,300
MZI_null,MZI,MZI_null_06553,-0.09129424311990976,-1.7787776413803653,2.008164245531941,0.0,0.0,300
MZI_null,MZI,MZI_null_06554,0.027975932532510014,-1.320248212918076,-3.115984992828002,0.0,0.0,300
MZI_null,MZI,MZI_null_06555,0.29532882768073143,-3.945069110967503,-6.003350381642433,0.0,0.0,300
MZI_null,MZI,MZI_null_06556,0.12902761803271146,-2.344451118945278,-1.9091254628412253,0.0,0.0,300
MZI_null,MZI,MZI_null_06557,-0.08183306706172906,3.615143872947514,0.06377083581404808,0.0,0.0,300
MZI_null,MZI,MZI_null_06558,0.08246268324676272,-1.512153129253198,-0.18985115966441124,0.0,0.0,300
MZI_null,MZI,MZI_null_06559,0.20979369158391212,-2.752563983683085,-5.3708126365621895,0.0,0.0,300
MZI_null,MZI,MZI_null_06560,0.1302081981341665,-0.5098951632728239,-0.6760605613448719,0.0,0.0,300
MZI_null,MZI,MZI_null_06561,0.07061298623216795,-3.112232660882522,-0.937922251437221,0.0,0.0,300
MZI_null,MZI,MZI_null_06562,-0.01975503807898649,-3.7744647712127506,2.5675183493150078,0.0,0.0,300
MZI_null,MZI,MZI_null_06563,-0.21183879411267006,5.0826465154389,1.632086627619426,0.0,0.0,300
MZI_null,MZI,MZI_null_06564,-0.2666963302053526,-2.6724989884727886,-1.5056377477106735,0.0,0.0,300
MZI_null,MZI,MZI_null_06565,0.058782994341316834,-4.96813481221916,-0.903923969895348,0.0,0.0,300
MZI_null,MZI,MZI_null_06566,-0.01816790971839704,-4.212855087720317,-3.6302566944136956,0.0,0.0,300
MZI_null,MZI,MZI_null_06567,0.13782069700535354,-7.089747620127781,0.4336368082881541,0.0,0.0,300
MZI_null,MZI,MZI_null_06568,0.1196265460317186,-2.655675015015249,-0.842881480825012,0.0,0.0,300
MZI_null,MZI,MZI_null_06569,0.1745242499546072,-4.114554532172171,-2.804957286667372,0.0,0.0,300
MZI_null,MZI,MZI_null_06570,-0.07432255216489624,1.4959767976698441,2.8768812406541224,0.0,0.0,300
MZI_null,MZI,MZI_null_06571,-0.20938353516954286,1.0187222419349107,1.4567249190418519,0.0,0.0,300
MZI_null,MZI,MZI_null_06572,0.23303922156747414,-0.8446759036208615,-1.13278036083573,0.0,0.0,300
MZI_null,MZI,MZI_null_06573,0.17178250298574882,0.0967113745052961,5.734695242446179,0.0,0.0,300
MZI_null,MZI,MZI_null_06574,0.14380617674427418,-1.5393560707282536,-4.522313141128514,0.0,0.0,300
MZI_null,MZI,MZI_null_06575,-0.08713757657911776,-6.307864934084048,-1.6451861081825896,0.0,0.0,300
MZI_null,MZI,MZI_null_06576,0.1389101389849268,-2.0110132654415467,2.0651758062802177,0.0,0.0,300
MZI_null,MZI,MZI_null_06577,0.05063606001585201,-3.209276869262029,-0.7371245344901083,0.0,0.0,300
MZI_null,MZI,MZI_null_06578,0.07081450365826442,-1.5823298046091523,-0.5479473134442581,0.0,0.0,300
MZI_null,MZI,MZI_null_06579,-0.11535751613800596,-3.298928795726648,5.7753823884639335,0.0,0.0,300
MZI_null,MZI,MZI_null_06580,0.18426997356353136,-6.421522690429148,-8.100906872519085,0.0,0.0,300
MZI_null,MZI,MZI_null_06581,0.011428863217308339,0.6804186832779706,-2.5598255122666216,0.0,0.0,300
MZI_null,MZI,MZI_null_06582,0.15324880922969067,-1.8210363049787477,-1.4891838391809245,0.0,0.0,300
MZI_null,MZI,MZI_null_06583,0.11341727642627722,-3.5956273787068067,-1.8601189654109596,0.0,0.0,300
MZI_null,MZI,MZI_null_06584,0.10052508931956944,-2.094187811198073,4.726328820133207,0.0,0.0,300
MZI_null,MZI,MZI_null_06585,0.10407381192840275,-0.11355851500171488,-1.1485139381952045,0.0,0.0,300
MZI_null,MZI,MZI_null_06586,0.13121320150644092,-2.9678233184049385,-0.1528667464014546,0.0,0.0,300
MZI_null,MZI,MZI_null_06587,-0.13744395705068405,1.1183241766917749,-0.1281859082146245,0.0,0.0,300
MZI_null,MZI,MZI_null_06588,0.29737695955468146,5.176895151009274,1.2899583542994426,0.0,0.0,300
MZI_null,MZI,MZI_null_06589,0.010263796681185515,-4.838193536376706,1.7142494097764729,0.0,0.0,300
MZI_null,MZI,MZI_null_06590,0.03154268458428425,-0.3858954825366143,4.18936216236873,0.0,0.0,300
MZI_null,MZI,MZI_null_06591,-0.12366349329950202,-4.77291250544401,-1.7092778151120402,0.0,0.0,300
MZI_null,MZI,MZI_null_06592,0.12318017246277349,-0.33539827935653577,-3.687065535087317,0.0,0.0,300
MZI_null,MZI,MZI_null_06593,0.11348293510537237,-5.603638456679789,-3.513225023046573,0.0,0.0,300
MZI_null,MZI,MZI_null_06594,-0.017318597578378413,-3.6602937379256604,1.6695784659528043,0.0,0.0,300
MZI_null,MZI,MZI_null_06595,0.04295677245016417,3.296683532881781,-1.741556096063243,0.0,0.0,300
MZI_null,MZI,MZI_null_06596,-0.01833032265611151,1.6311478271852895,-1.2727624093713867,0.0,0.0,300
MZI_null,MZI,MZI_null_06597,0.22410078715613188,-0.37751536884652515,-8.058359409656077,0.0,0.0,300
MZI_null,MZI,MZI_null_06598,0.1766355621224196,0.738180439359426,1.8539978183316346,0.0,0.0,300
MZI_null,MZI,MZI_null_06599,-0.2866467567817887,-3.9889698838131427,-2.7661145006703096,0.0,0.0,300
MZI_null,MZI,MZI_null_06600,-0.12616820513405885,3.2257675956818144,-1.0353035134709019,0.0,0.0,300
MZI_null,MZI,MZI_null_06601,-0.005484141394375598,-0.3439750690526633,0.707905003668146,0.0,0.0,300
MZI_null,MZI,MZI_null_06602,-0.5002339065938745,-3.9390726114480903,-5.23836573337383,0.0,0.0,300
MZI_null,MZI,MZI_null_06603,0.06004591397322294,-2.866677243002142,-0.953837306496194,0.0,0.0,300
MZI_null,MZI,MZI_null_06604,-0.3117779623335784,-2.9295566740714944,2.3453907554984457,0.0,0.0,300
MZI_null,MZI,MZI_null_06605,0.21141742246532513,0.1565902586220993,-5.006395880344357,0.0,0.0,300
MZI_null,MZI,MZI_null_06606,0.18891027044881856,0.1720067650000474,-1.3515671021936158,0.0,0.0,300
MZI_null,MZI,MZI_null_06607,-0.3037554471764616,0.860784851987551,-2.7764989899501376,0.0,0.0,300
MZI_null,MZI,MZI_null_06608,0.05192487315821714,-1.7948184180900124,3.6151849533148344,0.0,0.0,300
MZI_null,MZI,MZI_null_06609,-0.018805047899626285,-2.0453407702578437,3.73584617143589,0.0,0.0,300
MZI_null,MZI,MZI_null_06610,-0.09873333656252828,0.44296855422333126,-1.595847168635392,0.0,0.0,300
MZI_null,MZI,MZI_null_06611,-0.15038129430073938,-1.9965170398373822,1.0751153408239627,0.0,0.0,300
MZI_null,MZI,MZI_null_06612,0.2030564759964767,2.424081956037047,-1.884292222676598,0.0,0.0,300
MZI_null,MZI,MZI_null_06613,-0.14808738480483202,-2.9562166987324376,-4.544592259990466,0.0,0.0,300
MZI_null,MZI,MZI_null_06614,-0.03260792991247576,-3.024995850859275,1.1824706124702962,0.0,0.0,300
MZI_null,MZI,MZI_null_06615,-0.33089027698715673,-4.200823838259919,-3.1765549133257465,0.0,0.0,300
MZI_null,MZI,MZI_null_06616,0.17806908786120382,-5.34153313220305,-0.32002792105301847,0.0,0.0,300
MZI_null,MZI,MZI_null_06617,-0.019219262162967196,1.1291275805091456,0.7874955935316419,0.0,0.0,300
MZI_null,MZI,MZI_null_06618,0.018186559773056922,-3.664000623764205,-6.557027509329629,0.0,0.0,300
MZI_null,MZI,MZI_null_06619,0.0370628483531108,-0.4085306044103816,-5.724602837423959,0.0,0.0,300
MZI_null,MZI,MZI_null_06620,-0.1850541246492824,-1.2430100798849724,0.017425058623610212,0.0,0.0,300
MZI_null,MZI,MZI_null_06621,-0.1485970965138089,-3.722194140704114,-6.50946651571128,0.0,0.0,300
MZI_null,MZI,MZI_null_06622,0.20658958557198506,-5.899623222105356,0.6267781737456521,0.0,0.0,300
MZI_null,MZI,MZI_null_06623,-0.0052441044230070516,1.8687808588742771,-3.3767622783242692,0.0,0.0,300
MZI_null,MZI,MZI_null_06624,0.00918790655105808,-7.09528072771205,-6.815580510819261,0.0,0.0,300
MZI_null,MZI,MZI_null_06625,0.08945003757982108,-7.355077517209106,-1.6846526033035925,0.0,0.0,300
MZI_null,MZI,MZI_null_06626,0.15169431719593796,0.24005456828403826,-2.993756463845781,0.0,0.0,300
MZI_null,MZI,MZI_null_06627,-0.23827547046122588,-0.4715154150334142,3.026770348580542,0.0,0.0,300
MZI_null,MZI,MZI_null_06628,-0.09933571179984352,-4.40993857522135,-2.5747058886069953,0.0,0.0,300
MZI_null,MZI,MZI_null_06629,0.08574130662106734,1.6855528192447382,-4.718820434141567,0.0,0.0,300
MZI_null,MZI,MZI_null_06630,-0.22474227139869796,5.019988965797344,-1.5319683636701158,0.0,0.0,300
MZI_null,MZI,MZI_null_06631,0.03793391935354643,-4.075792521852917,0.46988692835814794,0.0,0.0,300
MZI_null,MZI,MZI_null_06632,0.14400913120522837,-1.100611485281211,4.222574231043304,0.0,0.0,300
MZI_null,MZI,MZI_null_06633,-0.04901168849116378,-2.7886474191061286,-0.3057809461677531,0.0,0.0,300
MZI_null,MZI,MZI_null_06634,0.06974424682591455,-1.3161582138121721,-4.853245080865273,0.0,0.0,300
MZI_null,MZI,MZI_null_06635,0.0468772749293342,-3.1225207544103117,-2.742931042223937,0.0,0.0,300
MZI_null,MZI,MZI_null_06636,0.004872308212986548,-4.884568061987643,-4.406173971619694,0.0,0.0,300
MZI_null,MZI,MZI_null_06637,-0.3923203440005774,3.2417119855296734,0.6671939573090069,0.0,0.0,300
MZI_null,MZI,MZI_null_06638,-0.01751461819594577,-4.001669710659945,-9.62809684613925,0.0,0.0,300
MZI_null,MZI,MZI_null_06639,-0.10927933143322265,0.14759901149222854,1.8265229107816063,0.0,0.0,300
MZI_null,MZI,MZI_null_06640,0.09634379904049524,-1.5248241327425944,2.911622437794137,0.0,0.0,300
MZI_null,MZI,MZI_null_06641,-0.04928058331328105,1.255566748403084,-2.1537473311606385,0.0,0.0,300
MZI_null,MZI,MZI_null_06642,-0.13217119633166435,-5.0171389412675635,-4.193489263518859,0.0,0.0,300
MZI_null,MZI,MZI_null_06643,0.09886020432037279,-4.228236713291236,-4.099086535104831,0.0,0.0,300
MZI_null,MZI,MZI_null_06644,0.107060282949204,-1.0160888285833016,1.8877759485374064,0.0,0.0,300
MZI_null,MZI,MZI_null_06645,0.07688992669091976,-4.259334740591935,-0.7716927505942377,0.0,0.0,300
MZI_null,MZI,MZI_null_06646,0.018769948615451584,-4.7574759754220075,-4.313874922281978,0.0,0.0,300
MZI_null,MZI,MZI_null_06647,-0.10210824136765567,4.109747070016241,-2.238232282664647,0.0,0.0,300
MZI_null,MZI,MZI_null_06648,0.18493001870800715,-3.4059815284393937,1.6665164586199759,0.0,0.0,300
MZI_null,MZI,MZI_null_06649,0.13537374833367705,0.8577715238561345,0.16348202602687567,0.0,0.0,300
MZI_null,MZI,MZI_null_06650,0.20660498681717268,-0.8649380919418164,4.140589188020838,0.0,0.0,300
MZI_null,MZI,MZI_null_06651,-0.242987970478265,-0.9551412569995448,-0.15002922239300065,0.0,0.0,300
MZI_null,MZI,MZI_null_06652,-0.14047797687082367,-0.26124733470878514,-5.4702480267298546,0.0,0.0,300
MZI_null,MZI,MZI_null_06653,-0.09812764886404929,-7.997263438693423,3.6758795508884443,0.0,0.0,300
MZI_null,MZI,MZI_null_06654,-0.03473242409179432,4.500652104448935,1.4088497795584853,0.0,0.0,300
MZI_null,MZI,MZI_null_06655,0.06721473200265367,-3.758683082842998,-4.1390501070622605,0.0,0.0,300
MZI_null,MZI,MZI_null_06656,0.07844573608454179,-2.2145420278189465,-5.017810946455903,0.0,0.0,300
MZI_null,MZI,MZI_null_06657,-0.22752876247624776,-4.876111187430752,4.462901675798692,0.0,0.0,300
MZI_null,MZI,MZI_null_06658,0.33199168770169557,-1.3850325580732705,-0.5531716112761348,0.0,0.0,300
MZI_null,MZI,MZI_null_06659,-0.05044805577442816,-4.803456044928507,3.1255371728217316,0.0,0.0,300
MZI_null,MZI,MZI_null_06660,0.28103645908457037,-4.680257257517857,-1.2485151352738046,0.0,0.0,300
MZI_null,MZI,MZI_null_06661,-0.06747994510652519,-3.2607172245949316,2.5577247662895863,0.0,0.0,300
MZI_null,MZI,MZI_null_06662,-0.19679423180491826,-0.6005909271910812,1.1847143219175966,0.0,0.0,300
MZI_null,MZI,MZI_null_06663,-0.021322676040272874,0.6792034809603185,-0.5570444783876495,0.0,0.0,300
MZI_null,MZI,MZI_null_06664,0.1825694881734168,-6.566615914777563,-2.046325783020608,0.0,0.0,300
MZI_null,MZI,MZI_null_06665,-0.010771971427655189,-10.016622153414048,-4.257858200735605,0.0,0.0,300
MZI_null,MZI,MZI_null_06666,-0.12203988815381794,0.844617984470049,-3.1205300389438015,0.0,0.0,300
MZI_null,MZI,MZI_null_06667,-0.12271184809589655,0.4524573419685751,-5.8537319373701635,0.0,0.0,300
MZI_null,MZI,MZI_null_06668,-0.3106866101165358,-3.0847769002080394,-5.343120304235066,0.0,0.0,300
MZI_null,MZI,MZI_null_06669,-0.21145189419894736,-0.27969862493605424,1.6279215137377374,0.0,0.0,300
MZI_null,MZI,MZI_null_06670,0.11832963237781875,1.3263299809216988,2.723402960044405,0.0,0.0,300
MZI_null,MZI,MZI_null_06671,-0.3192885313240396,-0.6487641202116001,-2.588824598708676,0.0,0.0,300
MZI_null,MZI,MZI_null_06672,-0.11211363689856542,-0.31875610337388394,-6.190886439687255,0.0,0.0,300
MZI_null,MZI,MZI_null_06673,-0.262666290880848,-0.09928176775484854,0.4633580525326937,0.0,0.0,300
MZI_null,MZI,MZI_null_06674,0.020509898380726536,-4.639740214169411,1.2314889037463725,0.0,0.0,300
MZI_null,MZI,MZI_null_06675,0.10204543380907138,-1.7440864548576374,-4.531963123809314,0.0,0.0,300
MZI_null,MZI,MZI_null_06676,-0.063787251859426,0.5135010325733282,2.9815736684053604,0.0,0.0,300
MZI_null,MZI,MZI_null_06677,-0.048980490506449266,-2.749018903424787,-1.4850673240751835,0.0,0.0,300
MZI_null,MZI,MZI_null_06678,0.04123395133664582,-3.7432019001800714,-9.682555172714752,0.0,0.0,300
MZI_null,MZI,MZI_null_06679,0.17891535024706448,3.3840668414876482,-2.8371995788171374,0.0,0.0,300
MZI_null,MZI,MZI_null_06680,-0.1599980053378161,-2.411301567170667,-1.5625116511863189,0.0,0.0,300
MZI_null,MZI,MZI_null_06681,0.14932778657444393,-1.8360816750648865,-3.3778684911135497,0.0,0.0,300
MZI_null,MZI,MZI_null_06682,-0.19776141758370736,0.5969025544590205,0.7985337234927488,0.0,0.0,300
MZI_null,MZI,MZI_null_06683,0.15908398171377283,-4.904560252163281,4.515310698584988,0.0,0.0,300
MZI_null,MZI,MZI_null_06684,-0.26155417605858555,0.12880306420443866,-6.728748301590705,0.0,0.0,300
MZI_null,MZI,MZI_null_06685,-0.11854970725477015,2.683068791343877,1.4940927634279686,0.0,0.0,300
MZI_null,MZI,MZI_null_06686,-0.08193306232307729,-3.556511128465065,-0.6981336674936737,0.0,0.0,300
MZI_null,MZI,MZI_null_06687,0.0771211486141084,1.75473814804809,-2.3687020138254837,0.0,0.0,300
MZI_null,MZI,MZI_null_06688,-0.24176775952308022,-1.52909411885372,-2.3722925125251844,0.0,0.0,300
MZI_null,MZI,MZI_null_06689,-0.1950950557122671,-1.1069932540616167,-1.6393412622783674,0.0,0.0,300
MZI_null,MZI,MZI_null_06690,0.04597683097046915,-4.683332600561541,0.4601315909764958,0.0,0.0,300
MZI_null,MZI,MZI_null_06691,-0.19756472951324675,-4.483194169089749,-1.728742693261833,0.0,0.0,300
MZI_null,MZI,MZI_null_06692,0.2612727622439571,0.35447610564548127,2.2315775128033692,0.0,0.0,300
MZI_null,MZI,MZI_null_06693,0.21256155500147164,8.80849640743262,-0.875232797324698,0.0,0.0,300
MZI_null,MZI,MZI_null_06694,0.21306013846947833,1.0379057632058233,1.9880975099225773,0.0,0.0,300
MZI_null,MZI,MZI_null_06695,0.26613594270602714,-3.2579390929534293,-2.4960550718091383,0.0,0.0,300
MZI_null,MZI,MZI_null_06696,0.04796482702227923,-2.5480993157656613,-0.0444974410054807,0.0,0.0,300
MZI_null,MZI,MZI_null_06697,0.2344123177579517,-3.4344401681188352,-1.9140368877811913,0.0,0.0,300
MZI_null,MZI,MZI_null_06698,0.026146650528986553,-2.684955278075508,-6.742017484040462,0.0,0.0,300
MZI_null,MZI,MZI_null_06699,-0.08701914640484093,0.06211972671251331,3.312640252797939,0.0,0.0,300
MZI_null,MZI,MZI_null_06700,-0.173192785130659,-5.477847197692529,-0.9092985918479931,0.0,0.0,300
MZI_null,MZI,MZI_null_06701,-0.3113392597316755,-3.3349106089613825,-6.20812617865418,0.0,0.0,300
MZI_null,MZI,MZI_null_06702,0.20535919497636976,-4.307993463051213,3.9585025590170817,0.0,0.0,300
MZI_null,MZI,MZI_null_06703,0.16702820301875085,-3.9389518930922502,-4.215878910538232,0.0,0.0,300
MZI_null,MZI,MZI_null_06704,-0.029031862375138294,-2.3139398727746094,0.03844083185720404,0.0,0.0,300
MZI_null,MZI,MZI_null_06705,-0.11648149342952684,0.23918462056660905,-0.2040158350003014,0.0,0.0,300
MZI_null,MZI,MZI_null_06706,-0.05105927350737959,-4.13612196625407,-1.554654949296058,0.0,0.0,300
MZI_null,MZI,MZI_null_06707,-0.1225351877741354,-1.8246839153492371,-0.7436839443402707,0.0,0.0,300
MZI_null,MZI,MZI_null_06708,0.0392560925214509,3.2987272290155616,-1.3973341590987174,0.0,0.0,300
MZI_null,MZI,MZI_null_06709,0.15068968006867237,-1.3112378090728949,-1.714732905695362,0.0,0.0,300
MZI_null,MZI,MZI_null_06710,-0.017873890492685104,-2.176479227504151,-0.16069687681535116,0.0,0.0,300
MZI_null,MZI,MZI_null_06711,-0.14389811478284548,-6.396021150334901,0.9628921804228261,0.0,0.0,300
MZI_null,MZI,MZI_null_06712,0.13471857488718886,0.23690749840840875,-0.5350839443305822,0.0,0.0,300
MZI_null,MZI,MZI_null_06713,0.1150836941179933,0.14028707805142693,1.3628880768648641,0.0,0.0,300
MZI_null,MZI,MZI_null_06714,-0.12893112320131703,-5.290855391463893,-2.165707740256812,0.0,0.0,300
MZI_null,MZI,MZI_null_06715,-0.0026076164313983165,-2.7257633813968685,-6.630070994013627,0.0,0.0,300
MZI_null,MZI,MZI_null_06716,0.2582538918202713,-2.8221379666572064,-0.4818867502691391,0.0,0.0,300
MZI_null,MZI,MZI_null_06717,0.1866823486144588,-9.034916808563615,-2.5350816157351366,0.0,0.0,300
MZI_null,MZI,MZI_null_06718,-0.058067591036970664,-3.0089301363519336,-1.5204597721418582,0.0,0.0,300
MZI_null,MZI,MZI_null_06719,0.2170702197667267,0.02037662718166766,1.8741058058864883,0.0,0.0,300
MZI_null,MZI,MZI_null_06720,0.007068040771638565,-6.198119138436503,-7.239091105438021,0.0,0.0,300
MZI_null,MZI,MZI_null_06721,-0.22941115848474464,-0.9207028875019414,-0.904690861907095,0.0,0.0,300
MZI_null,MZI,MZI_null_06722,-0.03152454713340113,-3.10573072022041,5.03516472632824,0.0,0.0,300
MZI_null,MZI,MZI_null_06723,-0.12343553864647115,0.7834583683481764,-0.9942611919370182,0.0,0.0,300
MZI_null,MZI,MZI_null_06724,-0.009140926767899536,1.529912645850232,3.3875911480743337,0.0,0.0,300
MZI_null,MZI,MZI_null_06725,-0.035932418532725725,0.39760815772642655,0.09167408645016151,0.0,0.0,300
MZI_null,MZI,MZI_null_06726,0.0011155708214871936,-1.3872351720289224,-3.064026444534513,0.0,0.0,300
MZI_null,MZI,MZI_null_06727,-0.045914908999662704,-3.741905839258119,1.7041301492867582,0.0,0.0,300
MZI_null,MZI,MZI_null_06728,-0.014280167331159374,-5.893142073845116,-3.170311669489264,0.0,0.0,300
MZI_null,MZI,MZI_null_06729,-0.4798896967818267,-3.4834778056464453,-0.8870648047085515,0.0,0.0,300
MZI_null,MZI,MZI_null_06730,-0.020420377330046056,3.9404630545941774,0.7247181227451105,0.0,0.0,300
MZI_null,MZI,MZI_null_06731,0.07956777796337261,-6.929807103710834,-2.093926162351398,0.0,0.0,300
MZI_null,MZI,MZI_null_06732,-0.07299942109855434,-4.358243596424024,-3.3996419965400397,0.0,0.0,300
MZI_null,MZI,MZI_null_06733,-0.27121844309124354,-5.827559614043985,1.622280208294847,0.0,0.0,300
MZI_null,MZI,MZI_null_06734,-0.02143720379897734,-3.519207254823002,-1.0162340039581241,0.0,0.0,300
MZI_null,MZI,MZI_null_06735,0.17510860180517265,-1.987368437372643,0.6211223927931138,0.0,0.0,300
MZI_null,MZI,MZI_null_06736,-0.1269907263582386,-3.8558898522401575,0.06193065519102614,0.0,0.0,300
MZI_null,MZI,MZI_null_06737,0.2838980562505671,2.2893245785446226,0.7484842083684169,0.0,0.0,300
MZI_null,MZI,MZI_null_06738,0.022715064024107733,2.203208066881513,1.3840349691353717,0.0,0.0,300
MZI_null,MZI,MZI_null_06739,-0.3440493033555992,-5.161792543565666,0.014420976073795,0.0,0.0,300
MZI_null,MZI,MZI_null_06740,-0.2680451348326458,-4.692767014270586,-3.0994448309739226,0.0,0.0,300
MZI_null,MZI,MZI_null_06741,-0.03842488593687505,-2.8622906246786233,-1.8673612815004808,0.0,0.0,300
MZI_null,MZI,MZI_null_06742,0.12379612758604705,-2.795671596351603,-2.1538903962137015,0.0,0.0,300
MZI_null,MZI,MZI_null_06743,-0.20237581562152743,1.073038605957474,-3.0144925418424586,0.0,0.0,300
MZI_null,MZI,MZI_null_06744,-0.16305454920019127,-1.3607282753930872,-3.3008237871491883,0.0,0.0,300
MZI_null,MZI,MZI_null_06745,-0.07889291096914412,-1.224619477042793,-1.979447871338669,0.0,0.0,300
MZI_null,MZI,MZI_null_06746,0.34674140629509514,-2.224485629957594,0.8535146566376659,0.0,0.0,300
MZI_null,MZI,MZI_null_06747,-0.2912541071239418,-4.581947395744191,-4.260741084750137,0.0,0.0,300
MZI_null,MZI,MZI_null_06748,-0.1431569584953943,-0.7533860184889922,2.1066952033322295,0.0,0.0,300
MZI_null,MZI,MZI_null_06749,0.051694575695176624,-2.679933870698927,-2.8925651161372583,0.0,0.0,300
MZI_null,MZI,MZI_null_06750,0.16703996267797636,4.213766362464586,-0.5948328856489276,0.0,0.0,300
MZI_null,MZI,MZI_null_06751,0.14090445961073583,-0.969888950613575,1.2665147193967679,0.0,0.0,300
MZI_null,MZI,MZI_null_06752,-0.17468201671651745,-3.464408840426372,0.18640832013675213,0.0,0.0,300
MZI_null,MZI,MZI_null_06753,0.18187364161229688,-4.454402664913024,-7.0998973331203805,0.0,0.0,300
MZI_null,MZI,MZI_null_06754,-0.07473966396618736,1.0303921430447502,-5.751686773263549,0.0,0.0,300
MZI_null,MZI,MZI_null_06755,-0.17653798381973762,-1.5322442418466635,-1.3479137582843919,0.0,0.0,300
MZI_null,MZI,MZI_null_06756,0.0891699722329841,-5.686180281336737,-1.9749357825060034,0.0,0.0,300
MZI_null,MZI,MZI_null_06757,0.17927781036046464,-5.5786885809103515,3.430736888930806,0.0,0.0,300
MZI_null,MZI,MZI_null_06758,-0.1601125478833033,0.5481447321328332,-2.118875530639377,0.0,0.0,300
MZI_null,MZI,MZI_null_06759,-0.1717362386458465,-3.4906971414577947,0.6347875645369823,0.0,0.0,300
MZI_null,MZI,MZI_null_06760,-0.0010280992352236374,1.3554082343300315,3.3072201828046444,0.0,0.0,300
MZI_null,MZI,MZI_null_06761,-0.17745459979767755,-5.768807434731035,-4.914381320862525,0.0,0.0,300
MZI_null,MZI,MZI_null_06762,-0.13487941440720289,1.3126435624592334,0.6810858520002054,0.0,0.0,300
MZI_null,MZI,MZI_null_06763,-0.08175413593836474,-2.033307771868503,3.212916515497816,0.0,0.0,300
MZI_null,MZI,MZI_null_06764,0.2862016276468679,-1.2218469996715935,-8.977843552142197,0.0,0.0,300
MZI_null,MZI,MZI_null_06765,0.04459306421399597,0.8042443886240429,-0.32610305243177473,0.0,0.0,300
MZI_null,MZI,MZI_null_06766,0.10897723781021755,-0.9288038766188476,-4.703936252445596,0.0,0.0,300
MZI_null,MZI,MZI_null_06767,-0.1329357650045194,-2.963456561390469,2.196244334715055,0.0,0.0,300
MZI_null,MZI,MZI_null_06768,-0.11488261024809308,-0.632292100497059,-0.08892221823640944,0.0,0.0,300
MZI_null,MZI,MZI_null_06769,0.23792958976186954,-2.1250393343882434,-6.2642752548287755,0.0,0.0,300
MZI_null,MZI,MZI_null_06770,0.0970305697345167,4.414165634902014,1.1371500345993684,0.0,0.0,300
MZI_null,MZI,MZI_null_06771,-0.11814923877156105,-5.245837637536894,-3.858906500522216,0.0,0.0,300
MZI_null,MZI,MZI_null_06772,0.3004967820573069,-2.981982321564308,-2.987930181484083,0.0,0.0,300
MZI_null,MZI,MZI_null_06773,-0.023765496619085003,-2.9507211458171057,3.702951079362511,0.0,0.0,300
MZI_null,MZI,MZI_null_06774,-0.15217162365244544,1.5419296949813401,-0.6337237106467458,0.0,0.0,300
MZI_null,MZI,MZI_null_06775,0.1810539770141528,2.747857131202154,-0.7456070982607148,0.0,0.0,300
MZI_null,MZI,MZI_null_06776,-0.047259541439874854,-1.8014635044046905,-1.284312016015395,0.0,0.0,300
MZI_null,MZI,MZI_null_06777,-0.2485449683608092,2.6574411213552187,-0.2626449478564291,0.0,0.0,300
MZI_null,MZI,MZI_null_06778,-0.17446487775765812,-8.202569960595227,-7.982797698791047,0.0,0.0,300
MZI_null,MZI,MZI_null_06779,0.11557206550312549,-3.856932705221286,-2.3647020043154,0.0,0.0,300
MZI_null,MZI,MZI_null_06780,0.07322313968082353,-3.5481444683053356,0.6395732481605396,0.0,0.0,300
MZI_null,MZI,MZI_null_06781,0.014289609656507295,-2.2523887494477086,-5.718251217074467,0.0,0.0,300
MZI_null,MZI,MZI_null_06782,-0.12295970346582893,-0.1923939032394022,-3.046065444592154,0.0,0.0,300
MZI_null,MZI,MZI_null_06783,0.1808054333676736,5.0392039719801955,0.9691559025239675,0.0,0.0,300
MZI_null,MZI,MZI_null_06784,0.22392478370477362,0.162181714888205,-2.602786068016564,0.0,0.0,300
MZI_null,MZI,MZI_null_06785,0.030022749721113698,4.039962838292325,-2.5706612278823533,0.0,0.0,300
MZI_null,MZI,MZI_null_06786,-0.15589909483171108,-5.402583269345808,-1.652588151500647,0.0,0.0,300
MZI_null,MZI,MZI_null_06787,-0.1505208132964593,3.022058282311712,-0.350930396226137,0.0,0.0,300
MZI_null,MZI,MZI_null_06788,0.14575894646407542,-2.895996171739095,-4.420591593268355,0.0,0.0,300
MZI_null,MZI,MZI_null_06789,-0.19640909181499158,-4.723975226534362,0.04257648208013309,0.0,0.0,300
MZI_null,MZI,MZI_null_06790,0.07798243976519216,-0.1904117808239456,-5.466018051345571,0.0,0.0,300
MZI_null,MZI,MZI_null_06791,-6.137788474052712e-05,-5.078185492677178,0.20439790275358471,0.0,0.0,300
MZI_null,MZI,MZI_null_06792,0.07186155832461781,-5.516519141079314,1.9040888215890437,0.0,0.0,300
MZI_null,MZI,MZI_null_06793,0.3508234412292367,0.5045072127539871,-1.4885021186533138,0.0,0.0,300
MZI_null,MZI,MZI_null_06794,-0.047481855481461326,-2.6271919450175254,-3.282201540331032,0.0,0.0,300
MZI_null,MZI,MZI_null_06795,0.03785973099780739,-5.415387773462912,-6.669093359793701,0.0,0.0,300
MZI_null,MZI,MZI_null_06796,0.032940252272032296,-1.9363008026725366,-2.7135100493115827,0.0,0.0,300
MZI_null,MZI,MZI_null_06797,-0.192404493391555,-1.1307679192578957,-3.9705251157113524,0.0,0.0,300
MZI_null,MZI,MZI_null_06798,-0.020841652629800176,3.294915562379333,0.9535693087261523,0.0,0.0,300
MZI_null,MZI,MZI_null_06799,-0.2053698993572545,-5.824554713036908,-0.5445427217687238,0.0,0.0,300
MZI_null,MZI,MZI_null_06800,-0.20629810230885312,-8.00517644370286,0.5971160338901702,0.0,0.0,300
MZI_null,MZI,MZI_null_06801,0.04814036314813015,-0.6482050061626028,-0.2108944545462884,0.0,0.0,300
MZI_null,MZI,MZI_null_06802,-0.009796606750859234,-3.986565643029982,0.5484048982638297,0.0,0.0,300
MZI_null,MZI,MZI_null_06803,0.2294825232607726,-3.5036870223303618,-4.062220630624895,0.0,0.0,300
MZI_null,MZI,MZI_null_06804,-0.17026791291168586,-4.600190700001153,-0.39220442657177834,0.0,0.0,300
MZI_null,MZI,MZI_null_06805,-0.320944134533034,-0.6824887267030224,0.9317390308884681,0.0,0.0,300
MZI_null,MZI,MZI_null_06806,-0.269711753991432,-4.937541308832798,-0.7609570604637584,0.0,0.0,300
MZI_null,MZI,MZI_null_06807,-0.021520459545659672,-0.4410875951942286,-1.423410464549098,0.0,0.0,300
MZI_null,MZI,MZI_null_06808,0.18971542901624477,-2.963508197131046,-3.949098960159261,0.0,0.0,300
MZI_null,MZI,MZI_null_06809,-0.15951627993926346,0.20640552784506738,-0.9111365741292511,0.0,0.0,300
MZI_null,MZI,MZI_null_06810,0.09505738510877923,-0.16063250231244686,-7.059549558291522,0.0,0.0,300
MZI_null,MZI,MZI_null_06811,-0.17101239015351652,-5.061875121511462,-3.448192565475287,0.0,0.0,300
MZI_null,MZI,MZI_null_06812,-0.06305329898647889,0.9974487838515578,2.5954470571516977,0.0,0.0,300
MZI_null,MZI,MZI_null_06813,-0.04393362453044952,-2.7538425839742335,-3.1163011721718594,0.0,0.0,300
MZI_null,MZI,MZI_null_06814,0.013378154585781631,-1.3924373517981903,1.419426665006796,0.0,0.0,300
MZI_null,MZI,MZI_null_06815,0.11976580889738293,-8.906354153207154,-1.4576348429113541,0.0,0.0,300
MZI_null,MZI,MZI_null_06816,0.20761500463351554,-3.314344781914751,2.4177254550898652,0.0,0.0,300
MZI_null,MZI,MZI_null_06817,-0.04596777000167832,-1.4752295976741083,-4.4106720771974475,0.0,0.0,300
MZI_null,MZI,MZI_null_06818,-0.1648872836349772,0.17647471678904347,1.6454548406019947,0.0,0.0,300
MZI_null,MZI,MZI_null_06819,0.003964335930073913,-5.682572727915174,-0.8685863301783561,0.0,0.0,300
MZI_null,MZI,MZI_null_06820,0.18858524410114164,3.2285994101552813,-1.9501237969777434,0.0,0.0,300
MZI_null,MZI,MZI_null_06821,-0.24898017753866852,0.521090798664336,-1.8278892893650025,0.0,0.0,300
MZI_null,MZI,MZI_null_06822,0.14145609623415595,-1.1567833249471415,-3.65033231728555,0.0,0.0,300
MZI_null,MZI,MZI_null_06823,0.008736654098907141,1.9250151011629835,-1.4474619669017312,0.0,0.0,300
MZI_null,MZI,MZI_null_06824,-0.15522077451680663,-6.765932505789969,-3.3164940605939552,0.0,0.0,300
MZI_null,MZI,MZI_null_06825,-0.0615204392656473,0.4599974077517772,-4.3625478034348655,0.0,0.0,300
MZI_null,MZI,MZI_null_06826,0.23306278285944534,-6.011456632523575,5.99445827767051,0.0,0.0,300
MZI_null,MZI,MZI_null_06827,0.25882778351317065,-1.5765012518360237,-5.9430806043087765,0.0,0.0,300
MZI_null,MZI,MZI_null_06828,-0.008313609297363283,-3.160522873959517,-4.822861669152772,0.0,0.0,300
MZI_null,MZI,MZI_null_06829,0.04365144408711634,-4.4709293895669315,-3.144717541148744,0.0,0.0,300
MZI_null,MZI,MZI_null_06830,-0.03055179518585332,-3.72472648611711,5.234469851330088,0.0,0.0,300
MZI_null,MZI,MZI_null_06831,-0.08035719494993245,-0.6773569658165735,-0.5634325233689146,0.0,0.0,300
MZI_null,MZI,MZI_null_06832,0.0529125337888308,-0.712734789167204,1.6440844598183668,0.0,0.0,300
MZI_null,MZI,MZI_null_06833,0.03996691134279635,-1.32531261534104,-0.8245687945955817,0.0,0.0,300
MZI_null,MZI,MZI_null_06834,-0.020762677850996166,-4.735393644982032,-1.1826051322606042,0.0,0.0,300
MZI_null,MZI,MZI_null_06835,0.036190106289830014,-0.793506330281615,-0.45914568102929076,0.0,0.0,300
MZI_null,MZI,MZI_null_06836,-0.03494325201728007,-2.171239709587693,-2.660939453652376,0.0,0.0,300
MZI_null,MZI,MZI_null_06837,0.04698359865098458,-2.6633846837423656,-0.4583171854075899,0.0,0.0,300
MZI_null,MZI,MZI_null_06838,0.15012045650738284,-4.128076728927259,0.7900861427314527,0.0,0.0,300
MZI_null,MZI,MZI_null_06839,0.004981526982805913,4.063580798742265,-1.6489009853905288,0.0,0.0,300
MZI_null,MZI,MZI_null_06840,0.10427468747265994,-1.9539396447320687,-5.164913524940481,0.0,0.0,300
MZI_null,MZI,MZI_null_06841,-0.07810336432787164,0.6414133162851807,-2.2980833818248194,0.0,0.0,300
MZI_null,MZI,MZI_null_06842,-0.33303844722594206,-2.0942090507735114,-4.277008893853031,0.0,0.0,300
MZI_null,MZI,MZI_null_06843,0.01977265988950782,2.653441244194056,1.3083719324087104,0.0,0.0,300
MZI_null,MZI,MZI_null_06844,0.23049837431099662,-3.6845360643334746,-1.4294990009065964,0.0,0.0,300
MZI_null,MZI,MZI_null_06845,-0.15666542952116694,-4.052130335120285,-3.7806544968585403,0.0,0.0,300
MZI_null,MZI,MZI_null_06846,-0.1960084453817936,2.0975698759940213,-7.275880885079267,0.0,0.0,300
MZI_null,MZI,MZI_null_06847,0.2055208357206835,1.7381767747606935,0.499378026436994,0.0,0.0,300
MZI_null,MZI,MZI_null_06848,-0.1671760902141104,-6.746525334329622,-2.645211043790693,0.0,0.0,300
MZI_null,MZI,MZI_null_06849,0.09376806845098859,-1.9908090876779774,-4.1304984852842725,0.0,0.0,300
MZI_null,MZI,MZI_null_06850,0.1722307176984735,3.053149984544614,-1.6797974920437926,0.0,0.0,300
MZI_null,MZI,MZI_null_06851,0.016400535539601857,-6.526546050888488,-2.2431601483271058,0.0,0.0,300
MZI_null,MZI,MZI_null_06852,0.07656599670014906,-0.9354303792266674,-2.5230035476291204,0.0,0.0,300
MZI_null,MZI,MZI_null_06853,-0.04113652627146704,-3.3416322096336555,-1.835394141155155,0.0,0.0,300
MZI_null,MZI,MZI_null_06854,0.063485220377719,-7.902611256107368,-1.2230485444237664,0.0,0.0,300
MZI_null,MZI,MZI_null_06855,0.05249633034385336,-3.7114540569232317,-2.437999131894644,0.0,0.0,300
MZI_null,MZI,MZI_null_06856,-0.06755916612231742,-3.43714992061148,-0.9823486664488796,0.0,0.0,300
MZI_null,MZI,MZI_null_06857,0.019350413702067557,-8.3015429487014,0.9586411144168645,0.0,0.0,300
MZI_null,MZI,MZI_null_06858,-0.04349983265204388,3.7988895264056017,-4.574945616696125,0.0,0.0,300
MZI_null,MZI,MZI_null_06859,-0.13009717631314974,-2.6087269357497833,0.23967634905810642,0.0,0.0,300
MZI_null,MZI,MZI_null_06860,-0.29261509910572525,-4.48730015634832,0.7739604817215302,0.0,0.0,300
MZI_null,MZI,MZI_null_06861,-0.14221859196488137,2.1100791291286827,-2.3616507965472167,0.0,0.0,300
MZI_null,MZI,MZI_null_06862,-0.13490598020128447,-0.16926722663144145,3.8228521604733388,0.0,0.0,300
MZI_null,MZI,MZI_null_06863,0.06245943881158447,1.7812881976697756,4.029906021910891,0.0,0.0,300
MZI_null,MZI,MZI_null_06864,-0.13827880198913675,0.8151740021787597,-5.570411527910642,0.0,0.0,300
MZI_null,MZI,MZI_null_06865,0.06373537976795773,-2.2139536715444574,2.728850609126187,0.0,0.0,300
MZI_null,MZI,MZI_null_06866,0.17583772694772615,-0.2906499483967928,-0.10471630155154488,0.0,0.0,300
MZI_null,MZI,MZI_null_06867,0.07625530150829264,-1.8146873858703634,-1.183587223323711,0.0,0.0,300
MZI_null,MZI,MZI_null_06868,0.2163867258378664,2.6886694590345295,-1.4249775931066213,0.0,0.0,300
MZI_null,MZI,MZI_null_06869,0.035645460451611696,-1.7550343256816767,-5.835095325811585,0.0,0.0,300
MZI_null,MZI,MZI_null_06870,-0.05046533664180095,2.7991126031443088,-3.2493276250954324,0.0,0.0,300
MZI_null,MZI,MZI_null_06871,0.31718151934519523,1.5163789287681473,0.20449445163862667,0.0,0.0,300
MZI_null,MZI,MZI_null_06872,0.0841264928964631,-4.751620089005076,-1.7956862566741063,0.0,0.0,300
MZI_null,MZI,MZI_null_06873,0.2162098665482639,-3.8435880175206005,2.1833952708463977,0.0,0.0,300
MZI_null,MZI,MZI_null_06874,-0.20655602841555873,-5.594475237425032,4.704153996758948,0.0,0.0,300
MZI_null,MZI,MZI_null_06875,-0.0017755719360486295,-3.615499660983023,3.0882224809968877,0.0,0.0,300
MZI_null,MZI,MZI_null_06876,0.18687323324452562,0.7622636957717157,-2.709693758236318,0.0,0.0,300
MZI_null,MZI,MZI_null_06877,-0.043037636390651335,-1.06511352882581,1.0831980264417114,0.0,0.0,300
MZI_null,MZI,MZI_null_06878,-0.07627253610278058,-1.4877886681379102,-0.1978260976077817,0.0,0.0,300
MZI_null,MZI,MZI_null_06879,0.193015463456288,0.2633974868053568,-5.520404934505873,0.0,0.0,300
MZI_null,MZI,MZI_null_06880,-0.03204454627280785,-4.7863501099502495,0.7042622618350205,0.0,0.0,300
MZI_null,MZI,MZI_null_06881,0.13847300257575662,-1.6953320431692664,-1.8043810918835501,0.0,0.0,300
MZI_null,MZI,MZI_null_06882,0.01037546895539747,-1.3732421795667364,-2.9202989551507206,0.0,0.0,300
MZI_null,MZI,MZI_null_06883,-0.1828066651154048,-8.15041712766606,2.8015463952166515,0.0,0.0,300
MZI_null,MZI,MZI_null_06884,0.07445493654524488,-0.9124669659674827,2.7955966638588476,0.0,0.0,300
MZI_null,MZI,MZI_null_06885,-0.18832020145386252,-7.206892627565056,0.15269574955726917,0.0,0.0,300
MZI_null,MZI,MZI_null_06886,0.04399070631651454,-7.19392042901826,0.07856318642141602,0.0,0.0,300
MZI_null,MZI,MZI_null_06887,-0.060033442859935185,-4.421264179212745,-2.0002711248472385,0.0,0.0,300
MZI_null,MZI,MZI_null_06888,-0.3662292856377705,-3.774122670175814,-3.112883708452613,0.0,0.0,300
MZI_null,MZI,MZI_null_06889,0.08356536704042103,-2.4746904095326583,0.9166066210366446,0.0,0.0,300
MZI_null,MZI,MZI_null_06890,-0.3824309017105021,-4.517294667713144,0.6679911547143322,0.0,0.0,300
MZI_null,MZI,MZI_null_06891,-0.04632969458597327,0.5363815989231018,-6.41380872816767,0.0,0.0,300
MZI_null,MZI,MZI_null_06892,0.10966662595342115,-3.917417653355121,-3.2085912531480227,0.0,0.0,300
MZI_null,MZI,MZI_null_06893,0.14865705703911777,1.4857033898695176,2.1040990882618456,0.0,0.0,300
MZI_null,MZI,MZI_null_06894,0.3057962887572399,1.8004108253300029,-3.386309751196897,0.0,0.0,300
MZI_null,MZI,MZI_null_06895,0.021245719220347566,-3.0805937254548055,5.087269579847197,0.0,0.0,300
MZI_null,MZI,MZI_null_06896,0.1657304932048064,-2.5666404101403675,1.633729393259006,0.0,0.0,300
MZI_null,MZI,MZI_null_06897,-0.1848297699469657,-1.2492147870635817,-3.813767477809253,0.0,0.0,300
MZI_null,MZI,MZI_null_06898,-0.253288830094111,0.35360871258950066,1.7257732855626542,0.0,0.0,300
MZI_null,MZI,MZI_null_06899,0.0685818954317979,-2.548901121699503,-4.799075964539228,0.0,0.0,300
MZI_null,MZI,MZI_null_06900,-0.1742020306075871,-4.907839939216392,-1.7010198751747714,0.0,0.0,300
MZI_null,MZI,MZI_null_06901,0.16142681004073725,1.1812126332359583,-5.9457027988386315,0.0,0.0,300
MZI_null,MZI,MZI_null_06902,-0.10398500050754207,-4.160483058715517,-8.594749385503736,0.0,0.0,300
MZI_null,MZI,MZI_null_06903,0.08491814204248617,-2.738479472955565,-1.3394276098929279,0.0,0.0,300
MZI_null,MZI,MZI_null_06904,0.20188065875634575,-1.7350729601469286,-2.2921913948980537,0.0,0.0,300
MZI_null,MZI,MZI_null_06905,0.0858116431507415,1.176615539726686,-0.11059730185232364,0.0,0.0,300
MZI_null,MZI,MZI_null_06906,0.10337843980472228,-2.4367029492286534,-1.2455732390789882,0.0,0.0,300
MZI_null,MZI,MZI_null_06907,0.016953106544824268,-4.259362851297985,-2.7041848431088025,0.0,0.0,300
MZI_null,MZI,MZI_null_06908,0.20668194627277103,4.023868287586964,3.7765937421145406,0.0,0.0,300
MZI_null,MZI,MZI_null_06909,-0.1984886035152821,-6.259572603754918,-4.572128295835483,0.0,0.0,300
MZI_null,MZI,MZI_null_06910,0.02015811628192212,-10.426173777072991,-2.766404699858502,0.0,0.0,300
MZI_null,MZI,MZI_null_06911,0.21106489337416698,0.9473164921867232,-2.527283951720522,0.0,0.0,300
MZI_null,MZI,MZI_null_06912,-0.06500331617559565,-0.2982748795792878,1.8058062657325968,0.0,0.0,300
MZI_null,MZI,MZI_null_06913,-0.07997059016096401,-2.703098065158313,-2.6980291855600704,0.0,0.0,300
MZI_null,MZI,MZI_null_06914,-0.19970241620628207,-2.6592312440654426,-1.8877826206262904,0.0,0.0,300
MZI_null,MZI,MZI_null_06915,-0.18909661739829833,-0.06175718708681166,0.44996203587766814,0.0,0.0,300
MZI_null,MZI,MZI_null_06916,0.10435795512676145,-4.304211066393105,-6.9507270343439425,0.0,0.0,300
MZI_null,MZI,MZI_null_06917,0.07009966944684737,-3.9923381438891403,-3.6720043997371032,0.0,0.0,300
MZI_null,MZI,MZI_null_06918,-0.18855796119651638,-2.8259675842614613,3.7319818911514187,0.0,0.0,300
MZI_null,MZI,MZI_null_06919,-0.07581742820332718,-5.269409132500801,0.9558002030900847,0.0,0.0,300
MZI_null,MZI,MZI_null_06920,0.025921841965692593,-8.357904103064623,0.9870389592598598,0.0,0.0,300
MZI_null,MZI,MZI_null_06921,0.31927016527524005,-9.801607782287071,-4.707118072066372,0.0,0.0,300
MZI_null,MZI,MZI_null_06922,-0.42727906329774096,-2.2259132622225044,1.9711587098340582,0.0,0.0,300
MZI_null,MZI,MZI_null_06923,0.015825112469441887,2.1759870943380086,1.4916508709904024,0.0,0.0,300
MZI_null,MZI,MZI_null_06924,0.2553220985253265,1.4806323043212846,-2.2088292058285135,0.0,0.0,300
MZI_null,MZI,MZI_null_06925,0.010008968435225975,-4.606030746442919,-1.691968506604146,0.0,0.0,300
MZI_null,MZI,MZI_null_06926,0.009274750802717967,-2.2547219706060617,3.0267605789108316,0.0,0.0,300
MZI_null,MZI,MZI_null_06927,-0.049525209376024615,-4.796259240672071,-3.6088331047095616,0.0,0.0,300
MZI_null,MZI,MZI_null_06928,0.09826504074337962,-6.2094152242669995,-1.6035585104527519,0.0,0.0,300
MZI_null,MZI,MZI_null_06929,0.19912503681831314,-1.122204662777509,-1.2238161673562635,0.0,0.0,300
MZI_null,MZI,MZI_null_06930,-0.005386560545764477,-5.088693776681518,-3.5714041313036233,0.0,0.0,300
MZI_null,MZI,MZI_null_06931,-0.029277250937186583,-1.1861809096721205,1.8444500354063322,0.0,0.0,300
MZI_null,MZI,MZI_null_06932,0.013884092575715212,2.058322527262744,3.8155940456285755,0.0,0.0,300
MZI_null,MZI,MZI_null_06933,0.11929008187233056,1.6749442241676533,-3.972140564164283,0.0,0.0,300
MZI_null,MZI,MZI_null_06934,-0.17237984020320937,-0.4460798711295033,-5.0236294356011415,0.0,0.0,300
MZI_null,MZI,MZI_null_06935,-0.043555776602389996,0.31357571598921785,3.2401187740556203,0.0,0.0,300
MZI_null,MZI,MZI_null_06936,-0.03813234754320982,-3.949832885923071,-0.03861513546525264,0.0,0.0,300
MZI_null,MZI,MZI_null_06937,-0.16103151652858338,-2.519835944880281,-1.024000144828844,0.0,0.0,300
MZI_null,MZI,MZI_null_06938,-0.004197598900619238,-1.7344895785463545,-3.5035445667164256,0.0,0.0,300
MZI_null,MZI,MZI_null_06939,-0.10904894889276255,-4.241348783097861,-5.8602830175851715,0.0,0.0,300
MZI_null,MZI,MZI_null_06940,0.05127454827691589,0.6839723550760146,1.3889302485606079,0.0,0.0,300
MZI_null,MZI,MZI_null_06941,-0.03937452906911321,-4.433015718391663,1.2329439270880678,0.0,0.0,300
MZI_null,MZI,MZI_null_06942,0.09583845335618275,-1.3477380726911126,4.2329337572698185,0.0,0.0,300
MZI_null,MZI,MZI_null_06943,-0.003963828205059422,-2.770669951774666,-2.199451993223801,0.0,0.0,300
MZI_null,MZI,MZI_null_06944,-0.23413165597212107,-0.015980107573122737,-1.3164561014733296,0.0,0.0,300
MZI_null,MZI,MZI_null_06945,0.07648968620351929,3.5256340062737204,-2.1722553097138517,0.0,0.0,300
MZI_null,MZI,MZI_null_06946,-0.3507013075187327,-0.5567888914676828,-0.4994218303219733,0.0,0.0,300
MZI_null,MZI,MZI_null_06947,-0.10986808139569797,-0.8082009931355068,1.3582889603131254,0.0,0.0,300
MZI_null,MZI,MZI_null_06948,-0.1419914865317321,-2.903995584210147,3.4302611895467834,0.0,0.0,300
MZI_null,MZI,MZI_null_06949,-0.10824332868440477,-1.7999907337586443,-8.873233498131654,0.0,0.0,300
MZI_null,MZI,MZI_null_06950,-0.22227682516219424,-1.5274475080016008,2.683963428756803,0.0,0.0,300
MZI_null,MZI,MZI_null_06951,-0.20430445230015012,-1.7763078138185104,-2.1271537271611503,0.0,0.0,300
MZI_null,MZI,MZI_null_06952,0.14296320824887404,-5.653409915967756,0.2902329451024561,0.0,0.0,300
MZI_null,MZI,MZI_null_06953,-0.09805360304943854,-1.3308859255205747,-0.7932068430745821,0.0,0.0,300
MZI_null,MZI,MZI_null_06954,-0.037766861121392666,-0.5665644611918466,-0.8690417970911166,0.0,0.0,300
MZI_null,MZI,MZI_null_06955,-0.01992094531150424,-3.069249602068229,-0.7672048307639892,0.0,0.0,300
MZI_null,MZI,MZI_null_06956,0.033306532221910795,-4.967426240241863,-2.04841371375213,0.0,0.0,300
MZI_null,MZI,MZI_null_06957,-0.1582778916946759,-2.1195362683423573,-2.7769966145620844,0.0,0.0,300
MZI_null,MZI,MZI_null_06958,0.11561747219718836,0.018180933270068866,-3.7682456906931088,0.0,0.0,300
MZI_null,MZI,MZI_null_06959,-0.00034610180977122276,-0.08445026225490859,-1.5259249604920864,0.0,0.0,300
MZI_null,MZI,MZI_null_06960,-0.10923262872083171,-5.277210584134387,1.5628026847350869,0.0,0.0,300
MZI_null,MZI,MZI_null_06961,0.13540697224274548,-2.623842796622146,1.298412753580032,0.0,0.0,300
MZI_null,MZI,MZI_null_06962,-0.4447815794828011,1.9826639521277087,-1.4708344158315363,0.0,0.0,300
MZI_null,MZI,MZI_null_06963,0.02126648411992338,-2.961553170997908,3.187122445602517,0.0,0.0,300
MZI_null,MZI,MZI_null_06964,-0.15910974359333005,2.4233809798205073,0.1888127628353331,0.0,0.0,300
MZI_null,MZI,MZI_null_06965,0.0933996323877237,-2.9876136899867483,-4.924657593689112,0.0,0.0,300
MZI_null,MZI,MZI_null_06966,0.13957661483041522,-1.0657749464320074,3.084870374926453,0.0,0.0,300
MZI_null,MZI,MZI_null_06967,-0.02906644803235472,-3.2576941366967445,3.1642647099209062,0.0,0.0,300
MZI_null,MZI,MZI_null_06968,0.2867841246746166,-1.97195847090281,-3.2582724905713185,0.0,0.0,300
MZI_null,MZI,MZI_null_06969,0.12157961441843235,-2.762061698512023,0.797788476202395,0.0,0.0,300
MZI_null,MZI,MZI_null_06970,-0.03889139615681301,2.69204205463544,-3.0984685151520988,0.0,0.0,300
MZI_null,MZI,MZI_null_06971,0.07207944937829401,-3.4661059106963714,-1.8445196842623073,0.0,0.0,300
MZI_null,MZI,MZI_null_06972,-0.0618083482140865,0.21582419828024602,1.755089344801613,0.0,0.0,300
MZI_null,MZI,MZI_null_06973,0.08366082433985565,-2.323950400235811,-0.5794599069952218,0.0,0.0,300
MZI_null,MZI,MZI_null_06974,0.1346582352689137,0.7879347616228158,-9.070826894060605,0.0,0.0,300
MZI_null,MZI,MZI_null_06975,-0.04083332576590437,-2.6727763743184565,1.007757692378486,0.0,0.0,300
MZI_null,MZI,MZI_null_06976,-0.010015622656611866,0.15755014284786162,-4.2359823130916565,0.0,0.0,300
MZI_null,MZI,MZI_null_06977,0.039008177319117016,0.7006169603514829,-5.423148607954444,0.0,0.0,300
MZI_null,MZI,MZI_null_06978,0.3770465202313354,1.572657798599558,-0.9959400926030744,0.0,0.0,300
MZI_null,MZI,MZI_null_06979,-0.12426121608581521,-2.5252554508211174,-0.7485929211659783,0.0,0.0,300
MZI_null,MZI,MZI_null_06980,0.06609938352180712,2.5019825483800924,-2.428295408328538,0.0,0.0,300
MZI_null,MZI,MZI_null_06981,0.08440647563588417,-5.877287487800339,-2.2408021429758023,0.0,0.0,300
MZI_null,MZI,MZI_null_06982,0.05650752718040378,0.07378747302641386,-3.2596974299938593,0.0,0.0,300
MZI_null,MZI,MZI_null_06983,-0.06611875440178709,2.381669906750637,2.485725858884135,0.0,0.0,300
MZI_null,MZI,MZI_null_06984,0.03126858255785495,-8.709935459662146,6.533397643070025,0.0,0.0,300
MZI_null,MZI,MZI_null_06985,-0.002989734248586755,-2.9377011740639807,-2.5670797775623444,0.0,0.0,300
MZI_null,MZI,MZI_null_06986,0.0564550555798663,-0.8402522324872108,1.8518836193795374,0.0,0.0,300
MZI_null,MZI,MZI_null_06987,-0.13890932465235195,-2.9374846344237833,5.091637169672607,0.0,0.0,300
MZI_null,MZI,MZI_null_06988,0.03368859498749877,-2.517573119980239,-3.824853296751105,0.0,0.0,300
MZI_null,MZI,MZI_null_06989,0.07589014587311274,1.093054651127332,1.6237629374294222,0.0,0.0,300
MZI_null,MZI,MZI_null_06990,-0.03882012954133751,-0.9162431499093913,4.0149783099458345,0.0,0.0,300
MZI_null,MZI,MZI_null_06991,0.16063234382572034,-4.352488226579959,-8.638015193864408,0.0,0.0,300
MZI_null,MZI,MZI_null_06992,0.04451587606263525,0.39570438024529864,-4.267673475619787,0.0,0.0,300
MZI_null,MZI,MZI_null_06993,-0.001318428318416655,-2.7910971976192362,-0.6871410333034036,0.0,0.0,300
MZI_null,MZI,MZI_null_06994,-0.08170444306795686,1.8715329928839801,-0.5560933581017121,0.0,0.0,300
MZI_null,MZI,MZI_null_06995,-0.1318525329247125,0.7523864607811608,-4.792562787975115,0.0,0.0,300
MZI_null,MZI,MZI_null_06996,0.1926741566302699,0.9731782726676914,3.1693258859623583,0.0,0.0,300
MZI_null,MZI,MZI_null_06997,-0.023736955866242374,-3.48834193935013,-0.7479347172007206,0.0,0.0,300
MZI_null,MZI,MZI_null_06998,-0.012665517953329703,-3.958208856690537,-2.6608699423769275,0.0,0.0,300
MZI_null,MZI,MZI_null_06999,-0.054955927089969624,-5.510011059319588,1.0338898687980032,0.0,0.0,300
MZI_null,MZI,MZI_null_07000,-0.00784457063565098,-2.9251354077009406,-4.331062482825033,0.0,0.0,300
MZI_null,MZI,MZI_null_07001,-0.17405594665011972,3.8077421521672363,-2.8817723885847086,0.0,0.0,300
MZI_null,MZI,MZI_null_07002,0.09157925913139899,-1.5120965902994687,-9.325565383324307,0.0,0.0,300
MZI_null,MZI,MZI_null_07003,0.26886762347078885,0.052251936328348236,-3.3030104629144263,0.0,0.0,300
MZI_null,MZI,MZI_null_07004,-0.004254975664439293,-5.447550102210998,4.478661435383401,0.0,0.0,300
MZI_null,MZI,MZI_null_07005,-0.13614865623621966,-3.5692519900839783,-3.188683234442774,0.0,0.0,300
MZI_null,MZI,MZI_null_07006,0.012056910031375531,2.1109495004179415,4.368123347285473,0.0,0.0,300
MZI_null,MZI,MZI_null_07007,-0.0598494216333445,-0.8652230530462328,-0.7542837621877803,0.0,0.0,300
MZI_null,MZI,MZI_null_07008,-0.1472413896666087,5.2676667237878325,3.088278686888767,0.0,0.0,300
MZI_null,MZI,MZI_null_07009,0.028367377456655185,2.7456282804969634,2.636320138153414,0.0,0.0,300
MZI_null,MZI,MZI_null_07010,0.012279201162263347,-1.0221091840160206,3.5363784271299625,0.0,0.0,300
MZI_null,MZI,MZI_null_07011,-0.14192303716945207,3.021072091964018,-1.6753376820553485,0.0,0.0,300
MZI_null,MZI,MZI_null_07012,0.22870151142713507,-2.01567979238846,0.012818667418915908,0.0,0.0,300
MZI_null,MZI,MZI_null_07013,-0.005146253485868851,-3.5955308684336824,-1.8101646944329361,0.0,0.0,300
MZI_null,MZI,MZI_null_07014,0.20686671047528504,-8.942491948017405,-4.716897834414511,0.0,0.0,300
MZI_null,MZI,MZI_null_07015,-0.10882075640371533,-5.235034377308064,3.529938831246467,0.0,0.0,300
MZI_null,MZI,MZI_null_07016,0.18865154667798062,-0.22390457181615342,-2.9134122024326055,0.0,0.0,300
MZI_null,MZI,MZI_null_07017,0.2002577800191205,-6.764389777986633,5.425947920443808,0.0,0.0,300
MZI_null,MZI,MZI_null_07018,-0.10269446957663261,-2.786105665524315,-2.2880315514841425,0.0,0.0,300
MZI_null,MZI,MZI_null_07019,-0.16096611211480152,3.775339371810758,1.3666838923534605,0.0,0.0,300
MZI_null,MZI,MZI_null_07020,0.1823205813119681,-5.671007816182312,-0.4571865189880018,0.0,0.0,300
MZI_null,MZI,MZI_null_07021,0.07815430339971055,-1.18773042935047,-4.481120353204,0.0,0.0,300
MZI_null,MZI,MZI_null_07022,0.16132500316959555,-1.635349751644537,-3.864892106929009,0.0,0.0,300
MZI_null,MZI,MZI_null_07023,-0.2782875809328995,-0.18000045953036015,6.351367202394503,0.0,0.0,300
MZI_null,MZI,MZI_null_07024,-0.1522881410019422,-1.488658848761102,2.33149183727473,0.0,0.0,300
MZI_null,MZI,MZI_null_07025,-0.19044783991519518,-3.439870307255074,-3.580476337784206,0.0,0.0,300
MZI_null,MZI,MZI_null_07026,0.14770150422368192,1.976567708062178,-0.522891205804795,0.0,0.0,300
MZI_null,MZI,MZI_null_07027,-0.12626011034911513,-3.328372813783543,-2.8914955427402598,0.0,0.0,300
MZI_null,MZI,MZI_null_07028,-0.146590329243451,-2.306114602455394,0.7244794533855865,0.0,0.0,300
MZI_null,MZI,MZI_null_07029,0.0735386166642779,-2.0246970937085322,-0.8288384895239085,0.0,0.0,300
MZI_null,MZI,MZI_null_07030,-0.012232619263466816,-5.89163461749882,-0.5195953090513824,0.0,0.0,300
MZI_null,MZI,MZI_null_07031,-0.08754383781819747,-6.042029657478313,0.11211670134675122,0.0,0.0,300
MZI_null,MZI,MZI_null_07032,-0.09175950546278173,-1.3167382362234927,1.5429134452082818,0.0,0.0,300
MZI_null,MZI,MZI_null_07033,-0.14253580817178477,-1.7236361537810856,-6.431268645191084,0.0,0.0,300
MZI_null,MZI,MZI_null_07034,0.22987996359139143,-6.077199490666346,-2.544458987192124,0.0,0.0,300
MZI_null,MZI,MZI_null_07035,0.20075698556459357,-2.703568778242958,-4.5921930589009,0.0,0.0,300
MZI_null,MZI,MZI_null_07036,0.10696098484298029,0.07159738645355462,-2.8995590180957,0.0,0.0,300
MZI_null,MZI,MZI_null_07037,-0.07873897811705986,-3.306226911854259,-1.6210718820580938,0.0,0.0,300
MZI_null,MZI,MZI_null_07038,-0.283945661538271,-2.5442715833542984,4.351742594549446,0.0,0.0,300
MZI_null,MZI,MZI_null_07039,-0.13439549508550563,-3.7504807804092914,-4.550852989589188,0.0,0.0,300
MZI_null,MZI,MZI_null_07040,0.09182428895930307,1.6095920744271295,2.5409535175328752,0.0,0.0,300
MZI_null,MZI,MZI_null_07041,-0.187201588334049,-0.5006248085091201,3.3012501026427072,0.0,0.0,300
MZI_null,MZI,MZI_null_07042,0.07644946615651847,-0.5647709499686702,-2.4149277359054757,0.0,0.0,300
MZI_null,MZI,MZI_null_07043,0.03301647356904954,1.7089545391192162,-0.015373094713708069,0.0,0.0,300
MZI_null,MZI,MZI_null_07044,-0.18724121340445896,-3.3681250228579143,2.627838616666981,0.0,0.0,300
MZI_null,MZI,MZI_null_07045,0.04871149805266429,-1.642813765270771,-2.6620465997401004,0.0,0.0,300
MZI_null,MZI,MZI_null_07046,0.17828987708016522,2.987237793466771,2.789567369054099,0.0,0.0,300
MZI_null,MZI,MZI_null_07047,0.2163887432168059,-3.0761187222985,-2.5005072921217115,0.0,0.0,300
MZI_null,MZI,MZI_null_07048,-0.023451776024877892,-1.884280274071239,3.293059340375766,0.0,0.0,300
MZI_null,MZI,MZI_null_07049,0.1748830109202625,-0.384591838236517,-5.293560297540662,0.0,0.0,300
MZI_null,MZI,MZI_null_07050,-0.2532032766895313,-1.2786117655948903,1.64078961680215,0.0,0.0,300
MZI_null,MZI,MZI_null_07051,-0.011935057347920625,3.7447135149352153,-4.247323131341307,0.0,0.0,300
MZI_null,MZI,MZI_null_07052,-0.18125279242433984,-3.9928429234229625,-3.106891639573707,0.0,0.0,300
MZI_null,MZI,MZI_null_07053,0.0789428803022969,-3.2651355555305086,-5.643521383835985,0.0,0.0,300
MZI_null,MZI,MZI_null_07054,0.13373676850426752,-7.279855778216389,-4.2136546690321275,0.0,0.0,300
MZI_null,MZI,MZI_null_07055,-0.2434059856115803,-1.3786361687873794,-0.441856863546364,0.0,0.0,300
MZI_null,MZI,MZI_null_07056,0.287468148152453,0.7414799684366504,3.3249385500266015,0.0,0.0,300
MZI_null,MZI,MZI_null_07057,0.043291447694773964,-4.930795463271691,-0.6156771940195112,0.0,0.0,300
MZI_null,MZI,MZI_null_07058,0.088863151108096,0.1114221467547245,-2.417236432325027,0.0,0.0,300
MZI_null,MZI,MZI_null_07059,0.07331797106735986,-4.799083912523794,-4.1298327823321515,0.0,0.0,300
MZI_null,MZI,MZI_null_07060,-0.16736770670782272,-1.9261220343296088,-4.533509065228911,0.0,0.0,300
MZI_null,MZI,MZI_null_07061,-0.06371165848065116,0.7087496542418741,-4.087389034234915,0.0,0.0,300
MZI_null,MZI,MZI_null_07062,-0.07564680502564752,-1.7851061696714914,-0.2593392954032001,0.0,0.0,300
MZI_null,MZI,MZI_null_07063,-0.07489358862083415,0.36058020620547104,0.7713569023541735,0.0,0.0,300
MZI_null,MZI,MZI_null_07064,0.17097849065425544,-2.24480577304118,-2.53845642836903,0.0,0.0,300
MZI_null,MZI,MZI_null_07065,-0.1023948033018183,-1.0789174462119115,-2.1314673484338185,0.0,0.0,300
MZI_null,MZI,MZI_null_07066,-0.08537546665211838,-3.3448617927359665,-3.051071455372756,0.0,0.0,300
MZI_null,MZI,MZI_null_07067,0.02985316691440981,-6.237749547632182,-0.09095112257511162,0.0,0.0,300
MZI_null,MZI,MZI_null_07068,0.10148231406044256,-3.7426374145318935,4.766110818819641,0.0,0.0,300
MZI_null,MZI,MZI_null_07069,0.002643196646527997,-6.684028949299666,-1.8437287190100116,0.0,0.0,300
MZI_null,MZI,MZI_null_07070,0.009398421740369502,-0.6530973332893584,-1.7722915723325399,0.0,0.0,300
MZI_null,MZI,MZI_null_07071,-0.15173554135565862,-5.284941854336848,-2.960797855545014,0.0,0.0,300
MZI_null,MZI,MZI_null_07072,-0.08366630437781443,-5.404922494697772,-3.1984394833110974,0.0,0.0,300
MZI_null,MZI,MZI_null_07073,0.09891877866590323,2.9452378230834597,1.2663851416128895,0.0,0.0,300
MZI_null,MZI,MZI_null_07074,0.19587916292802185,0.9223554047010945,1.499390985195033,0.0,0.0,300
MZI_null,MZI,MZI_null_07075,-0.05066943945859925,-1.5772673648391584,-2.261858027368065,0.0,0.0,300
MZI_null,MZI,MZI_null_07076,-0.03286607435004405,-1.7954986988402417,1.1406984547370804,0.0,0.0,300
MZI_null,MZI,MZI_null_07077,0.06349850722726856,-2.485487789043069,-0.8333837773250012,0.0,0.0,300
MZI_null,MZI,MZI_null_07078,0.06501955112902898,0.0021833141735050354,-5.556985489771607,0.0,0.0,300
MZI_null,MZI,MZI_null_07079,-0.16160834458484052,1.3219316018180267,-1.1826087097931741,0.0,0.0,300
MZI_null,MZI,MZI_null_07080,-0.06361148900504683,-2.7904984187781166,-1.7911159167296618,0.0,0.0,300
MZI_null,MZI,MZI_null_07081,0.08369066722865605,-5.324049181942301,-0.9256667605097164,0.0,0.0,300
MZI_null,MZI,MZI_null_07082,0.03691765941756064,-0.8111962503034906,-0.3314080113691208,0.0,0.0,300
MZI_null,MZI,MZI_null_07083,0.07738593454710424,-3.7180884531749383,-3.8254081969748666,0.0,0.0,300
MZI_null,MZI,MZI_null_07084,0.368550666487577,-2.9037940537227094,-1.553363411963704,0.0,0.0,300
MZI_null,MZI,MZI_null_07085,0.10167601465768267,2.788267876582723,-2.6335843508040875,0.0,0.0,300
MZI_null,MZI,MZI_null_07086,-0.14982229022842883,-5.726460052374831,3.779318664508777,0.0,0.0,300
MZI_null,MZI,MZI_null_07087,-0.1557160479691551,-2.0826678095467,-3.9318544961289073,0.0,0.0,300
MZI_null,MZI,MZI_null_07088,-0.21725338769374558,-2.877126059281058,-3.813359999023481,0.0,0.0,300
MZI_null,MZI,MZI_null_07089,-0.10374426381349693,4.018315292252211,0.2746883125172086,0.0,0.0,300
MZI_null,MZI,MZI_null_07090,0.13972042793309833,0.4739786885477586,-1.3025827692370744,0.0,0.0,300
MZI_null,MZI,MZI_null_07091,-0.06595775390664357,-1.25319616441665,-0.494647690202517,0.0,0.0,300
MZI_null,MZI,MZI_null_07092,-0.0853208125747962,-1.6104565085994182,-3.118989120088876,0.0,0.0,300
MZI_null,MZI,MZI_null_07093,-0.02571868959612596,-3.005850423552011,-4.806617777817337,0.0,0.0,300
MZI_null,MZI,MZI_null_07094,-0.3526737319668255,-4.817189749819097,4.412313993758903,0.0,0.0,300
MZI_null,MZI,MZI_null_07095,-0.046452267305509186,0.3279044826892128,-7.373335429280075,0.0,0.0,300
MZI_null,MZI,MZI_null_07096,-0.15124291019464917,-6.063468852087051,-1.6069000302613445,0.0,0.0,300
MZI_null,MZI,MZI_null_07097,0.3632933220802865,-0.6192831703162462,4.08683759983426,0.0,0.0,300
MZI_null,MZI,MZI_null_07098,-0.038165509152849525,2.0946081215652157,5.219770120048672,0.0,0.0,300
MZI_null,MZI,MZI_null_07099,-0.016405359961568736,-3.6177941336820947,-4.953432810970458,0.0,0.0,300
MZI_null,MZI,MZI_null_07100,-0.04635903878654544,-1.7543099743976265,5.092860852047447,0.0,0.0,300
MZI_null,MZI,MZI_null_07101,-0.19424609611441296,-1.8210143189090655,-6.442924364168851,0.0,0.0,300
MZI_null,MZI,MZI_null_07102,-0.0640144243257852,-1.0658139277639438,0.5377494580656741,0.0,0.0,300
MZI_null,MZI,MZI_null_07103,0.08835346194628826,-0.8077879013394638,0.741265820288723,0.0,0.0,300
MZI_null,MZI,MZI_null_07104,0.006860869350399502,-5.143598917966915,-6.554970891040169,0.0,0.0,300
MZI_null,MZI,MZI_null_07105,-0.08200317326058253,-2.403846299189689,2.7617953915264413,0.0,0.0,300
MZI_null,MZI,MZI_null_07106,-0.015090251273428047,-2.5897071026500775,0.15658138052533888,0.0,0.0,300
MZI_null,MZI,MZI_null_07107,-0.04050179811768031,0.43162599684081515,4.938000855151635,0.0,0.0,300
MZI_null,MZI,MZI_null_07108,0.3286178271316051,-1.7088781182665325,0.010677094086344319,0.0,0.0,300
MZI_null,MZI,MZI_null_07109,0.2368284180560225,-2.449886068688813,1.0375764257725373,0.0,0.0,300
MZI_null,MZI,MZI_null_07110,-0.17027401945287376,-2.932517444824994,2.4683438499359216,0.0,0.0,300
MZI_null,MZI,MZI_null_07111,-0.1077293450681435,-2.384153536189033,-5.722628936806359,0.0,0.0,300
MZI_null,MZI,MZI_null_07112,0.3008652441764455,1.7890842094507096,-0.4357013015417551,0.0,0.0,300
MZI_null,MZI,MZI_null_07113,0.07612693081234921,-0.8123056791698946,3.1529352590923576,0.0,0.0,300
MZI_null,MZI,MZI_null_07114,-0.07782000635570586,0.1968028597846958,2.23224949655652,0.0,0.0,300
MZI_null,MZI,MZI_null_07115,0.18229889557146853,-8.778112651495093,-2.7978234347954336,0.0,0.0,300
MZI_null,MZI,MZI_null_07116,-0.1528755931952856,-1.5512351432879425,-7.048090658542817,0.0,0.0,300
MZI_null,MZI,MZI_null_07117,-0.3068434336418404,4.51028497562878,0.8530681647900211,0.0,0.0,300
MZI_null,MZI,MZI_null_07118,0.018151386479821743,-0.9089820564830535,-0.5609772287524604,0.0,0.0,300
MZI_null,MZI,MZI_null_07119,0.1496025984827289,-3.8973325761919364,-0.4401555217792922,0.0,0.0,300
MZI_null,MZI,MZI_null_07120,0.03411319019065731,-5.140573875375013,2.830949177189157,0.0,0.0,300
MZI_null,MZI,MZI_null_07121,-0.06685151098521142,1.0522650094267028,-0.6552618208855596,0.0,0.0,300
MZI_null,MZI,MZI_null_07122,0.2450377248613587,-5.124137265564572,-4.25427640453135,0.0,0.0,300
MZI_null,MZI,MZI_null_07123,-0.13585433865064628,-1.6001133484568777,3.6244051873346157,0.0,0.0,300
MZI_null,MZI,MZI_null_07124,0.23896404272478755,-8.92990580131532,-0.25087851633238367,0.0,0.0,300
MZI_null,MZI,MZI_null_07125,-0.4819430415772534,0.3850953813551041,2.354508244685621,0.0,0.0,300
MZI_null,MZI,MZI_null_07126,-0.006036641203827841,-1.7480552675157361,-0.7790833211792809,0.0,0.0,300
MZI_null,MZI,MZI_null_07127,-0.11766628781118696,-0.7048826440355596,-1.6942240049597717,0.0,0.0,300
MZI_null,MZI,MZI_null_07128,0.13954375639344277,-2.340880803557689,-3.5830693194647765,0.0,0.0,300
MZI_null,MZI,MZI_null_07129,-0.23037970062982654,-7.592194475167137,2.937528031863306,0.0,0.0,300
MZI_null,MZI,MZI_null_07130,-0.06866840292885289,-0.9842774297550538,4.349689675233557,0.0,0.0,300
MZI_null,MZI,MZI_null_07131,-0.0844206496946837,-3.882432453143461,-1.3964852570659718,0.0,0.0,300
MZI_null,MZI,MZI_null_07132,0.004414905062998922,3.6626540507675394,3.69746178228234,0.0,0.0,300
MZI_null,MZI,MZI_null_07133,0.09313131238601208,2.3482413069906043,-1.534657037703568,0.0,0.0,300
MZI_null,MZI,MZI_null_07134,0.04487468507827178,-2.904540933616085,-4.871105147738918,0.0,0.0,300
MZI_null,MZI,MZI_null_07135,0.18058121126903925,-0.404903798030418,-0.9457795797290085,0.0,0.0,300
MZI_null,MZI,MZI_null_07136,-0.00037017739682630556,-6.518644612719525,-3.9324259994581463,0.0,0.0,300
MZI_null,MZI,MZI_null_07137,0.05042297551710372,-3.5873380018235173,-1.6531391236524704,0.0,0.0,300
MZI_null,MZI,MZI_null_07138,-0.015698409716865244,-4.047406307051332,-3.9037549600721513,0.0,0.0,300
MZI_null,MZI,MZI_null_07139,-0.24185364463880601,-2.4395548370346214,0.8558256428308508,0.0,0.0,300
MZI_null,MZI,MZI_null_07140,-0.24654512133299253,-2.072143475299479,-0.1565702419253181,0.0,0.0,300
MZI_null,MZI,MZI_null_07141,-0.1484370605593717,2.2664254346442645,-2.157146107115224,0.0,0.0,300
MZI_null,MZI,MZI_null_07142,-0.015188953268476663,-2.4838085017939364,-6.312323267773168,0.0,0.0,300
MZI_null,MZI,MZI_null_07143,0.15131281075260658,-4.8665563052577125,-1.7095615462172091,0.0,0.0,300
MZI_null,MZI,MZI_null_07144,0.08964915019169932,2.382710278433602,-4.239796845690518,0.0,0.0,300
MZI_null,MZI,MZI_null_07145,-0.06697253783916407,2.1472558900214604,0.3911416378263408,0.0,0.0,300
MZI_null,MZI,MZI_null_07146,0.10067570385774126,-5.153395207328503,-2.1376285897796743,0.0,0.0,300
MZI_null,MZI,MZI_null_07147,-0.02517531485706461,-4.573684272028922,-6.023708877021721,0.0,0.0,300
MZI_null,MZI,MZI_null_07148,-0.07657478381453937,2.06286459875329,-0.8224796033185118,0.0,0.0,300
MZI_null,MZI,MZI_null_07149,0.20614363703600644,-1.4629372573114412,-3.2941231887638875,0.0,0.0,300
MZI_null,MZI,MZI_null_07150,0.19164285198475825,-1.363021577996303,1.8855164972821918,0.0,0.0,300
MZI_null,MZI,MZI_null_07151,-0.16024922566808572,1.1162688688435098,2.2066678266325956,0.0,0.0,300
MZI_null,MZI,MZI_null_07152,0.043465071653480326,-4.420766257429348,-1.1380264861378357,0.0,0.0,300
MZI_null,MZI,MZI_null_07153,0.09169367208573663,-1.2962899401903991,0.8032482143232924,0.0,0.0,300
MZI_null,MZI,MZI_null_07154,0.15183688614793575,-3.945339960115764,-4.465226862880417,0.0,0.0,300
MZI_null,MZI,MZI_null_07155,-0.005630820205836278,-2.9892294766096033,1.3575392394684505,0.0,0.0,300
MZI_null,MZI,MZI_null_07156,-0.1611747584488212,1.0611456225330387,3.0608363286402973,0.0,0.0,300
MZI_null,MZI,MZI_null_07157,4.5744639343470636e-05,-1.8177916232560867,-3.302639503690459,0.0,0.0,300
MZI_null,MZI,MZI_null_07158,-0.08139913484610996,-3.2250100419370513,3.328820203513793,0.0,0.0,300
MZI_null,MZI,MZI_null_07159,-0.010780617871616096,-5.966518869920026,-0.23393697366398924,0.0,0.0,300
MZI_null,MZI,MZI_null_07160,0.1239435186933414,-2.0762341079647846,3.4076403191809685,0.0,0.0,300
MZI_null,MZI,MZI_null_07161,0.11662630008988469,-5.14738618966356,-2.6542984371892064,0.0,0.0,300
MZI_null,MZI,MZI_null_07162,0.03393394221369133,-6.9985677140798215,0.009070212411843581,0.0,0.0,300
MZI_null,MZI,MZI_null_07163,-0.26423736408819726,1.0703003666935293,1.7218210543751251,0.0,0.0,300
MZI_null,MZI,MZI_null_07164,0.07571720413726063,-4.027635093056935,-0.4893915261593832,0.0,0.0,300
MZI_null,MZI,MZI_null_07165,-0.07700662312719736,-5.092445832350199,-2.0162290353142325,0.0,0.0,300
MZI_null,MZI,MZI_null_07166,0.10473983047381433,-1.8685574215047172,3.35212977240327,0.0,0.0,300
MZI_null,MZI,MZI_null_07167,0.1148670809220412,-0.02392755828314419,-5.826779648336812,0.0,0.0,300
MZI_null,MZI,MZI_null_07168,-0.042773779523291755,-5.193117231302599,-1.5490086388717124,0.0,0.0,300
MZI_null,MZI,MZI_null_07169,-0.10399141858847352,-3.1328148591738163,2.1834881971215516,0.0,0.0,300
MZI_null,MZI,MZI_null_07170,0.07128748935087509,1.021343286944905,-5.802049327047957,0.0,0.0,300
MZI_null,MZI,MZI_null_07171,0.008696204492349535,0.9001149441898026,3.518887744661467,0.0,0.0,300
MZI_null,MZI,MZI_null_07172,-0.23221325845387394,-3.05445090848351,2.1026800220142885,0.0,0.0,300
MZI_null,MZI,MZI_null_07173,-0.028841746921716798,-4.731253022509171,-5.649997535488023,0.0,0.0,300
MZI_null,MZI,MZI_null_07174,-0.14230523019947502,-7.066705005691187,-0.8246186294979229,0.0,0.0,300
MZI_null,MZI,MZI_null_07175,0.13444652786679898,-5.7829242767258116,-0.22681077636684188,0.0,0.0,300
MZI_null,MZI,MZI_null_07176,0.12679065441688003,-2.0081249805450487,-5.8320828847517365,0.0,0.0,300
MZI_null,MZI,MZI_null_07177,0.05793173319937547,-2.163940834293411,-1.4695139458025666,0.0,0.0,300
MZI_null,MZI,MZI_null_07178,-0.08202558686406972,-1.7396377211778762,0.52945372534088,0.0,0.0,300
MZI_null,MZI,MZI_null_07179,0.3585972201503773,-1.6630037948383856,3.533423480038019,0.0,0.0,300
MZI_null,MZI,MZI_null_07180,0.053663262514031494,-2.29858498294326,-0.5543574168661226,0.0,0.0,300
MZI_null,MZI,MZI_null_07181,-0.1832604554538764,-1.082419187743887,-6.976195194464117,0.0,0.0,300
MZI_null,MZI,MZI_null_07182,-0.12939995368327978,-1.670470720598568,2.581946819536533,0.0,0.0,300
MZI_null,MZI,MZI_null_07183,0.2145936595497591,-2.7096397389228044,-0.5328480414086774,0.0,0.0,300
MZI_null,MZI,MZI_null_07184,0.14765437043730417,-5.988480716578756,0.21424251594651067,0.0,0.0,300
MZI_null,MZI,MZI_null_07185,-0.12418393010487135,-2.515475134030156,-2.377069751482946,0.0,0.0,300
MZI_null,MZI,MZI_null_07186,0.06530371905722211,-0.34908897797272953,1.6732360321921917,0.0,0.0,300
MZI_null,MZI,MZI_null_07187,0.05222982426966725,-1.4850386900933106,4.562071401315805,0.0,0.0,300
MZI_null,MZI,MZI_null_07188,-0.22865386052957656,3.086829580387718,-1.8694657266051906,0.0,0.0,300
MZI_null,MZI,MZI_null_07189,0.08563373795524577,-2.9769790417808033,-3.107624888654878,0.0,0.0,300
MZI_null,MZI,MZI_null_07190,0.07268657891913427,1.1263849258433298,0.4190238649022153,0.0,0.0,300
MZI_null,MZI,MZI_null_07191,-0.08131736800243235,8.834050188447009,2.595721012598757,0.0,0.0,300
MZI_null,MZI,MZI_null_07192,0.1400013456310879,-3.0588926922266126,-2.875497364867118,0.0,0.0,300
MZI_null,MZI,MZI_null_07193,-0.041975861376440896,1.2442196331774493,-3.971813011227484,0.0,0.0,300
MZI_null,MZI,MZI_null_07194,-0.16023057471814753,-0.3813573999169457,-0.04241066607363897,0.0,0.0,300
MZI_null,MZI,MZI_null_07195,-0.11554703068363437,-5.273610735245674,3.313690980105296,0.0,0.0,300
MZI_null,MZI,MZI_null_07196,0.05355066379493429,-6.090607591184098,-4.880876608246882,0.0,0.0,300
MZI_null,MZI,MZI_null_07197,-0.05422679586757039,0.19852542099289927,0.7850264063248398,0.0,0.0,300
MZI_null,MZI,MZI_null_07198,0.16975178055018264,-6.471049422382393,-0.32845993066102985,0.0,0.0,300
MZI_null,MZI,MZI_null_07199,0.21388654984820413,1.9984051914282963,0.07672994423805757,0.0,0.0,300
MZI_null,MZI,MZI_null_07200,0.3522027762980814,-0.1721446507524209,2.128239898524029,0.0,0.0,300
MZI_null,MZI,MZI_null_07201,0.006667187816326008,-4.342925878532862,-3.6256276023362384,0.0,0.0,300
MZI_null,MZI,MZI_null_07202,0.02724228221916302,-2.6345060205506208,-6.305757009740444,0.0,0.0,300
MZI_null,MZI,MZI_null_07203,-0.15386903773886115,-2.955210722162279,1.1818381278114782,0.0,0.0,300
MZI_null,MZI,MZI_null_07204,-0.002411082924311187,-2.2161926315015417,-3.9607378810099485,0.0,0.0,300
MZI_null,MZI,MZI_null_07205,0.0034749120093148242,1.9573030823379636,-0.5332746617243289,0.0,0.0,300
MZI_null,MZI,MZI_null_07206,-0.22609703722227928,-5.754568382913593,0.7663666316694591,0.0,0.0,300
MZI_null,MZI,MZI_null_07207,-0.03364732128339295,-2.223740690310543,-2.838202525044271,0.0,0.0,300
MZI_null,MZI,MZI_null_07208,0.07551183182998687,-2.9027531397360478,-1.559839665185814,0.0,0.0,300
MZI_null,MZI,MZI_null_07209,-0.12768350874946893,0.7650738944283093,-1.6633983748492644,0.0,0.0,300
MZI_null,MZI,MZI_null_07210,0.09118204996796397,-5.580774692102054,4.201649415135824,0.0,0.0,300
MZI_null,MZI,MZI_null_07211,0.19160610577698337,-7.72939300897678,-3.405812425191145,0.0,0.0,300
MZI_null,MZI,MZI_null_07212,0.07164515865148273,-5.959185968447012,-1.3947822464899775,0.0,0.0,300
MZI_null,MZI,MZI_null_07213,0.06399476789651953,-2.5541777359384503,0.6165161106112889,0.0,0.0,300
MZI_null,MZI,MZI_null_07214,-0.10399948569028224,-8.732544626504367,1.9463459364951823,0.0,0.0,300
MZI_null,MZI,MZI_null_07215,0.14637219804037954,5.510909926864997,-7.621559553802944,0.0,0.0,300
MZI_null,MZI,MZI_null_07216,0.11262481640202232,-7.906046414250161,4.269479845025957,0.0,0.0,300
MZI_null,MZI,MZI_null_07217,0.07318002505440142,-4.855786543028759,1.340667423804307,0.0,0.0,300
MZI_null,MZI,MZI_null_07218,-0.08295675115754038,-1.098751701346193,-0.382117851372748,0.0,0.0,300
MZI_null,MZI,MZI_null_07219,0.2616252204220942,3.4447777302595375,-2.7917961198205177,0.0,0.0,300
MZI_null,MZI,MZI_null_07220,0.15871584269940542,-0.9354795332891075,-5.238046201020735,0.0,0.0,300
MZI_null,MZI,MZI_null_07221,-0.104434257055827,5.008438298798872,0.07356320331396526,0.0,0.0,300
MZI_null,MZI,MZI_null_07222,0.14996693692762836,-2.6361329371009727,-2.6198257441580255,0.0,0.0,300
MZI_null,MZI,MZI_null_07223,0.0040896761451712,-2.7983121657386514,-5.479758793094795,0.0,0.0,300
MZI_null,MZI,MZI_null_07224,-0.15049881861810477,0.12365354323669253,-2.1420720673072324,0.0,0.0,300
MZI_null,MZI,MZI_null_07225,0.0038557323041860676,-1.2952308485083681,-0.06084985354384065,0.0,0.0,300
MZI_null,MZI,MZI_null_07226,0.17198685919730558,-5.296087445205596,0.7107581706308737,0.0,0.0,300
MZI_null,MZI,MZI_null_07227,0.11325416902794716,0.9575553370045169,-5.238752798244617,0.0,0.0,300
MZI_null,MZI,MZI_null_07228,0.03822288275204972,3.1482278391955525,-1.2973615574698696,0.0,0.0,300
MZI_null,MZI,MZI_null_07229,0.0725242052946437,0.3411867837555542,-4.076409533194781,0.0,0.0,300
MZI_null,MZI,MZI_null_07230,0.27507370934999614,-0.5014976090932888,0.5585084425802784,0.0,0.0,300
MZI_null,MZI,MZI_null_07231,-0.24930410670158024,0.3836343946399392,0.5192310241374121,0.0,0.0,300
MZI_null,MZI,MZI_null_07232,0.2436286991583096,-2.9337956429130605,-3.962974988795325,0.0,0.0,300
MZI_null,MZI,MZI_null_07233,-0.10233584921614997,-3.5149347050218966,-4.356539554394121,0.0,0.0,300
MZI_null,MZI,MZI_null_07234,0.19352400356489896,1.983093588795,-1.5873751034201655,0.0,0.0,300
MZI_null,MZI,MZI_null_07235,-0.058913988312629104,-7.4464457399579365,1.087883765910814,0.0,0.0,300
MZI_null,MZI,MZI_null_07236,0.24801601632387643,-3.9115841517786696,-1.3503535773291944,0.0,0.0,300
MZI_null,MZI,MZI_null_07237,0.06514371919735963,3.1732550818297174,-0.40067133449471626,0.0,0.0,300
MZI_null,MZI,MZI_null_07238,0.029314487403977792,-1.4620444965205905,-5.27509752071102,0.0,0.0,300
MZI_null,MZI,MZI_null_07239,-0.2170185980744797,-4.423985507344618,2.0386717221121176,0.0,0.0,300
MZI_null,MZI,MZI_null_07240,-0.050303560581898964,-3.588812146406878,-2.641523812431303,0.0,0.0,300
MZI_null,MZI,MZI_null_07241,-0.020648531770901594,3.106323802304921,-1.4535921570913646,0.0,0.0,300
MZI_null,MZI,MZI_null_07242,-0.11794461080622873,-1.9242631127551013,4.265250817284611,0.0,0.0,300
MZI_null,MZI,MZI_null_07243,-0.07542370784034237,-5.543015025292835,-2.5029738091912512,0.0,0.0,300
MZI_null,MZI,MZI_null_07244,0.01931456045226494,0.06472285247601972,2.0206507360467376,0.0,0.0,300
MZI_null,MZI,MZI_null_07245,-0.15685759109434924,-4.852536003377209,-1.96978677816247,0.0,0.0,300
MZI_null,MZI,MZI_null_07246,0.10267395370453442,-5.7800236929567665,-2.8219807312530913,0.0,0.0,300
MZI_null,MZI,MZI_null_07247,-0.0889115594117922,0.8252465660931119,0.5847822819933124,0.0,0.0,300
MZI_null,MZI,MZI_null_07248,0.135557754157488,2.0160339226991635,-1.9169502852672415,0.0,0.0,300
MZI_null,MZI,MZI_null_07249,-0.17811092322805228,-5.54289085354106,-6.51432269517652,0.0,0.0,300
MZI_null,MZI,MZI_null_07250,-0.06881502444992892,-3.152667844495215,1.362660220415143,0.0,0.0,300
MZI_null,MZI,MZI_null_07251,0.002537132576490596,-3.4709853330278184,-1.3479961784817576,0.0,0.0,300
MZI_null,MZI,MZI_null_07252,-0.1558460225572146,1.0762197122538604,-3.3577466884285254,0.0,0.0,300
MZI_null,MZI,MZI_null_07253,-0.17098969079038434,0.45364590012241024,0.7224926250915544,0.0,0.0,300
MZI_null,MZI,MZI_null_07254,-0.25855280678385173,0.5650049041306673,-3.2247779172821693,0.0,0.0,300
MZI_null,MZI,MZI_null_07255,-0.056115679134587974,-1.4389396769181877,0.759874647850465,0.0,0.0,300
MZI_null,MZI,MZI_null_07256,0.06682187620312897,-2.1494549927180073,-2.2739299867477323,0.0,0.0,300
MZI_null,MZI,MZI_null_07257,0.06183310403481709,-2.3551635120326844,4.416063377377772,0.0,0.0,300
MZI_null,MZI,MZI_null_07258,0.08796135149548527,-4.770246874971065,-2.4327998541209537,0.0,0.0,300
MZI_null,MZI,MZI_null_07259,0.007228826588974428,1.8982936452113641,3.2333150273364053,0.0,0.0,300
MZI_null,MZI,MZI_null_07260,-0.05942020805483465,-4.800902649768329,-4.184492923618562,0.0,0.0,300
MZI_null,MZI,MZI_null_07261,0.03786431358236702,4.91135292765248,0.6172823127653069,0.0,0.0,300
MZI_null,MZI,MZI_null_07262,-0.2390868790026011,-4.178012309738004,-2.871742605534739,0.0,0.0,300
MZI_null,MZI,MZI_null_07263,-0.1233003780172362,-3.1636814748026607,0.10818458305982559,0.0,0.0,300
MZI_null,MZI,MZI_null_07264,0.10229717539839699,1.2752904727499317,0.5726077191415333,0.0,0.0,300
MZI_null,MZI,MZI_null_07265,-0.29312253604932614,-5.17191376259394,-1.4742821105775736,0.0,0.0,300
MZI_null,MZI,MZI_null_07266,0.022091978365121844,0.5842550796287709,-0.8704474713496819,0.0,0.0,300
MZI_null,MZI,MZI_null_07267,0.0076060880795511526,-1.286607910582822,-1.7650652163436056,0.0,0.0,300
MZI_null,MZI,MZI_null_07268,0.013032770981671738,1.377496537035252,-1.251732696352009,0.0,0.0,300
MZI_null,MZI,MZI_null_07269,-0.0045319090176425,-2.1007562143015686,2.893321441373506,0.0,0.0,300
MZI_null,MZI,MZI_null_07270,-0.16620799902441635,3.327540684373586,-4.529145563546539,0.0,0.0,300
MZI_null,MZI,MZI_null_07271,-0.09813303919916384,0.23421480914595927,2.0909500864210138,0.0,0.0,300
MZI_null,MZI,MZI_null_07272,-0.21052485254977318,-5.278105589741258,-0.16647157158445658,0.0,0.0,300
MZI_null,MZI,MZI_null_07273,0.3516629081645694,1.7387883429960418,-1.744291148895431,0.0,0.0,300
MZI_null,MZI,MZI_null_07274,-0.3628693707113634,-1.7550717967365224,0.0868904109396611,0.0,0.0,300
MZI_null,MZI,MZI_null_07275,-0.05740427116242053,-4.552171971639787,-0.5225042190358352,0.0,0.0,300
MZI_null,MZI,MZI_null_07276,-0.1413391790840941,3.617345982426172,3.5502343926014515,0.0,0.0,300
MZI_null,MZI,MZI_null_07277,0.09868689473891415,-1.7308682926420507,-2.9804922598406796,0.0,0.0,300
MZI_null,MZI,MZI_null_07278,-0.0031180775836351805,2.9178914056218286,1.6059621753098847,0.0,0.0,300
MZI_null,MZI,MZI_null_07279,0.03055384177146892,0.7719230025027861,0.6368319901424846,0.0,0.0,300
MZI_null,MZI,MZI_null_07280,0.05944163098303077,0.9416897769746067,0.5510829344742731,0.0,0.0,300
MZI_null,MZI,MZI_null_07281,0.12878272051550677,-1.5158388510964729,-1.7623774695703105,0.0,0.0,300
MZI_null,MZI,MZI_null_07282,-0.08222443184102232,-4.001928816412876,-5.8155113273245975,0.0,0.0,300
MZI_null,MZI,MZI_null_07283,-0.13679099202174966,-4.822560588746543,-2.522035587952108,0.0,0.0,300
MZI_null,MZI,MZI_null_07284,0.23433663159574367,-2.472685866661332,-0.2746993303470703,0.0,0.0,300
MZI_null,MZI,MZI_null_07285,0.04099794667678906,2.7627427385271,-2.7267563615358745,0.0,0.0,300
MZI_null,MZI,MZI_null_07286,-0.033378312038709244,-2.3185981153225503,2.4096045673243043,0.0,0.0,300
MZI_null,MZI,MZI_null_07287,0.20161585406316823,-0.5762485409181666,2.6987281221856394,0.0,0.0,300
MZI_null,MZI,MZI_null_07288,0.026649149470348393,-2.5178097428504675,2.5361722597568654,0.0,0.0,300
MZI_null,MZI,MZI_null_07289,0.07314265128506965,-4.206591997722746,1.9922628143730523,0.0,0.0,300
MZI_null,MZI,MZI_null_07290,-0.031273894653041936,-2.992470568172614,1.6790131045991368,0.0,0.0,300
MZI_null,MZI,MZI_null_07291,-0.013324821126736953,-0.8331243918791309,0.9858187522123987,0.0,0.0,300
MZI_null,MZI,MZI_null_07292,-0.11744146189085765,-0.8454483059533944,3.048419315784871,0.0,0.0,300
MZI_null,MZI,MZI_null_07293,-0.14347007156094152,-0.6502733335063167,-3.4884032037408628,0.0,0.0,300
MZI_null,MZI,MZI_null_07294,0.15320965257605973,1.0357167512493137,-2.062967020747296,0.0,0.0,300
MZI_null,MZI,MZI_null_07295,0.3314442978286294,1.3198759274118532,1.1207869554085073,0.0,0.0,300
MZI_null,MZI,MZI_null_07296,0.09759163441592035,0.9517807276186714,-3.98692722173248,0.0,0.0,300
MZI_null,MZI,MZI_null_07297,0.029191139769153635,-0.8504288438680176,-2.20040818990768,0.0,0.0,300
MZI_null,MZI,MZI_null_07298,0.06971929041659482,1.695082901302018,-2.2653072632977196,0.0,0.0,300
MZI_null,MZI,MZI_null_07299,-0.008163645055695844,-4.461755887561834,-6.360967029432377,0.0,0.0,300
MZI_null,MZI,MZI_null_07300,0.11683982707807664,-2.0772013845177426,-0.8572617485416366,0.0,0.0,300
MZI_null,MZI,MZI_null_07301,-0.14801604272602903,-2.5565105871085723,2.28978136754637,0.0,0.0,300
MZI_null,MZI,MZI_null_07302,0.00012320051691901404,-1.9124487258337615,-0.3774151664097323,0.0,0.0,300
MZI_null,MZI,MZI_null_07303,-0.1854573192609684,-0.12523860769292883,-4.765594344747492,0.0,0.0,300
MZI_null,MZI,MZI_null_07304,-0.14094233719185395,-5.147644307021494,-1.5256748998916367,0.0,0.0,300
MZI_null,MZI,MZI_null_07305,-0.05286790553067863,-2.003675114924764,-3.7157684793293297,0.0,0.0,300
MZI_null,MZI,MZI_null_07306,0.15082429804595673,0.5020827061789923,-1.521440538675161,0.0,0.0,300
MZI_null,MZI,MZI_null_07307,-0.07175500748819069,-3.738072480035598,-1.930434985032038,0.0,0.0,300
MZI_null,MZI,MZI_null_07308,-0.2100367843126765,-4.878821936635521,1.5803611759548994,0.0,0.0,300
MZI_null,MZI,MZI_null_07309,0.0452718729113803,2.9028234579295926,-1.8975854505079641,0.0,0.0,300
MZI_null,MZI,MZI_null_07310,-0.05422698406603011,-3.2236967736309445,-1.957493449654506,0.0,0.0,300
MZI_null,MZI,MZI_null_07311,-0.0989931019719897,-1.1870353559384001,-0.9126877985547661,0.0,0.0,300
MZI_null,MZI,MZI_null_07312,-0.07648717527574087,1.7534467390567072,4.689748767458921,0.0,0.0,300
MZI_null,MZI,MZI_null_07313,0.17498658083601007,-0.32562796074981515,1.285309178791322,0.0,0.0,300
MZI_null,MZI,MZI_null_07314,0.27846232767395024,0.2809579472782713,-2.755557557797854,0.0,0.0,300
MZI_null,MZI,MZI_null_07315,0.05884087899758224,-0.12126720181004691,-3.9841518221077594,0.0,0.0,300
MZI_null,MZI,MZI_null_07316,-0.04273962279647668,1.3011754721663982,-6.470478205148758,0.0,0.0,300
MZI_null,MZI,MZI_null_07317,-0.1875642817560891,-2.5292211608849833,0.061038786517113586,0.0,0.0,300
MZI_null,MZI,MZI_null_07318,-0.20364486674233603,-2.380367754997824,2.4613056172656997,0.0,0.0,300
MZI_null,MZI,MZI_null_07319,0.010297718561142548,0.8172668308933915,-2.7763423640050098,0.0,0.0,300
MZI_null,MZI,MZI_null_07320,-0.12148752851837724,0.5466214908551423,0.10779660396856938,0.0,0.0,300
MZI_null,MZI,MZI_null_07321,-0.17783940116616886,-4.402522748488367,3.6937437231722434,0.0,0.0,300
MZI_null,MZI,MZI_null_07322,-0.13868328292039742,0.8029862401779928,-2.434560091701099,0.0,0.0,300
MZI_null,MZI,MZI_null_07323,-0.0004763785150697016,-1.1162221371698833,-7.302943631498795,0.0,0.0,300
MZI_null,MZI,MZI_null_07324,-0.21940760031409487,-1.7410009436385123,-3.1729226913516406,0.0,0.0,300
MZI_null,MZI,MZI_null_07325,0.14948719429119334,-6.818362642604374,0.695765168773961,0.0,0.0,300
MZI_null,MZI,MZI_null_07326,-0.20643318306064892,-3.056314982433286,-4.193133292713892,0.0,0.0,300
MZI_null,MZI,MZI_null_07327,0.28536448207067966,-6.018476488910108,-1.3661790861070702,0.0,0.0,300
MZI_null,MZI,MZI_null_07328,-0.25902542220302277,2.798710366211769,0.2038472485316154,0.0,0.0,300
MZI_null,MZI,MZI_null_07329,0.02054596343980018,2.4229388178751767,-0.5577326757321631,0.0,0.0,300
MZI_null,MZI,MZI_null_07330,0.03293570342116152,-1.6048241358045454,0.6909029763293579,0.0,0.0,300
MZI_null,MZI,MZI_null_07331,-0.07386620758818938,-2.642861922089997,1.4310038853723377,0.0,0.0,300
MZI_null,MZI,MZI_null_07332,0.04160594273368229,-2.342731742306377,-5.201567173092137,0.0,0.0,300
MZI_null,MZI,MZI_null_07333,0.2247075426804893,-3.984362329852312,1.9617117152577705,0.0,0.0,300
MZI_null,MZI,MZI_null_07334,0.02636304775321281,-5.880351568189611,2.7568264325918452,0.0,0.0,300
MZI_null,MZI,MZI_null_07335,0.03818109695993094,2.0060360702111275,-1.5472261022077567,0.0,0.0,300
MZI_null,MZI,MZI_null_07336,0.10560768449505815,-7.287581334035042,-2.5006475907812713,0.0,0.0,300
MZI_null,MZI,MZI_null_07337,-0.19094899983469074,-3.1243515501151755,0.4154352185184349,0.0,0.0,300
MZI_null,MZI,MZI_null_07338,-0.09068701314812186,0.5915262809163453,-3.569837930650034,0.0,0.0,300
MZI_null,MZI,MZI_null_07339,0.13278549204749676,1.9292714976221084,2.040578405272957,0.0,0.0,300
MZI_null,MZI,MZI_null_07340,-0.05162835777446592,-8.37636079383243,0.7465009902120436,0.0,0.0,300
MZI_null,MZI,MZI_null_07341,-0.01878520720729559,-4.93517882038206,-2.668837194611231,0.0,0.0,300
MZI_null,MZI,MZI_null_07342,0.21516379746672024,-5.412020601830464,0.4049275268636354,0.0,0.0,300
MZI_null,MZI,MZI_null_07343,0.03269372634561055,-3.072162993989697,0.9335980619391409,0.0,0.0,300
MZI_null,MZI,MZI_null_07344,0.24483678883482984,-2.887914511658595,-1.7295428442313039,0.0,0.0,300
MZI_null,MZI,MZI_null_07345,0.09330973574852999,0.7547284643050043,-1.3831216214459057,0.0,0.0,300
MZI_null,MZI,MZI_null_07346,-0.045806060414047244,-8.65293956215928,-3.33402673709966,0.0,0.0,300
MZI_null,MZI,MZI_null_07347,-0.17089675081013256,0.05387498893567377,-1.731708845802526,0.0,0.0,300
MZI_null,MZI,MZI_null_07348,-0.042453240830839234,-2.0271687908689437,-3.6105294103762,0.0,0.0,300
MZI_null,MZI,MZI_null_07349,0.2329870780033131,1.8945817350898322,3.8543203491430633,0.0,0.0,300
MZI_null,MZI,MZI_null_07350,0.10251258468583371,-2.088434345065812,3.844187909020655,0.0,0.0,300
MZI_null,MZI,MZI_null_07351,-0.10214502538694693,-4.6136269370990375,-2.8045345443095777,0.0,0.0,300
MZI_null,MZI,MZI_null_07352,0.07843069003714476,-4.286315580163018,-1.466118964653996,0.0,0.0,300
MZI_null,MZI,MZI_null_07353,-0.24027829408271645,-0.5567070037152673,-5.551310101549327,0.0,0.0,300
MZI_null,MZI,MZI_null_07354,-0.1398241582298043,1.651501404689932,2.540954950958331,0.0,0.0,300
MZI_null,MZI,MZI_null_07355,0.05614696343197467,-1.1730092547943083,-2.5928789414627778,0.0,0.0,300
MZI_null,MZI,MZI_null_07356,-0.11593554956133019,-3.086725093272139,-5.540962523386954,0.0,0.0,300
MZI_null,MZI,MZI_null_07357,0.03786728324304951,-1.853506625574771,-3.8002638001308005,0.0,0.0,300
MZI_null,MZI,MZI_null_07358,0.23530228782620363,-0.1792588691388557,1.0755254120265696,0.0,0.0,300
MZI_null,MZI,MZI_null_07359,-0.0731009889058748,-2.0039902340789704,0.8821180105622668,0.0,0.0,300
MZI_null,MZI,MZI_null_07360,0.022917355065035328,2.8057023543096147,-1.6113627082502533,0.0,0.0,300
MZI_null,MZI,MZI_null_07361,-0.0756840798354166,-0.09724137058572202,-4.793941816859537,0.0,0.0,300
MZI_null,MZI,MZI_null_07362,0.13864453984621683,-5.902135401775949,0.9157539981756504,0.0,0.0,300
MZI_null,MZI,MZI_null_07363,-0.09724103312589939,-0.5702475590498204,1.7220288381830522,0.0,0.0,300
MZI_null,MZI,MZI_null_07364,0.02301317932558781,-5.598862854922039,-3.6903257335214557,0.0,0.0,300
MZI_null,MZI,MZI_null_07365,-0.10929887115506734,-7.685020680793322,2.382433576195787,0.0,0.0,300
MZI_null,MZI,MZI_null_07366,0.01651613786344933,-5.406554135566984,3.3670245723750716,0.0,0.0,300
MZI_null,MZI,MZI_null_07367,-0.10519921502072449,-1.2482825327753857,-3.4758116355886055,0.0,0.0,300
MZI_null,MZI,MZI_null_07368,-0.3027390229993542,-6.093321676553782,-2.345471292599294,0.0,0.0,300
MZI_null,MZI,MZI_null_07369,0.13474453068090717,-0.9604005595422644,-0.5793846214862641,0.0,0.0,300
MZI_null,MZI,MZI_null_07370,-0.30150414341173226,1.8102584430402846,-0.3289609105133321,0.0,0.0,300
MZI_null,MZI,MZI_null_07371,-0.01791265048382401,1.3972693299666856,2.742490170704821,0.0,0.0,300
MZI_null,MZI,MZI_null_07372,0.17318853714137866,-2.7412594901098633,-4.010429682352587,0.0,0.0,300
MZI_null,MZI,MZI_null_07373,0.14833843757131096,-6.0951633292112515,4.841770215992847,0.0,0.0,300
MZI_null,MZI,MZI_null_07374,0.004199931779184439,-5.1826527670987526,-4.695605662469831,0.0,0.0,300
MZI_null,MZI,MZI_null_07375,-0.19164072360840892,-1.5789112798374707,-1.0191769601793614,0.0,0.0,300
MZI_null,MZI,MZI_null_07376,-0.18538832602637895,-3.069367359667706,-5.103806158274027,0.0,0.0,300
MZI_null,MZI,MZI_null_07377,0.08839527089162588,-2.1637797983381413,-2.135207517752344,0.0,0.0,300
MZI_null,MZI,MZI_null_07378,-0.19321660951012906,-2.900466800668296,-2.2441836440389804,0.0,0.0,300
MZI_null,MZI,MZI_null_07379,0.04765900518143951,-1.4989460656491183,1.3761803062380267,0.0,0.0,300
MZI_null,MZI,MZI_null_07380,-0.07268648152575935,-7.5812345065894835,1.97327862979412,0.0,0.0,300
MZI_null,MZI,MZI_null_07381,-0.1404048769572271,-5.320751159045766,-1.1293496353412564,0.0,0.0,300
MZI_null,MZI,MZI_null_07382,0.04534057694317752,-3.5925092171440483,-2.6160780444043805,0.0,0.0,300
MZI_null,MZI,MZI_null_07383,-0.058653947664833256,2.24962105297943,-1.0080342626743968,0.0,0.0,300
MZI_null,MZI,MZI_null_07384,-0.14519442591926943,-4.873350070708902,-1.752652538747108,0.0,0.0,300
MZI_null,MZI,MZI_null_07385,0.0356786901042011,-0.5480595141014284,-0.6275241884583539,0.0,0.0,300
MZI_null,MZI,MZI_null_07386,-0.1262810026375633,-3.2718238986823485,1.201723645593872,0.0,0.0,300
MZI_null,MZI,MZI_null_07387,-0.1719137940679643,-3.3972601792323873,0.7923885736440577,0.0,0.0,300
MZI_null,MZI,MZI_null_07388,0.13129221399527646,-2.5787461132741485,-2.2336204317124477,0.0,0.0,300
MZI_null,MZI,MZI_null_07389,-0.198317691216561,-0.4230802318187168,2.9563390554403677,0.0,0.0,300
MZI_null,MZI,MZI_null_07390,0.3847731087899537,-0.8406614494458613,-1.1526389549319431,0.0,0.0,300
MZI_null,MZI,MZI_null_07391,-0.1379715919726361,-7.636570741229448,-0.46912225078050007,0.0,0.0,300
MZI_null,MZI,MZI_null_07392,0.35255086802314545,1.8124366889707386,2.3496928073413947,0.0,0.0,300
MZI_null,MZI,MZI_null_07393,0.03684042255868733,-0.9214305191590335,-8.271241954833933,0.0,0.0,300
MZI_null,MZI,MZI_null_07394,0.11437658711459955,-3.738021708727447,-3.1051820397876613,0.0,0.0,300
MZI_null,MZI,MZI_null_07395,-0.04848854295729112,-3.0710134683530446,-3.152906775914987,0.0,0.0,300
MZI_null,MZI,MZI_null_07396,0.0020808108263964164,-3.6748327886241596,-0.6990311327315617,0.0,0.0,300
MZI_null,MZI,MZI_null_07397,-0.22307667218250493,-2.642173311896052,-4.288886769058753,0.0,0.0,300
MZI_null,MZI,MZI_null_07398,-0.09621739777467991,-1.5698034708994082,-5.811992844264874,0.0,0.0,300
MZI_null,MZI,MZI_null_07399,-0.12336110659082059,-0.29310684549099797,-5.239533525597403,0.0,0.0,300
MZI_null,MZI,MZI_null_07400,0.2666800710418211,1.6132238683919402,-2.4835812533568378,0.0,0.0,300
MZI_null,MZI,MZI_null_07401,-0.1180814531677595,-1.3941802899935545,-5.342386771081479,0.0,0.0,300
MZI_null,MZI,MZI_null_07402,-0.3003214087248649,-3.3780053721576997,-1.4021462995065734,0.0,0.0,300
MZI_null,MZI,MZI_null_07403,0.014164083653029529,-3.844221848353653,2.821840188424842,0.0,0.0,300
MZI_null,MZI,MZI_null_07404,-0.2242709487725825,-5.414786404874296,0.459907868434434,0.0,0.0,300
MZI_null,MZI,MZI_null_07405,-0.17424710784557118,-5.6009613565919505,-0.6299356233785088,0.0,0.0,300
MZI_null,MZI,MZI_null_07406,-0.1580283930474047,-2.3992532837620617,-3.09956967897327,0.0,0.0,300
MZI_null,MZI,MZI_null_07407,-0.12924955550591094,-8.306916174034821,-0.581310541535988,0.0,0.0,300
MZI_null,MZI,MZI_null_07408,-0.1870784988169393,-2.5047266105915593,-2.5363146950456947,0.0,0.0,300
MZI_null,MZI,MZI_null_07409,-0.03097620880498249,-2.449026122039782,-0.4191152472452101,0.0,0.0,300
MZI_null,MZI,MZI_null_07410,-0.1091638952237164,1.7280894378201053,-6.54220018256673,0.0,0.0,300
MZI_null,MZI,MZI_null_07411,-0.033988667779084374,0.5086929292326019,0.4303176590078115,0.0,0.0,300
MZI_null,MZI,MZI_null_07412,-0.14622533647928954,-4.424736478964071,-4.020377677979812,0.0,0.0,300
MZI_null,MZI,MZI_null_07413,0.08988414459965838,-4.219771185546525,-0.23463073562964976,0.0,0.0,300
MZI_null,MZI,MZI_null_07414,0.03964521211139326,5.1051804047061164,-0.06024622059488949,0.0,0.0,300
MZI_null,MZI,MZI_null_07415,-0.12167160221256952,-6.380450786199197,-1.8275581439132365,0.0,0.0,300
MZI_null,MZI,MZI_null_07416,-0.017862876364097766,-8.632098582171666,-3.14156248087904,0.0,0.0,300
MZI_null,MZI,MZI_null_07417,0.044602881424132934,-3.5970670107985243,1.905871357117511,0.0,0.0,300
MZI_null,MZI,MZI_null_07418,-0.233753466708078,0.030648460459650195,1.7416692245778589,0.0,0.0,300
MZI_null,MZI,MZI_null_07419,0.14347447137623048,-6.697569153963136,-0.0563416124278473,0.0,0.0,300
MZI_null,MZI,MZI_null_07420,-0.10031311777822723,-6.218427325948704,-2.241603174921125,0.0,0.0,300
MZI_null,MZI,MZI_null_07421,-0.13574669878512138,0.7622514044916091,0.5391900290407077,0.0,0.0,300
MZI_null,MZI,MZI_null_07422,-0.17286667021633015,-4.172663941492787,-2.142092276849871,0.0,0.0,300
MZI_null,MZI,MZI_null_07423,-0.010860772097684582,1.019134824411342,1.0723469794418992,0.0,0.0,300
MZI_null,MZI,MZI_null_07424,0.007708795346226001,-2.7819465496847666,-6.3200621038224165,0.0,0.0,300
MZI_null,MZI,MZI_null_07425,0.19379964391890844,-3.3412897935969714,3.6645207212787714,0.0,0.0,300
MZI_null,MZI,MZI_null_07426,0.02941639381977531,4.075852625864334,0.8189646000989486,0.0,0.0,300
MZI_null,MZI,MZI_null_07427,-0.21480294468313182,-3.8432464407836364,-1.5074048820158947,0.0,0.0,300
MZI_null,MZI,MZI_null_07428,-0.1310674330662486,-3.131182451546133,-5.100817475746328,0.0,0.0,300
MZI_null,MZI,MZI_null_07429,0.0008581921648683599,-1.2877641529671806,-4.012328221618356,0.0,0.0,300
MZI_null,MZI,MZI_null_07430,0.2910381440222868,-1.8094602161586235,-3.450222598368736,0.0,0.0,300
MZI_null,MZI,MZI_null_07431,-0.24443089499478257,-1.8201713318084947,-1.7814655984400587,0.0,0.0,300
MZI_null,MZI,MZI_null_07432,0.11745613609296646,-2.430110794915904,-4.581156346806181,0.0,0.0,300
MZI_null,MZI,MZI_null_07433,0.25060774442663714,-0.693125361478443,-1.7623261347950758,0.0,0.0,300
MZI_null,MZI,MZI_null_07434,0.024695779717460738,-0.5778741303150254,-5.286569841680305,0.0,0.0,300
MZI_null,MZI,MZI_null_07435,0.02365413299442152,-3.350370419881675,0.5218999568892548,0.0,0.0,300
MZI_null,MZI,MZI_null_07436,-0.11102728869094174,-3.8141055652912477,3.988613295692173,0.0,0.0,300
MZI_null,MZI,MZI_null_07437,0.18463681363232043,-11.886683539901925,2.470285947392935,0.0,0.0,300
MZI_null,MZI,MZI_null_07438,-0.011047803938663532,-4.124546188697035,-4.02152420712295,0.0,0.0,300
MZI_null,MZI,MZI_null_07439,-0.14236764424199824,-4.039807834275246,-4.38139775104553,0.0,0.0,300
MZI_null,MZI,MZI_null_07440,-0.20318994916089633,-5.121140452531733,-0.029818434802938443,0.0,0.0,300
MZI_null,MZI,MZI_null_07441,0.007513522285619565,-0.33243064534443123,-1.1991095176301627,0.0,0.0,300
MZI_null,MZI,MZI_null_07442,-0.19600189959671874,-0.5166772295191815,-4.014067836624744,0.0,0.0,300
MZI_null,MZI,MZI_null_07443,0.09699214529834012,-5.497760008870882,-3.062429879210576,0.0,0.0,300
MZI_null,MZI,MZI_null_07444,-0.05420874608518723,0.023214403170845443,-0.472008243617815,0.0,0.0,300
MZI_null,MZI,MZI_null_07445,0.0030001983226386666,3.657006355165916,-6.510949483675437,0.0,0.0,300
MZI_null,MZI,MZI_null_07446,-0.15575664640508266,-5.243565434116974,-6.311956929766823,0.0,0.0,300
MZI_null,MZI,MZI_null_07447,-0.10792792693290411,0.06330749139011793,-2.7749421955472546,0.0,0.0,300
MZI_null,MZI,MZI_null_07448,-0.04995044579794644,-7.167664483640846,-3.389576725481042,0.0,0.0,300
MZI_null,MZI,MZI_null_07449,-0.06925480733813759,-0.07279873235865786,-6.024749193754664,0.0,0.0,300
MZI_null,MZI,MZI_null_07450,-0.06825131185817072,1.2604540902066717,-2.335249856869792,0.0,0.0,300
MZI_null,MZI,MZI_null_07451,-0.31733421211780183,1.8375273320445737,1.2046908276149986,0.0,0.0,300
MZI_null,MZI,MZI_null_07452,0.13040957626181862,-7.231350940236182,3.5373671775416433,0.0,0.0,300
MZI_null,MZI,MZI_null_07453,-0.11599141276667967,-3.5283168326606926,-3.108331497976011,0.0,0.0,300
MZI_null,MZI,MZI_null_07454,0.14204057729328107,-2.5393950575158866,0.4452230977628773,0.0,0.0,300
MZI_null,MZI,MZI_null_07455,0.01138515343265522,-2.2851260110787615,-3.8403521912385887,0.0,0.0,300
MZI_null,MZI,MZI_null_07456,0.27182108809616484,-6.390180885515687,0.2367619221040531,0.0,0.0,300
MZI_null,MZI,MZI_null_07457,0.05649848881609183,1.4630688584572766,3.164270097137835,0.0,0.0,300
MZI_null,MZI,MZI_null_07458,-0.02060828991251636,-0.40881708222574176,4.294621131357529,0.0,0.0,300
MZI_null,MZI,MZI_null_07459,-0.009776515038337841,-5.1993004251955295,-2.153404338098264,0.0,0.0,300
MZI_null,MZI,MZI_null_07460,-0.19569689979217006,-0.8845495670158321,2.1933686244219057,0.0,0.0,300
MZI_null,MZI,MZI_null_07461,-0.01815622381013076,-6.862880148360921,2.064952505173032,0.0,0.0,300
MZI_null,MZI,MZI_null_07462,-0.2664448442348668,-6.637864333769123,-1.5350151624841564,0.0,0.0,300
MZI_null,MZI,MZI_null_07463,0.03776778685132487,-0.7332575037249376,-1.1984186561394201,0.0,0.0,300
MZI_null,MZI,MZI_null_07464,0.2640065647702286,-1.8044949767503944,2.1040043052588073,0.0,0.0,300
MZI_null,MZI,MZI_null_07465,0.1180431846142047,-5.878621196613588,-1.509191461856564,0.0,0.0,300
MZI_null,MZI,MZI_null_07466,0.3184980769921529,-3.513052561820772,-3.0238615730700724,0.0,0.0,300
MZI_null,MZI,MZI_null_07467,0.025586337221553335,-3.405559787780156,-3.3811137385067154,0.0,0.0,300
MZI_null,MZI,MZI_null_07468,-0.072492509144638,2.2960290141058763,-1.409856074432717,0.0,0.0,300
MZI_null,MZI,MZI_null_07469,-0.1992112549132068,-6.535239614264492,5.620414796163409,0.0,0.0,300
MZI_null,MZI,MZI_null_07470,-0.03350015541511535,-0.696264497103745,-3.3141316790188275,0.0,0.0,300
MZI_null,MZI,MZI_null_07471,0.04814789539071237,2.3779889548045956,-2.9567895512312643,0.0,0.0,300
MZI_null,MZI,MZI_null_07472,0.0687880169922874,-6.217238827671164,5.0685983551003755,0.0,0.0,300
MZI_null,MZI,MZI_null_07473,0.040280389536686216,-3.238381533056876,-1.8936223698584915,0.0,0.0,300
MZI_null,MZI,MZI_null_07474,-0.0765057261771503,-3.3767154923704794,-8.342485427048981,0.0,0.0,300
MZI_null,MZI,MZI_null_07475,-0.014694859814513328,-2.419636041817137,0.46598461178143147,0.0,0.0,300
MZI_null,MZI,MZI_null_07476,-0.07847156196622895,-4.313108942423067,-1.0233248333589255,0.0,0.0,300
MZI_null,MZI,MZI_null_07477,-0.24185521771357257,-1.5697304373962473,-6.5854577785651625,0.0,0.0,300
MZI_null,MZI,MZI_null_07478,0.16812279732461938,0.05280986698232493,-3.77855762927204,0.0,0.0,300
MZI_null,MZI,MZI_null_07479,0.09917070200070552,-1.6654573272383564,-4.02703069325458,0.0,0.0,300
MZI_null,MZI,MZI_null_07480,-0.3034314235843634,-1.0506929497206432,-3.3828455414051044,0.0,0.0,300
MZI_null,MZI,MZI_null_07481,0.16424543545441192,-1.9578987983544462,-3.098748089491951,0.0,0.0,300
MZI_null,MZI,MZI_null_07482,0.2696758099635707,-0.2706605221909846,-11.965259545312318,0.0,0.0,300
MZI_null,MZI,MZI_null_07483,-0.07295876531862996,-6.15226697603727,-3.399393813160926,0.0,0.0,300
MZI_null,MZI,MZI_null_07484,-0.021709859837780413,-0.9378544742373613,-0.2159027736592789,0.0,0.0,300
MZI_null,MZI,MZI_null_07485,0.1616809614847203,-0.0902048674739997,0.7242407873765151,0.0,0.0,300
MZI_null,MZI,MZI_null_07486,0.030223848469991148,1.8603965581777038,-1.9488296295727525,0.0,0.0,300
MZI_null,MZI,MZI_null_07487,-0.0435454903102786,-7.716720058917591,2.1684921314301073,0.0,0.0,300
MZI_null,MZI,MZI_null_07488,-0.01153886336687318,6.800817118513818,-2.2165980752873735,0.0,0.0,300
MZI_null,MZI,MZI_null_07489,0.013286719412510289,-0.360485139174759,-4.3056999189661385,0.0,0.0,300
MZI_null,MZI,MZI_null_07490,0.05378215708188415,-1.896015703828444,-1.911064569030513,0.0,0.0,300
MZI_null,MZI,MZI_null_07491,0.17589059381145097,-4.711246153731967,-0.1752936607533353,0.0,0.0,300
MZI_null,MZI,MZI_null_07492,0.21819964370775688,-4.119865267868895,-1.890657948076897,0.0,0.0,300
MZI_null,MZI,MZI_null_07493,0.35179568452077425,-0.5768268045318288,-2.518592429927853,0.0,0.0,300
MZI_null,MZI,MZI_null_07494,0.12039371401177171,-3.7042806547730773,-5.694747772480213,0.0,0.0,300
MZI_null,MZI,MZI_null_07495,0.20585459178977553,-5.309177792393044,6.355137874991873,0.0,0.0,300
MZI_null,MZI,MZI_null_07496,-0.07339985631933083,4.399794044685566,-5.106013205560173,0.0,0.0,300
MZI_null,MZI,MZI_null_07497,0.15382403793993793,-0.5008211810460497,1.5132386766654555,0.0,0.0,300
MZI_null,MZI,MZI_null_07498,0.1452034060014391,-3.4932354268435155,-4.926531526008995,0.0,0.0,300
MZI_null,MZI,MZI_null_07499,-0.00763765955088268,-1.3309092272445977,-2.415533863466514,0.0,0.0,300
MZI_null,MZI,MZI_null_07500,0.041633095523979265,-1.0111234064757788,-3.7300793396315974,0.0,0.0,300
MZI_null,MZI,MZI_null_07501,0.05924569225356985,-2.801636071083937,-3.0999427006101135,0.0,0.0,300
MZI_null,MZI,MZI_null_07502,0.11810627073359896,-4.330973635080634,-2.370002769714179,0.0,0.0,300
MZI_null,MZI,MZI_null_07503,0.010807627527998376,2.122934861962716,-0.4216477668271058,0.0,0.0,300
MZI_null,MZI,MZI_null_07504,0.07924324987120013,-2.8929276079894883,-1.2354688731290226,0.0,0.0,300
MZI_null,MZI,MZI_null_07505,-0.0073315850279391205,-1.120081291948926,-1.8879027191447806,0.0,0.0,300
MZI_null,MZI,MZI_null_07506,0.20099998282143142,-3.1194987155064258,-6.121723405616102,0.0,0.0,300
MZI_null,MZI,MZI_null_07507,0.41141949065550293,-2.982106072831256,2.9395093612740424,0.0,0.0,300
MZI_null,MZI,MZI_null_07508,0.2107186262939638,0.8356429367511455,-1.594081658792207,0.0,0.0,300
MZI_null,MZI,MZI_null_07509,0.043002722981151424,-5.823530627914781,4.9704433214548285,0.0,0.0,300
MZI_null,MZI,MZI_null_07510,-0.12777089972740047,-2.7617028882226267,-0.7030405388792473,0.0,0.0,300
MZI_null,MZI,MZI_null_07511,-0.01611596322554401,-3.9706198468801825,3.183017156164065,0.0,0.0,300
MZI_null,MZI,MZI_null_07512,0.14254189252324195,-1.0338583870229208,-2.1986591679902503,0.0,0.0,300
MZI_null,MZI,MZI_null_07513,0.1596413807766706,-3.3934058983326967,3.7111755210134465,0.0,0.0,300
MZI_null,MZI,MZI_null_07514,0.016683137322514145,1.6893445809181449,-1.3414609785507499,0.0,0.0,300
MZI_null,MZI,MZI_null_07515,0.010729977306141697,1.6762631843759994,5.581775455413334,0.0,0.0,300
MZI_null,MZI,MZI_null_07516,0.2340550226257322,0.6314038581335497,0.7678502988727898,0.0,0.0,300
MZI_null,MZI,MZI_null_07517,-0.0760423035389439,-1.114310776683702,-3.7391475519901953,0.0,0.0,300
MZI_null,MZI,MZI_null_07518,0.05636732005271609,-0.6798480179192792,-6.882535424404574,0.0,0.0,300
MZI_null,MZI,MZI_null_07519,0.0058107913787560335,-0.7553753027326842,-1.2511295714170667,0.0,0.0,300
MZI_null,MZI,MZI_null_07520,0.05370732582848561,-6.025166730068943,-3.3275929166807763,0.0,0.0,300
MZI_null,MZI,MZI_null_07521,0.15524072447458986,-1.9982850030626695,0.01963694394472526,0.0,0.0,300
MZI_null,MZI,MZI_null_07522,-0.08197817410628681,-1.941517930169431,-7.906036540405596,0.0,0.0,300
MZI_null,MZI,MZI_null_07523,0.12690179076311495,3.4237985168574108,-4.195052647643922,0.0,0.0,300
MZI_null,MZI,MZI_null_07524,-0.1410498281264352,-0.6773603052875532,3.421637871520238,0.0,0.0,300
MZI_null,MZI,MZI_null_07525,-0.0003145976074417236,-5.6879540624375124,-1.6258517099136194,0.0,0.0,300
MZI_null,MZI,MZI_null_07526,-0.1544898120467689,-4.00653887860633,-1.9121232974599498,0.0,0.0,300
MZI_null,MZI,MZI_null_07527,-0.13939868823624407,-4.333717172523695,-0.7763979993332695,0.0,0.0,300
MZI_null,MZI,MZI_null_07528,0.0322553718205845,-6.271941001462901,0.1891451675280118,0.0,0.0,300
MZI_null,MZI,MZI_null_07529,-0.05729007946970968,0.16078457065782636,1.3414925620635794,0.0,0.0,300
MZI_null,MZI,MZI_null_07530,-0.0816811771432573,-0.15755691788680037,-3.51086811909649,0.0,0.0,300
MZI_null,MZI,MZI_null_07531,0.1985643094252935,-4.397408602569394,0.058248825876539234,0.0,0.0,300
MZI_null,MZI,MZI_null_07532,-0.028141371696641992,-5.050683542712804,1.7027472853559273,0.0,0.0,300
MZI_null,MZI,MZI_null_07533,-0.09211977133001864,-7.100216494934919,-9.64604008950409,0.0,0.0,300
MZI_null,MZI,MZI_null_07534,-0.1312567041641956,2.1277252578969206,2.7732154025109796,0.0,0.0,300
MZI_null,MZI,MZI_null_07535,-0.1077897603521298,-3.123364744104138,-2.3947392266680687,0.0,0.0,300
MZI_null,MZI,MZI_null_07536,-0.20001482181743527,-4.8464956148700296,1.9434485582023546,0.0,0.0,300
MZI_null,MZI,MZI_null_07537,0.07558318070691007,-1.1807334244103331,-5.0054398349825755,0.0,0.0,300
MZI_null,MZI,MZI_null_07538,0.015105482105096652,-8.911534908464064,1.5284080737815984,0.0,0.0,300
MZI_null,MZI,MZI_null_07539,0.03878623511057125,-6.03569735629949,3.84927667247012,0.0,0.0,300
MZI_null,MZI,MZI_null_07540,-0.2694246988752872,-0.40908145325119305,0.6655153069359858,0.0,0.0,300
MZI_null,MZI,MZI_null_07541,-0.1859505659028721,-2.1135520724303505,-5.910483526458589,0.0,0.0,300
MZI_null,MZI,MZI_null_07542,-0.42695614744902205,-5.203628680794976,-2.8498748267859906,0.0,0.0,300
MZI_null,MZI,MZI_null_07543,0.09663842712161874,-1.7977757448175409,-0.7193636218415618,0.0,0.0,300
MZI_null,MZI,MZI_null_07544,-0.15216324349253774,-3.5900339121241593,-3.7897798296074834,0.0,0.0,300
MZI_null,MZI,MZI_null_07545,-0.18374610105447123,-3.7810982809617717,-0.7764628447109985,0.0,0.0,300
MZI_null,MZI,MZI_null_07546,-0.0858957779136305,-2.9705080082749187,1.0847444327341709,0.0,0.0,300
MZI_null,MZI,MZI_null_07547,-0.07511316280360554,-6.001899892963674,0.6903605648037177,0.0,0.0,300
MZI_null,MZI,MZI_null_07548,0.03987744727624267,-1.0140215054830568,0.8775159726071289,0.0,0.0,300
MZI_null,MZI,MZI_null_07549,0.06849622909619178,-1.9138139225860877,6.174357988556279,0.0,0.0,300
MZI_null,MZI,MZI_null_07550,-0.19274531194529315,-3.7592518354656748,1.9020030940345007,0.0,0.0,300
MZI_null,MZI,MZI_null_07551,0.021387943814336154,0.2737691020337154,-0.49073071138938607,0.0,0.0,300
MZI_null,MZI,MZI_null_07552,0.2061084826739972,-5.022532566899737,3.027379668220129,0.0,0.0,300
MZI_null,MZI,MZI_null_07553,0.17564947398063996,-5.63086734269114,0.8919962296630188,0.0,0.0,300
MZI_null,MZI,MZI_null_07554,-0.006455989835488423,-3.8197460573571913,-6.665857569153159,0.0,0.0,300
MZI_null,MZI,MZI_null_07555,-0.1516220506675975,0.12433642055376692,1.4415238077816706,0.0,0.0,300
MZI_null,MZI,MZI_null_07556,-0.03160657208642575,0.45095542942985256,1.8357802336824118,0.0,0.0,300
MZI_null,MZI,MZI_null_07557,0.023195993793952104,-4.167000871550613,0.3231623384469342,0.0,0.0,300
MZI_null,MZI,MZI_null_07558,0.0730477061488295,0.021833171050929412,1.5962098100067186,0.0,0.0,300
MZI_null,MZI,MZI_null_07559,-0.20432468578818325,-3.5297877360972265,-6.695864037063458,0.0,0.0,300
MZI_null,MZI,MZI_null_07560,0.11204940575330208,-2.6369343439412485,0.2924422120922452,0.0,0.0,300
MZI_null,MZI,MZI_null_07561,-0.22135181222852374,2.202942549079151,-4.583017493857825,0.0,0.0,300
MZI_null,MZI,MZI_null_07562,0.11618449565736881,-1.6461494873223754,-1.5683283325785369,0.0,0.0,300
MZI_null,MZI,MZI_null_07563,-0.04052401599182611,-3.91418902794839,2.8855885307023055,0.0,0.0,300
MZI_null,MZI,MZI_null_07564,0.0018919251528363855,-5.807664591059661,-2.1518806061045206,0.0,0.0,300
MZI_null,MZI,MZI_null_07565,0.019250854080440746,0.6934158443359761,-2.8138591615516217,0.0,0.0,300
MZI_null,MZI,MZI_null_07566,-0.08066648337068216,-1.929703618557784,1.6202744598419776,0.0,0.0,300
MZI_null,MZI,MZI_null_07567,-0.20531318033940443,-0.48393610702476275,-2.392187590385968,0.0,0.0,300
MZI_null,MZI,MZI_null_07568,-0.048664887262273,4.004727235389247,-1.5894076736545764,0.0,0.0,300
MZI_null,MZI,MZI_null_07569,0.11320406254628698,0.15674151161004568,-4.54007174229552,0.0,0.0,300
MZI_null,MZI,MZI_null_07570,-0.2768091487834356,0.46294627725073223,-4.250638577345557,0.0,0.0,300
MZI_null,MZI,MZI_null_07571,-0.24962744318565405,1.0784866445325934,-4.058280201326779,0.0,0.0,300
MZI_null,MZI,MZI_null_07572,-0.1158776213526591,3.9231194652678862,-5.979206084144713,0.0,0.0,300
MZI_null,MZI,MZI_null_07573,-0.18844290621103882,-3.3790944274217614,-1.7207705195032663,0.0,0.0,300
MZI_null,MZI,MZI_null_07574,-0.13406179231764798,-5.475965291968749,3.529982973295793,0.0,0.0,300
MZI_null,MZI,MZI_null_07575,0.03944791861570733,-0.2444937673724361,-1.411675529675608,0.0,0.0,300
MZI_null,MZI,MZI_null_07576,0.04341824232887046,0.7987049833287716,-3.9888970436360043,0.0,0.0,300
MZI_null,MZI,MZI_null_07577,0.03972539947769727,0.08812694022367351,3.6343920391527806,0.0,0.0,300
MZI_null,MZI,MZI_null_07578,0.2921836469702642,-1.7904206090547157,2.4159168490614022,0.0,0.0,300
MZI_null,MZI,MZI_null_07579,-0.400525190005732,2.656848728130142,-3.177650985162411,0.0,0.0,300
MZI_null,MZI,MZI_null_07580,-0.036164617348183624,-0.6766865468989365,-1.4603271019465414,0.0,0.0,300
MZI_null,MZI,MZI_null_07581,0.029468006935220174,2.76307890467843,-2.152660136037914,0.0,0.0,300
MZI_null,MZI,MZI_null_07582,-0.16303857247508302,3.4403915718956535,0.5802926510140325,0.0,0.0,300
MZI_null,MZI,MZI_null_07583,0.2883358462970195,0.5908897317367123,-4.97078317604031,0.0,0.0,300
MZI_null,MZI,MZI_null_07584,0.0968077007635322,-4.951844197647664,-0.9777045926809992,0.0,0.0,300
MZI_null,MZI,MZI_null_07585,-0.011357160541163673,-6.8529914138991685,-3.43843146868536,0.0,0.0,300
MZI_null,MZI,MZI_null_07586,0.33077809502386496,-1.2848677854765067,-1.526788403988857,0.0,0.0,300
MZI_null,MZI,MZI_null_07587,0.2719335329911388,-3.188705930207506,-1.2742610859073604,0.0,0.0,300
MZI_null,MZI,MZI_null_07588,0.14862042841842746,-3.202207395849049,-3.2395622180575034,0.0,0.0,300
MZI_null,MZI,MZI_null_07589,-0.3380634623041076,-4.809494940148284,-3.8380832379688394,0.0,0.0,300
MZI_null,MZI,MZI_null_07590,0.023785004320291472,-3.8313747971833276,5.474057032571588,0.0,0.0,300
MZI_null,MZI,MZI_null_07591,-0.15864433953522092,2.2019400605722153,-0.34074113461735256,0.0,0.0,300
MZI_null,MZI,MZI_null_07592,0.12101610535685835,0.23805878420760962,-7.65470659093725,0.0,0.0,300
MZI_null,MZI,MZI_null_07593,-0.0017329018464835755,-2.786684411701496,-4.3989342840738015,0.0,0.0,300
MZI_null,MZI,MZI_null_07594,0.06894390558238024,3.149620947632414,-9.019010931652199,0.0,0.0,300
MZI_null,MZI,MZI_null_07595,-0.08017045137625813,-5.7372984923408685,-0.78466652128692,0.0,0.0,300
MZI_null,MZI,MZI_null_07596,-0.04884319247249941,-3.8170316382715344,1.0685204849871761,0.0,0.0,300
MZI_null,MZI,MZI_null_07597,0.2454271951585648,5.983955955273506,-3.2188871454057635,0.0,0.0,300
MZI_null,MZI,MZI_null_07598,-0.2731313327727104,-0.32241069776497966,3.83145420596961,0.0,0.0,300
MZI_null,MZI,MZI_null_07599,0.12205349505610925,2.819041118590933,-1.6764600118063577,0.0,0.0,300
MZI_null,MZI,MZI_null_07600,-0.09143616596596925,-1.6536922777960632,-1.9916595621006652,0.0,0.0,300
MZI_null,MZI,MZI_null_07601,0.0994641032010516,0.909303334010473,2.1442509937156577,0.0,0.0,300
MZI_null,MZI,MZI_null_07602,0.07658890062065847,-1.2625330199741012,1.383280067752545,0.0,0.0,300
MZI_null,MZI,MZI_null_07603,-0.2944487861479082,-1.3682877429981737,-0.8425658284886471,0.0,0.0,300
MZI_null,MZI,MZI_null_07604,0.03196205939573322,-2.2628706387626933,0.2955664803848481,0.0,0.0,300
MZI_null,MZI,MZI_null_07605,-0.08619043823010229,1.3885702883608904,0.4209493322404223,0.0,0.0,300
MZI_null,MZI,MZI_null_07606,0.022602878682579115,-4.09254971190836,1.4459506556237152,0.0,0.0,300
MZI_null,MZI,MZI_null_07607,0.03099895477417366,-4.266450180610749,-1.1699846272397152,0.0,0.0,300
MZI_null,MZI,MZI_null_07608,0.09436239288618595,-0.34527938354052434,0.4610269034244654,0.0,0.0,300
MZI_null,MZI,MZI_null_07609,0.013879708761161581,1.07745859990569,2.7133895114348303,0.0,0.0,300
MZI_null,MZI,MZI_null_07610,0.11059839235133107,-3.7623538245671213,-4.174185151871553,0.0,0.0,300
MZI_null,MZI,MZI_null_07611,-0.08159096504573904,3.8609702439301703,-0.15491225851793944,0.0,0.0,300
MZI_null,MZI,MZI_null_07612,0.3189662741289577,-2.360595030762309,-1.7764410114787645,0.0,0.0,300
MZI_null,MZI,MZI_null_07613,-0.01110848049661105,-2.2765222401599106,-3.3209527356031727,0.0,0.0,300
MZI_null,MZI,MZI_null_07614,-0.17232724022500154,-0.49599011845741137,2.16470215279209,0.0,0.0,300
MZI_null,MZI,MZI_null_07615,0.3667471950999602,-3.3011387200730673,-2.057966460592225,0.0,0.0,300
MZI_null,MZI,MZI_null_07616,-0.11568439416765261,1.3771822881207019,1.444962364388794,0.0,0.0,300
MZI_null,MZI,MZI_null_07617,-0.13154018728117894,-4.70659426091883,1.8575442757876925,0.0,0.0,300
MZI_null,MZI,MZI_null_07618,0.057479422681261154,0.27516613903343146,-3.6483054350167388,0.0,0.0,300
MZI_null,MZI,MZI_null_07619,-0.281658729586531,-4.62489505004051,1.0633001900336807,0.0,0.0,300
MZI_null,MZI,MZI_null_07620,0.3166586967952337,-3.2883919685828245,5.827567645630597,0.0,0.0,300
MZI_null,MZI,MZI_null_07621,0.12447296512375321,-6.179096905126478,-0.3578984865669048,0.0,0.0,300
MZI_null,MZI,MZI_null_07622,0.1295961417617791,-9.27644869565806,0.9333534737401461,0.0,0.0,300
MZI_null,MZI,MZI_null_07623,0.17590817697346686,-0.8033956276065704,-1.18516363204427,0.0,0.0,300
MZI_null,MZI,MZI_null_07624,-0.02593898745021103,-2.693966983075467,-4.527939411301327,0.0,0.0,300
MZI_null,MZI,MZI_null_07625,-0.1031285747857451,-3.2497821369564788,-0.6595169613227733,0.0,0.0,300
MZI_null,MZI,MZI_null_07626,-0.08352221364855997,-4.607387727493791,1.279312577377536,0.0,0.0,300
MZI_null,MZI,MZI_null_07627,0.05559209579217836,-3.6176886103687007,0.518835414462762,0.0,0.0,300
MZI_null,MZI,MZI_null_07628,-0.06797368405289025,-1.81080491153564,1.9251321641686006,0.0,0.0,300
MZI_null,MZI,MZI_null_07629,-0.09056116397493952,-5.517234823501229,-1.435403749064025,0.0,0.0,300
MZI_null,MZI,MZI_null_07630,-0.2045197524278193,-2.8323455280529264,-1.8419124379403704,0.0,0.0,300
MZI_null,MZI,MZI_null_07631,-0.36955261858583444,-0.40809450876647024,-1.5480693000439616,0.0,0.0,300
MZI_null,MZI,MZI_null_07632,0.17728446791579036,-1.3534040606177524,1.206825710946645,0.0,0.0,300
MZI_null,MZI,MZI_null_07633,0.1785058129810565,-2.3951512483122386,-1.0024695665917056,0.0,0.0,300
MZI_null,MZI,MZI_null_07634,-0.23603148350853476,1.718613235702724,-1.4370921991646637,0.0,0.0,300
MZI_null,MZI,MZI_null_07635,-0.15085958255219725,0.2191674594622821,-7.539343575892755,0.0,0.0,300
MZI_null,MZI,MZI_null_07636,-0.06439113343097672,0.7249331236355228,-2.313165555897715,0.0,0.0,300
MZI_null,MZI,MZI_null_07637,-0.10768829264228721,-3.2484643913388513,-7.029787793405721,0.0,0.0,300
MZI_null,MZI,MZI_null_07638,0.107321764767455,-2.368658125930739,-1.8169738299842861,0.0,0.0,300
MZI_null,MZI,MZI_null_07639,-0.04030029246135619,-1.9577606046062472,0.9603121120161999,0.0,0.0,300
MZI_null,MZI,MZI_null_07640,-0.00780953117988734,-6.084909644539437,0.7265483646322011,0.0,0.0,300
MZI_null,MZI,MZI_null_07641,0.07478545365063395,-1.3834190053506195,2.2257239208839574,0.0,0.0,300
MZI_null,MZI,MZI_null_07642,0.004556801461943825,1.3341282669677677,3.2216330644351894,0.0,0.0,300
MZI_null,MZI,MZI_null_07643,0.08734693282867238,-4.243800865633812,-1.3923571555073222,0.0,0.0,300
MZI_null,MZI,MZI_null_07644,0.18582840510875606,-6.49288359820852,-2.175861004535826,0.0,0.0,300
MZI_null,MZI,MZI_null_07645,-0.051444725467011614,-4.5956318010612005,1.6186368497563595,0.0,0.0,300
MZI_null,MZI,MZI_null_07646,0.056522260656116555,-4.133175069801476,0.8165387607075181,0.0,0.0,300
MZI_null,MZI,MZI_null_07647,-0.02376243520023269,-4.670583719667029,-3.1387552307286013,0.0,0.0,300
MZI_null,MZI,MZI_null_07648,0.06540766121639098,0.817029635565516,-2.4603046988643587,0.0,0.0,300
MZI_null,MZI,MZI_null_07649,0.08166620005035176,2.7452624727324473,-4.776611669110759,0.0,0.0,300
MZI_null,MZI,MZI_null_07650,0.05335048092579355,0.49196707388622496,-1.285449449796492,0.0,0.0,300
MZI_null,MZI,MZI_null_07651,0.18574248162834703,4.596511114783852,0.03006604515890876,0.0,0.0,300
MZI_null,MZI,MZI_null_07652,-0.03503845984169986,0.9309484229858698,1.526206581133704,0.0,0.0,300
MZI_null,MZI,MZI_null_07653,-0.37782464323772763,-2.0082066682733406,-2.1837984002173414,0.0,0.0,300
MZI_null,MZI,MZI_null_07654,0.0595058537270875,-2.580974840881371,-1.2555282768130052,0.0,0.0,300
MZI_null,MZI,MZI_null_07655,-0.12948191391916225,0.20358765527346234,3.9651266644061955,0.0,0.0,300
MZI_null,MZI,MZI_null_07656,-0.12715079238225524,-6.19116506944092,-0.9399903405176083,0.0,0.0,300
MZI_null,MZI,MZI_null_07657,-0.004298349155289586,1.51279835836108,-4.6875848571355965,0.0,0.0,300
MZI_null,MZI,MZI_null_07658,-0.08069327625361461,-8.443109717800558,3.1249509086354674,0.0,0.0,300
MZI_null,MZI,MZI_null_07659,0.03758169424850453,-3.39029874194239,-4.9668144357735295,0.0,0.0,300
MZI_null,MZI,MZI_null_07660,-0.18457140872658764,-0.7571993006258262,-4.322275136802131,0.0,0.0,300
MZI_null,MZI,MZI_null_07661,0.015600813472285403,4.128834583405093,-2.042762868834462,0.0,0.0,300
MZI_null,MZI,MZI_null_07662,-0.14421666659615684,-0.8539783836417107,-4.677375222345182,0.0,0.0,300
MZI_null,MZI,MZI_null_07663,0.2579976795494105,2.2108590055850055,-1.4925148568609323,0.0,0.0,300
MZI_null,MZI,MZI_null_07664,-0.13459397721363298,-3.2773096183260817,-1.8869968362562848,0.0,0.0,300
MZI_null,MZI,MZI_null_07665,0.05753506975605972,1.118896987903348,-4.109537892275769,0.0,0.0,300
MZI_null,MZI,MZI_null_07666,0.15163643480141167,-0.1469431615661061,-2.5233684724198193,0.0,0.0,300
MZI_null,MZI,MZI_null_07667,-0.16300678435155155,-1.6513018481222965,-4.178765451106252,0.0,0.0,300
MZI_null,MZI,MZI_null_07668,0.1535521273743909,-5.371648316396614,0.6431185794894319,0.0,0.0,300
MZI_null,MZI,MZI_null_07669,-0.012092454722262313,-3.6818746531256035,-1.3084945189578725,0.0,0.0,300
MZI_null,MZI,MZI_null_07670,0.16199747544513024,-5.57677222698137,-2.2364696655754503,0.0,0.0,300
MZI_null,MZI,MZI_null_07671,-0.1127615347030782,-2.115851400646144,-3.054042677537963,0.0,0.0,300
MZI_null,MZI,MZI_null_07672,-0.26521218635799215,-5.165412640797086,3.9132650556143354,0.0,0.0,300
MZI_null,MZI,MZI_null_07673,0.037009231692940896,-1.3629138385757678,-1.8478371700259149,0.0,0.0,300
MZI_null,MZI,MZI_null_07674,-0.007743813616375411,-3.28943576849414,0.5807855931231956,0.0,0.0,300
MZI_null,MZI,MZI_null_07675,0.015121328138905947,-5.513804630475845,-0.238826490687422,0.0,0.0,300
MZI_null,MZI,MZI_null_07676,-0.3688112884907326,-0.7584224009666434,-5.228070570509564,0.0,0.0,300
MZI_null,MZI,MZI_null_07677,-0.01440826292551139,-5.583882809588568,-0.9915304014007089,0.0,0.0,300
MZI_null,MZI,MZI_null_07678,0.08674177789143332,2.508481255748741,-5.624072965034435,0.0,0.0,300
MZI_null,MZI,MZI_null_07679,0.14632094335067025,-1.6065418838675853,-2.352001458473872,0.0,0.0,300
MZI_null,MZI,MZI_null_07680,0.11397847575891895,-2.70777455325562,1.1525915492020373,0.0,0.0,300
MZI_null,MZI,MZI_null_07681,-0.14884045696919923,-3.898991096888877,1.8308001583837985,0.0,0.0,300
MZI_null,MZI,MZI_null_07682,0.22281007853556328,-2.1050956974585477,-9.361866776067341,0.0,0.0,300
MZI_null,MZI,MZI_null_07683,-0.029857392391268237,-1.9027216465327106,-1.6983201300795163,0.0,0.0,300
MZI_null,MZI,MZI_null_07684,0.05045078424982966,-3.430729782791966,1.5166125820340817,0.0,0.0,300
MZI_null,MZI,MZI_null_07685,-0.1750069909096563,1.7105461220624232,3.650236471883278,0.0,0.0,300
MZI_null,MZI,MZI_null_07686,-0.13695896070904612,-4.740799476809189,0.23208594133258442,0.0,0.0,300
MZI_null,MZI,MZI_null_07687,-0.1780830614614334,-3.4778086133069603,2.3075808693680435,0.0,0.0,300
MZI_null,MZI,MZI_null_07688,0.11064101467154444,3.9405890250687685,-0.4876475571993768,0.0,0.0,300
MZI_null,MZI,MZI_null_07689,-0.09162570034172783,-1.8462694650409386,-1.4517650182259036,0.0,0.0,300
MZI_null,MZI,MZI_null_07690,-0.020483566380470313,-2.071411124287199,-3.7953001265387094,0.0,0.0,300
MZI_null,MZI,MZI_null_07691,0.042332663245596425,-6.225989803275773,-3.150479823724343,0.0,0.0,300
MZI_null,MZI,MZI_null_07692,-0.017831814470972613,-8.778659937966776,1.3069746090347523,0.0,0.0,300
MZI_null,MZI,MZI_null_07693,-0.3079731764771258,0.008763072694534468,-4.8784278697844865,0.0,0.0,300
MZI_null,MZI,MZI_null_07694,-0.06073780360552492,-0.44260805915171186,5.594418558438447,0.0,0.0,300
MZI_null,MZI,MZI_null_07695,0.01746779665610241,-7.947878984598524,1.8610853979073219,0.0,0.0,300
MZI_null,MZI,MZI_null_07696,-0.034787760728852736,-1.7902800366235292,0.6735890896628427,0.0,0.0,300
MZI_null,MZI,MZI_null_07697,-0.3338066935358571,-1.9803894567944127,-2.229081669858086,0.0,0.0,300
MZI_null,MZI,MZI_null_07698,0.18327523590082784,0.18134129001622856,-5.881005768344642,0.0,0.0,300
MZI_null,MZI,MZI_null_07699,0.18939387785235726,-0.6514247355193663,-5.641724792359655,0.0,0.0,300
MZI_null,MZI,MZI_null_07700,0.008362965523915961,1.1044783415675656,-4.642131617720182,0.0,0.0,300
MZI_null,MZI,MZI_null_07701,0.20663660037681256,-6.537886322382577,-3.3736815299409537,0.0,0.0,300
MZI_null,MZI,MZI_null_07702,-0.1414306253084538,2.1308011947659855,-2.4730484096475904,0.0,0.0,300
MZI_null,MZI,MZI_null_07703,-0.17442255039914967,-0.6643673632578144,0.9835429717781561,0.0,0.0,300
MZI_null,MZI,MZI_null_07704,0.10013041421911971,-2.814017495678029,-0.23639709688915622,0.0,0.0,300
MZI_null,MZI,MZI_null_07705,-0.09753496293439284,3.0244050338071915,2.432615475973795,0.0,0.0,300
MZI_null,MZI,MZI_null_07706,0.1624435243561013,0.3823478037206365,0.5591999179850045,0.0,0.0,300
MZI_null,MZI,MZI_null_07707,-0.1866543726224682,-0.10009629123305475,-0.6572043098100397,0.0,0.0,300
MZI_null,MZI,MZI_null_07708,0.18950461274263786,0.4222575471472845,0.6511414104590645,0.0,0.0,300
MZI_null,MZI,MZI_null_07709,-0.2526337196295234,-2.267001609825412,-2.673676779710969,0.0,0.0,300
MZI_null,MZI,MZI_null_07710,0.03785488862746104,-3.246644814327931,-1.8278373282799179,0.0,0.0,300
MZI_null,MZI,MZI_null_07711,0.06885508573600557,-3.2964143407063284,-0.6352253812779627,0.0,0.0,300
MZI_null,MZI,MZI_null_07712,-0.22791178363114595,-4.497204430280176,0.9681307016088812,0.0,0.0,300
MZI_null,MZI,MZI_null_07713,-0.18452881750447117,1.7371752328089913,1.9231980659039625,0.0,0.0,300
MZI_null,MZI,MZI_null_07714,-0.04023449030096798,6.996202316507395,2.72931073354488,0.0,0.0,300
MZI_null,MZI,MZI_null_07715,-0.14239192600586026,0.23852216110014446,-0.8024108010407284,0.0,0.0,300
MZI_null,MZI,MZI_null_07716,-0.11650681362891166,-5.209727429498627,1.9846800046651372,0.0,0.0,300
MZI_null,MZI,MZI_null_07717,-0.08969181969362003,-2.305629065111156,-3.7630777846795853,0.0,0.0,300
MZI_null,MZI,MZI_null_07718,-0.11222369059478864,-2.380787600214416,0.1645468781724546,0.0,0.0,300
MZI_null,MZI,MZI_null_07719,-0.38825387453271726,-1.9492406024997495,-3.2383630377551063,0.0,0.0,300
MZI_null,MZI,MZI_null_07720,0.21035439801753372,6.828257938016311,-2.077837104861146,0.0,0.0,300
MZI_null,MZI,MZI_null_07721,-0.2583342841069792,-1.6493690902443006,-1.6162879884796149,0.0,0.0,300
MZI_null,MZI,MZI_null_07722,0.29570259735019355,2.999768030126628,1.5961249117896932,0.0,0.0,300
MZI_null,MZI,MZI_null_07723,-0.08800411218189873,0.033299698542410106,-0.20498092279508784,0.0,0.0,300
MZI_null,MZI,MZI_null_07724,0.03619848049490861,-6.674689545703611,2.1853860153609395,0.0,0.0,300
MZI_null,MZI,MZI_null_07725,0.016171249246685268,-2.3025240426337255,-2.8004694850264826,0.0,0.0,300
MZI_null,MZI,MZI_null_07726,-0.11904247494800663,-1.0482242561630541,-6.247488405574246,0.0,0.0,300
MZI_null,MZI,MZI_null_07727,0.11842481394750637,-5.162316310987056,-7.1760420586158755,0.0,0.0,300
MZI_null,MZI,MZI_null_07728,0.2732842973889031,-4.574261148036735,-3.166477484565087,0.0,0.0,300
MZI_null,MZI,MZI_null_07729,0.1701807496512112,3.5632927015499236,-5.59900473581029,0.0,0.0,300
MZI_null,MZI,MZI_null_07730,-0.14342520903760042,-4.6480364664817895,1.8044049880869633,0.0,0.0,300
MZI_null,MZI,MZI_null_07731,0.24586981918943002,-5.240757684734237,3.2442360139046595,0.0,0.0,300
MZI_null,MZI,MZI_null_07732,-0.10635511672930531,-0.9916312911632832,-4.814361098283452,0.0,0.0,300
MZI_null,MZI,MZI_null_07733,-0.018289562037299697,-2.3333381422181487,-1.945474918945821,0.0,0.0,300
MZI_null,MZI,MZI_null_07734,0.05774564719795457,-5.021092594557578,-3.6511698945605247,0.0,0.0,300
MZI_null,MZI,MZI_null_07735,0.06568082174240332,2.026105992927186,-1.0684410821437689,0.0,0.0,300
MZI_null,MZI,MZI_null_07736,0.07555061601932588,0.2742400308920203,1.4915155659004746,0.0,0.0,300
MZI_null,MZI,MZI_null_07737,-0.14302870887549576,-4.331030690614712,-3.0702237818306046,0.0,0.0,300
MZI_null,MZI,MZI_null_07738,0.2892950701340946,-0.475421182484288,0.38994716115505046,0.0,0.0,300
MZI_null,MZI,MZI_null_07739,0.054935362977560784,-5.962380210858497,4.814571412331116,0.0,0.0,300
MZI_null,MZI,MZI_null_07740,0.07187812961804409,0.16948033796485795,-6.296563866747406,0.0,0.0,300
MZI_null,MZI,MZI_null_07741,0.1169465778542277,-3.0686373503828808,-4.968348924178711,0.0,0.0,300
MZI_null,MZI,MZI_null_07742,-0.1430645498807696,-5.794682625360099,-4.84535258534383,0.0,0.0,300
MZI_null,MZI,MZI_null_07743,0.009082173054631503,-3.160288366194953,0.002208086484162042,0.0,0.0,300
MZI_null,MZI,MZI_null_07744,0.25139638066020065,-2.388511140882012,-7.734667881875281,0.0,0.0,300
MZI_null,MZI,MZI_null_07745,-0.03629373173217248,1.580183309193615,-1.2578184174904896,0.0,0.0,300
MZI_null,MZI,MZI_null_07746,0.2293995980537553,-0.641175220586544,-6.514809203192167,0.0,0.0,300
MZI_null,MZI,MZI_null_07747,0.016437337565753767,-1.1089961172058134,2.2410674038209315,0.0,0.0,300
MZI_null,MZI,MZI_null_07748,0.2729454857417352,0.723176559126097,0.3214393921616512,0.0,0.0,300
MZI_null,MZI,MZI_null_07749,0.10142824073675194,-2.504020419348702,-5.388633510422288,0.0,0.0,300
MZI_null,MZI,MZI_null_07750,0.006224412933429032,-0.9041290176232832,-4.610972877735769,0.0,0.0,300
MZI_null,MZI,MZI_null_07751,0.1989932459249912,1.0162330464472937,-5.115284245863608,0.0,0.0,300
MZI_null,MZI,MZI_null_07752,0.20487484331848116,-2.9249431076295416,-3.335474695355046,0.0,0.0,300
MZI_null,MZI,MZI_null_07753,0.16189165391197888,-2.1531632382801744,4.697555962510609,0.0,0.0,300
MZI_null,MZI,MZI_null_07754,-0.12793320658301263,-7.194972571917964,-1.8413148434984246,0.0,0.0,300
MZI_null,MZI,MZI_null_07755,0.11838337485907091,-4.7814289566066295,-4.990301148399638,0.0,0.0,300
MZI_null,MZI,MZI_null_07756,0.03433911040541311,-6.391061630502549,-0.07992190115975883,0.0,0.0,300
MZI_null,MZI,MZI_null_07757,-0.051093457684226566,-0.5166005349428802,-5.1514864117738055,0.0,0.0,300
MZI_null,MZI,MZI_null_07758,0.19472447271658558,-2.5491034549810694,1.2905680037144696,0.0,0.0,300
MZI_null,MZI,MZI_null_07759,0.14398131919273338,-5.472334857097867,1.6467725288242292,0.0,0.0,300
MZI_null,MZI,MZI_null_07760,-0.21376001627164884,-6.110413228279679,4.891997707965303,0.0,0.0,300
MZI_null,MZI,MZI_null_07761,0.1667780053194937,4.220992526301265,-2.1106420918237316,0.0,0.0,300
MZI_null,MZI,MZI_null_07762,0.015364299611701295,-0.4179357597429103,-1.036586699781683,0.0,0.0,300
MZI_null,MZI,MZI_null_07763,-0.11192040310438567,-4.688254093640147,-0.3584133015131513,0.0,0.0,300
MZI_null,MZI,MZI_null_07764,-0.16002897624934573,-5.284590477100558,0.1807160334637783,0.0,0.0,300
MZI_null,MZI,MZI_null_07765,-0.014273902722842282,0.8116188117450558,-2.274734230248527,0.0,0.0,300
MZI_null,MZI,MZI_null_07766,-0.08718839249633033,-0.729339811893587,-3.436074623661481,0.0,0.0,300
MZI_null,MZI,MZI_null_07767,-0.0987191588335028,-3.8553631711382446,-1.6291063188866586,0.0,0.0,300
MZI_null,MZI,MZI_null_07768,0.2658654814943854,-6.1303664748714715,2.8865227463523766,0.0,0.0,300
MZI_null,MZI,MZI_null_07769,0.11066801344348752,2.7009365421099787,8.410058144966818,0.0,0.0,300
MZI_null,MZI,MZI_null_07770,0.2147179531181783,0.777000843723584,-4.937489054875052,0.0,0.0,300
MZI_null,MZI,MZI_null_07771,-0.1779333392266564,-0.9194294469043351,-6.094228443758693,0.0,0.0,300
MZI_null,MZI,MZI_null_07772,0.09231588769368289,-8.404765672283034,2.456700156693847,0.0,0.0,300
MZI_null,MZI,MZI_null_07773,-0.04825504679003978,-1.6202091635894331,-3.245116889261447,0.0,0.0,300
MZI_null,MZI,MZI_null_07774,-0.28477896153338583,1.7040858375827854,3.0071041848641418,0.0,0.0,300
MZI_null,MZI,MZI_null_07775,-0.05272316478055467,-0.014211305797976692,-2.1726742606312115,0.0,0.0,300
MZI_null,MZI,MZI_null_07776,0.04327347663993695,0.27741759676032895,0.6652547737216208,0.0,0.0,300
MZI_null,MZI,MZI_null_07777,0.2011454420114018,-0.44335797288399403,-0.9157461488842141,0.0,0.0,300
MZI_null,MZI,MZI_null_07778,-0.1142128451816133,-3.4355161409717625,1.4301541901750485,0.0,0.0,300
MZI_null,MZI,MZI_null_07779,-0.22527397783711778,1.317421910238389,-1.8434311780435997,0.0,0.0,300
MZI_null,MZI,MZI_null_07780,-0.12279088566118349,-5.296172530344402,1.0231033569451613,0.0,0.0,300
MZI_null,MZI,MZI_null_07781,-0.0021962030704977243,2.76629566968946,-4.7892269515777635,0.0,0.0,300
MZI_null,MZI,MZI_null_07782,-0.08672454345927945,-2.2766634743822403,-3.255570231909802,0.0,0.0,300
MZI_null,MZI,MZI_null_07783,0.000917799621270446,-1.0414977007534434,0.4534527173892202,0.0,0.0,300
MZI_null,MZI,MZI_null_07784,0.22592506963266915,-5.9104172863447415,0.013280959805932246,0.0,0.0,300
MZI_null,MZI,MZI_null_07785,-0.09704142293822499,-0.709959859929246,0.2939965590591409,0.0,0.0,300
MZI_null,MZI,MZI_null_07786,-0.14803790748484968,-4.703457027902263,0.5349291904087248,0.0,0.0,300
MZI_null,MZI,MZI_null_07787,0.0035106766116195735,-2.6588655221948128,0.9739604893249207,0.0,0.0,300
MZI_null,MZI,MZI_null_07788,0.10975777137931975,-3.5888903381051085,-3.5561594129275003,0.0,0.0,300
MZI_null,MZI,MZI_null_07789,-0.18928784652564629,-1.8996376393955448,-5.269480831445694,0.0,0.0,300
MZI_null,MZI,MZI_null_07790,0.01491426873435511,1.6505103742733178,-2.0603793108588526,0.0,0.0,300
MZI_null,MZI,MZI_null_07791,-0.08043064208102454,3.9935343208814347,3.529105457562938,0.0,0.0,300
MZI_null,MZI,MZI_null_07792,-0.11468968058331212,-1.5829604568230746,-0.013965272955752117,0.0,0.0,300
MZI_null,MZI,MZI_null_07793,0.03054906340892673,3.444020343138363,-0.7383103227417389,0.0,0.0,300
MZI_null,MZI,MZI_null_07794,0.03558523134465253,0.0659868854392478,2.569759148143002,0.0,0.0,300
MZI_null,MZI,MZI_null_07795,0.14053487914561588,-0.38574564106508236,-5.676099416181724,0.0,0.0,300
MZI_null,MZI,MZI_null_07796,-0.0732206586087639,0.45826362161581224,-0.2488039081620832,0.0,0.0,300
MZI_null,MZI,MZI_null_07797,0.12391929507344278,3.661498185013744,-4.530889615177973,0.0,0.0,300
MZI_null,MZI,MZI_null_07798,0.17068652622068756,-2.9910903874808934,1.8060494578241966,0.0,0.0,300
MZI_null,MZI,MZI_null_07799,-0.006183111505217622,4.381013616678986,-0.6097391912147858,0.0,0.0,300
MZI_null,MZI,MZI_null_07800,-0.09607713365339705,-0.7403761316246968,-0.028171657845190268,0.0,0.0,300
MZI_null,MZI,MZI_null_07801,0.17071456411656716,-0.6558416041852235,6.425193917507909,0.0,0.0,300
MZI_null,MZI,MZI_null_07802,-0.01671062031034085,-2.298859849341421,-2.811658150159163,0.0,0.0,300
MZI_null,MZI,MZI_null_07803,0.01285025075312655,-1.3068226367511377,-0.1563684101323669,0.0,0.0,300
MZI_null,MZI,MZI_null_07804,0.010078151324099881,-3.8294636501818964,-3.6449953842470655,0.0,0.0,300
MZI_null,MZI,MZI_null_07805,-0.05627605872533345,1.4246129807053407,3.0703990564744377,0.0,0.0,300
MZI_null,MZI,MZI_null_07806,-0.011544680466065252,-4.824748899402274,-1.2435208309503734,0.0,0.0,300
MZI_null,MZI,MZI_null_07807,0.3137498152905119,0.9969035059498617,0.6522280745976425,0.0,0.0,300
MZI_null,MZI,MZI_null_07808,0.1444027375578854,2.6216998340239384,-4.458598604641359,0.0,0.0,300
MZI_null,MZI,MZI_null_07809,-0.05880598030456841,-3.5861648985104466,0.76134319121295,0.0,0.0,300
MZI_null,MZI,MZI_null_07810,0.024016633595939595,0.2689338720682244,-2.5206620496016683,0.0,0.0,300
MZI_null,MZI,MZI_null_07811,0.20579280760187343,-2.208001124447905,1.0836366558745496,0.0,0.0,300
MZI_null,MZI,MZI_null_07812,0.17931097483844097,1.345372946484905,0.08248522520538981,0.0,0.0,300
MZI_null,MZI,MZI_null_07813,0.12290203595738178,3.2249819919168603,0.5408037019240874,0.0,0.0,300
MZI_null,MZI,MZI_null_07814,-0.10944696030923699,-0.25084780710834487,-1.111843654058771,0.0,0.0,300
MZI_null,MZI,MZI_null_07815,-0.3522001701606516,-0.6140059288907223,-0.6500480499531789,0.0,0.0,300
MZI_null,MZI,MZI_null_07816,0.17346266572461574,-4.250280972464919,-5.517128987137923,0.0,0.0,300
MZI_null,MZI,MZI_null_07817,0.025302128911576415,-0.859467837183661,-0.7185011638432933,0.0,0.0,300
MZI_null,MZI,MZI_null_07818,0.0031063025528105213,-5.20618086261898,-1.4167514109247696,0.0,0.0,300
MZI_null,MZI,MZI_null_07819,-0.052260874425662275,1.2181262223023204,0.13797609209184247,0.0,0.0,300
MZI_null,MZI,MZI_null_07820,-0.041699568261779243,3.171654629268297,-1.806723028645028,0.0,0.0,300
MZI_null,MZI,MZI_null_07821,0.08366800858292446,-2.500764000767847,3.8934575450840114,0.0,0.0,300
MZI_null,MZI,MZI_null_07822,0.013028966372041652,-1.650757316327979,-1.4196110763181407,0.0,0.0,300
MZI_null,MZI,MZI_null_07823,0.029476788900182203,1.5986135159437276,1.5375315340540636,0.0,0.0,300
MZI_null,MZI,MZI_null_07824,0.004211427167425648,3.1039753193699617,1.618956924027707,0.0,0.0,300
MZI_null,MZI,MZI_null_07825,-0.06572716787960238,-6.141045061201814,-2.2450414053897108,0.0,0.0,300
MZI_null,MZI,MZI_null_07826,0.06200231678253792,-0.20839888810571994,3.077413049906057,0.0,0.0,300
MZI_null,MZI,MZI_null_07827,-0.16418189626785,-3.3174660018404314,-4.532928009623539,0.0,0.0,300
MZI_null,MZI,MZI_null_07828,-0.20081988173691684,-3.8834562378599555,0.0998367328820633,0.0,0.0,300
MZI_null,MZI,MZI_null_07829,0.1157091652335474,-4.845062319865024,-3.42782775816172,0.0,0.0,300
MZI_null,MZI,MZI_null_07830,-0.2669734762985151,-1.356943375169013,-3.196416705912215,0.0,0.0,300
MZI_null,MZI,MZI_null_07831,0.2494547067317771,-0.7705736010512159,-1.5143372303703253,0.0,0.0,300
MZI_null,MZI,MZI_null_07832,-0.09616686413166786,-6.484010660582688,-5.103615330836293,0.0,0.0,300
MZI_null,MZI,MZI_null_07833,-0.09332114318582022,-4.096708646072914,-3.997515528537983,0.0,0.0,300
MZI_null,MZI,MZI_null_07834,0.05656420911635167,-0.4572032227554226,-2.3758971919051843,0.0,0.0,300
MZI_null,MZI,MZI_null_07835,0.2902728402397976,-7.240188099548276,-0.8255083030832102,0.0,0.0,300
MZI_null,MZI,MZI_null_07836,-0.03278703061318879,-3.65210264590177,-3.092988538039178,0.0,0.0,300
MZI_null,MZI,MZI_null_07837,-0.0010439824368537111,-2.6765834819651864,-2.1756295813376783,0.0,0.0,300
MZI_null,MZI,MZI_null_07838,-0.1948079452484062,-6.854335453431497,-1.8655494255866962,0.0,0.0,300
MZI_null,MZI,MZI_null_07839,-0.06031441567447954,-2.591110580830483,-1.325865393668526,0.0,0.0,300
MZI_null,MZI,MZI_null_07840,-0.07837535128242268,-2.6372222714546165,-3.5605849243104832,0.0,0.0,300
MZI_null,MZI,MZI_null_07841,0.2285918713744925,-4.399220444449906,-2.1129421283960217,0.0,0.0,300
MZI_null,MZI,MZI_null_07842,-0.10856831836708208,-4.221744620614709,-0.92607530008616,0.0,0.0,300
MZI_null,MZI,MZI_null_07843,-0.015335131482451804,-3.3783811711256306,-1.8504279746629346,0.0,0.0,300
MZI_null,MZI,MZI_null_07844,-0.10797203264899057,-0.7948230868215185,5.165578227772141,0.0,0.0,300
MZI_null,MZI,MZI_null_07845,-0.13122619158498275,-0.818110328796186,-0.8651531289378696,0.0,0.0,300
MZI_null,MZI,MZI_null_07846,0.10029446371988845,0.09037888148821471,-0.38376190834401813,0.0,0.0,300
MZI_null,MZI,MZI_null_07847,-0.005973086417264963,-3.3033505989453396,-3.294881059325906,0.0,0.0,300
MZI_null,MZI,MZI_null_07848,-0.014526849142767712,-5.8537664942530405,-2.7815679703524063,0.0,0.0,300
MZI_null,MZI,MZI_null_07849,0.16602804367088528,-1.7044633367609263,1.6779932568066491,0.0,0.0,300
MZI_null,MZI,MZI_null_07850,0.2204465829987636,-2.5310883677444513,-0.37802249741907534,0.0,0.0,300
MZI_null,MZI,MZI_null_07851,-0.04527688412291333,-4.437817281426819,-3.858904777997214,0.0,0.0,300
MZI_null,MZI,MZI_null_07852,0.12647255588947368,-1.3741181585430557,4.5398092162431585,0.0,0.0,300
MZI_null,MZI,MZI_null_07853,0.14580780193858364,-4.193638968609104,1.5210265406803138,0.0,0.0,300
MZI_null,MZI,MZI_null_07854,-0.0457613308653383,1.6505791273870045,-2.459001631729061,0.0,0.0,300
MZI_null,MZI,MZI_null_07855,-0.15786389403640086,-4.387265231184228,-3.233994707244741,0.0,0.0,300
MZI_null,MZI,MZI_null_07856,-0.12603776469279962,-3.7178248268153204,1.5700756109757128,0.0,0.0,300
MZI_null,MZI,MZI_null_07857,0.26940663123992764,-5.990568546660511,2.7905391284994483,0.0,0.0,300
MZI_null,MZI,MZI_null_07858,-0.0716555573961643,-0.9563524063932982,-5.962438091719892,0.0,0.0,300
MZI_null,MZI,MZI_null_07859,0.07860525260172839,-8.015937190448188,-0.058194783069503875,0.0,0.0,300
MZI_null,MZI,MZI_null_07860,0.03858840705440047,-1.426977097113598,-3.2047304518987882,0.0,0.0,300
MZI_null,MZI,MZI_null_07861,0.08242900116444656,-0.8267554717498484,-1.6298583509233588,0.0,0.0,300
MZI_null,MZI,MZI_null_07862,0.1007775460762791,-2.286812439696516,0.5863314767262859,0.0,0.0,300
MZI_null,MZI,MZI_null_07863,-0.018881899109113528,-1.3498940266713781,0.7241688232257859,0.0,0.0,300
MZI_null,MZI,MZI_null_07864,-0.05968688604270524,-5.701509758762586,-0.1717629833555363,0.0,0.0,300
MZI_null,MZI,MZI_null_07865,0.17840870679193946,-1.102547081127662,-0.04557305591088179,0.0,0.0,300
MZI_null,MZI,MZI_null_07866,-0.006326415974496077,0.21735595831960275,-1.557806248413812,0.0,0.0,300
MZI_null,MZI,MZI_null_07867,-0.06808481716902927,1.3158947586245975,-2.5916149548780467,0.0,0.0,300
MZI_null,MZI,MZI_null_07868,0.13342064196776235,1.3178063858731264,0.7004507961861826,0.0,0.0,300
MZI_null,MZI,MZI_null_07869,-0.18738532793589488,-1.9185352723325073,-1.6059999911758518,0.0,0.0,300
MZI_null,MZI,MZI_null_07870,-0.07439988830029699,-1.5717452379607173,1.3076190424926444,0.0,0.0,300
MZI_null,MZI,MZI_null_07871,-0.06878289901967977,-2.5141480228210233,-1.7231768014959628,0.0,0.0,300
MZI_null,MZI,MZI_null_07872,0.17458065683164675,-2.7713018534317593,-4.703216973285237,0.0,0.0,300
MZI_null,MZI,MZI_null_07873,-0.2360152258485771,-0.9118113003020907,-3.282045219657706,0.0,0.0,300
MZI_null,MZI,MZI_null_07874,0.10030867579087176,-5.9936599655213945,-2.6167364998318234,0.0,0.0,300
MZI_null,MZI,MZI_null_07875,-0.19958532742802224,-0.6961678533532303,0.9465426218739506,0.0,0.0,300
MZI_null,MZI,MZI_null_07876,0.05079377364549003,-5.257808961211529,-3.237291232331998,0.0,0.0,300
MZI_null,MZI,MZI_null_07877,0.035147098291733084,-7.0632242243730925,-1.723404833163709,0.0,0.0,300
MZI_null,MZI,MZI_null_07878,0.2275358030003822,-2.5398666475411247,-5.465633917095854,0.0,0.0,300
MZI_null,MZI,MZI_null_07879,-0.0911113871514203,-3.892076977032727,5.420926339509684,0.0,0.0,300
MZI_null,MZI,MZI_null_07880,0.24985186207708435,0.19280630230473417,-2.0292277922241944,0.0,0.0,300
MZI_null,MZI,MZI_null_07881,0.18009444914695844,-5.400378917151375,2.2297259457327776,0.0,0.0,300
MZI_null,MZI,MZI_null_07882,0.13919603061300656,-2.454037203947842,2.417558940052316,0.0,0.0,300
MZI_null,MZI,MZI_null_07883,-0.06708316941957748,-5.795256794294701,1.933895038999764,0.0,0.0,300
MZI_null,MZI,MZI_null_07884,-0.012786439370918884,-0.194658190103997,4.462659774678219,0.0,0.0,300
MZI_null,MZI,MZI_null_07885,-0.10833811085944452,-2.4301385145199257,3.7089035137331425,0.0,0.0,300
MZI_null,MZI,MZI_null_07886,0.10030975962829251,-4.099348232613789,-3.865053110618436,0.0,0.0,300
MZI_null,MZI,MZI_null_07887,-0.07921209601550185,-4.215244114408635,-0.2879556415314075,0.0,0.0,300
MZI_null,MZI,MZI_null_07888,0.011765176079639943,-1.162286737173946,-3.522438404679347,0.0,0.0,300
MZI_null,MZI,MZI_null_07889,-0.010625086128788269,-8.16709932186865,-0.5649810479159006,0.0,0.0,300
MZI_null,MZI,MZI_null_07890,0.17631609674337978,-6.274237728038541,0.4502846919423835,0.0,0.0,300
MZI_null,MZI,MZI_null_07891,-0.09165215276408448,0.40750346108010804,-0.5240576463631637,0.0,0.0,300
MZI_null,MZI,MZI_null_07892,0.06070561689906611,-1.8055283037336787,2.9849954191530585,0.0,0.0,300
MZI_null,MZI,MZI_null_07893,0.05211157165426535,-4.116271142007354,-0.7038548430369892,0.0,0.0,300
MZI_null,MZI,MZI_null_07894,-0.0553321564449074,-1.5128002804412326,-2.259309137100438,0.0,0.0,300
MZI_null,MZI,MZI_null_07895,-0.10152161033194719,-1.4021833617546626,-0.8326311141503392,0.0,0.0,300
MZI_null,MZI,MZI_null_07896,0.15959337675687713,-3.244867637398439,-6.9425615424859215,0.0,0.0,300
MZI_null,MZI,MZI_null_07897,-0.05458061976949693,-6.879292276749731,0.24701592228972835,0.0,0.0,300
MZI_null,MZI,MZI_null_07898,-0.25108468925231814,-4.965113187242304,-2.087003374824589,0.0,0.0,300
MZI_null,MZI,MZI_null_07899,0.2315925907141717,-5.218670347144752,-0.9627850505602414,0.0,0.0,300
MZI_null,MZI,MZI_null_07900,0.08699648654358885,2.4521816596620924,1.3333842551642294,0.0,0.0,300
MZI_null,MZI,MZI_null_07901,0.1640860427448698,0.5929211765546238,-4.627368914188417,0.0,0.0,300
MZI_null,MZI,MZI_null_07902,0.05395381564755701,0.5459828565166682,-3.8695008690220596,0.0,0.0,300
MZI_null,MZI,MZI_null_07903,-0.08696398150860339,-4.409576885381169,1.3178689579040994,0.0,0.0,300
MZI_null,MZI,MZI_null_07904,-0.010392168049369798,-2.962537683005291,-4.8450097499589635,0.0,0.0,300
MZI_null,MZI,MZI_null_07905,-0.010109137979068863,-3.702765064954247,-0.269981304207513,0.0,0.0,300
MZI_null,MZI,MZI_null_07906,-0.1714450797968176,-1.466281221481398,-2.3168523114964623,0.0,0.0,300
MZI_null,MZI,MZI_null_07907,-0.18739453886027196,-5.9818521136344405,-4.531061164068083,0.0,0.0,300
MZI_null,MZI,MZI_null_07908,-0.03095985861608132,-1.6370136969094988,-0.19052910286845637,0.0,0.0,300
MZI_null,MZI,MZI_null_07909,0.04613293765926714,-4.275569782937601,2.1752087242855267,0.0,0.0,300
MZI_null,MZI,MZI_null_07910,-0.06633382890122295,-0.6495507198208039,-1.4924663004814505,0.0,0.0,300
MZI_null,MZI,MZI_null_07911,0.05634318475545622,-2.6429841984347413,0.18090462972369936,0.0,0.0,300
MZI_null,MZI,MZI_null_07912,-0.0011083304820485385,0.4415217119520669,-3.4560551296335946,0.0,0.0,300
MZI_null,MZI,MZI_null_07913,-0.26548370038358676,-4.92007225830229,2.2067552457141013,0.0,0.0,300
MZI_null,MZI,MZI_null_07914,-0.023183822983160938,-1.723813113360313,-4.160909842139161,0.0,0.0,300
MZI_null,MZI,MZI_null_07915,0.009833058772541776,-5.068437932218089,-3.627343825158265,0.0,0.0,300
MZI_null,MZI,MZI_null_07916,-0.06037255242358204,-0.6647082264735635,0.6555427419275306,0.0,0.0,300
MZI_null,MZI,MZI_null_07917,0.08685673469067555,-6.764252345133122,-1.0199935011707841,0.0,0.0,300
MZI_null,MZI,MZI_null_07918,-0.0295172750074104,-6.596547248244367,-0.9520486998334047,0.0,0.0,300
MZI_null,MZI,MZI_null_07919,-0.0375640826155142,-0.46542298364633794,-0.7562587712805926,0.0,0.0,300
MZI_null,MZI,MZI_null_07920,-0.08239807954248797,0.7772873513709322,-7.663700502325373,0.0,0.0,300
MZI_null,MZI,MZI_null_07921,-0.009639769264441525,-7.289752795975808,-3.7365798136183597,0.0,0.0,300
MZI_null,MZI,MZI_null_07922,0.07872205545140244,-5.822592441322409,-5.271153456111804,0.0,0.0,300
MZI_null,MZI,MZI_null_07923,0.35729174751234366,-6.077867154260494,3.9515627092639196,0.0,0.0,300
MZI_null,MZI,MZI_null_07924,-0.02583032468688907,-3.574487364316926,0.7003591717646143,0.0,0.0,300
MZI_null,MZI,MZI_null_07925,0.20048911133167488,-5.438203826324985,-2.530749369185591,0.0,0.0,300
MZI_null,MZI,MZI_null_07926,0.12703046020263783,-1.136017062719,2.305753491924148,0.0,0.0,300
MZI_null,MZI,MZI_null_07927,0.07726679316476691,3.4246720274474445,-0.4642342034990492,0.0,0.0,300
MZI_null,MZI,MZI_null_07928,0.03327167224964428,-1.0348358839526037,-1.4274665551796741,0.0,0.0,300
MZI_null,MZI,MZI_null_07929,0.12721307382013866,-1.2888763284109217,1.3645400274354316,0.0,0.0,300
MZI_null,MZI,MZI_null_07930,0.141674978043624,-0.7146359553190178,0.5051489727025902,0.0,0.0,300
MZI_null,MZI,MZI_null_07931,-0.15154946813948006,-3.651060763459464,1.5301503589721945,0.0,0.0,300
MZI_null,MZI,MZI_null_07932,0.213544677272777,-7.821290676525081,-2.7035894417542448,0.0,0.0,300
MZI_null,MZI,MZI_null_07933,0.0035430903621975107,-4.637823386242033,-3.4675589325450487,0.0,0.0,300
MZI_null,MZI,MZI_null_07934,0.07123798106907071,2.744127907514301,-7.095470668966422,0.0,0.0,300
MZI_null,MZI,MZI_null_07935,-0.025571422347254433,-0.6101589746288363,1.3406419166007248,0.0,0.0,300
MZI_null,MZI,MZI_null_07936,0.047869101460355765,3.284207649808346,-0.9132802200226179,0.0,0.0,300
MZI_null,MZI,MZI_null_07937,0.1967989185588146,-3.9391030110379073,-0.8260511602334506,0.0,0.0,300
MZI_null,MZI,MZI_null_07938,-0.1819072613698276,0.7025933216469831,-1.3613285879235293,0.0,0.0,300
MZI_null,MZI,MZI_null_07939,0.0536731593779847,-2.9401058938552214,0.7592855049770479,0.0,0.0,300
MZI_null,MZI,MZI_null_07940,0.05961509607836281,-4.983954289913619,-3.8103022977490313,0.0,0.0,300
MZI_null,MZI,MZI_null_07941,-0.0041653095512027664,-0.021278127780028022,4.588686659341542,0.0,0.0,300
MZI_null,MZI,MZI_null_07942,0.045448628499859346,1.0225942074656205,-5.838552804292506,0.0,0.0,300
MZI_null,MZI,MZI_null_07943,0.30194337741509736,-0.18294136661242177,-1.1488135334763392,0.0,0.0,300
MZI_null,MZI,MZI_null_07944,-0.02470440711868881,-5.321599393576995,-3.463860387160513,0.0,0.0,300
MZI_null,MZI,MZI_null_07945,0.28656534482001206,-4.967013314858038,-4.024803273599035,0.0,0.0,300
MZI_null,MZI,MZI_null_07946,-0.10533307291133685,-5.594542258883818,-0.9540802754634699,0.0,0.0,300
MZI_null,MZI,MZI_null_07947,0.1633365768997858,-3.8314769788161005,-5.119972839282465,0.0,0.0,300
MZI_null,MZI,MZI_null_07948,0.04377919695219807,-2.1673230130394394,2.008173650244874,0.0,0.0,300
MZI_null,MZI,MZI_null_07949,-0.06817624489534056,-2.7804703388800256,-1.448591093629807,0.0,0.0,300
MZI_null,MZI,MZI_null_07950,0.013350616583022315,-3.1776850320727696,-2.6639323241380266,0.0,0.0,300
MZI_null,MZI,MZI_null_07951,-0.2775566527322762,-3.6961616273603513,1.145669804245256,0.0,0.0,300
MZI_null,MZI,MZI_null_07952,0.12753682790533286,-3.413339070773902,2.8984579945452857,0.0,0.0,300
MZI_null,MZI,MZI_null_07953,-0.00430561075505322,-6.013539115447844,-5.957152169362767,0.0,0.0,300
MZI_null,MZI,MZI_null_07954,0.18273868839295895,-3.1190111757832213,-4.642193569217737,0.0,0.0,300
MZI_null,MZI,MZI_null_07955,-0.3388914257153302,-3.187148332625429,0.21425257698908373,0.0,0.0,300
MZI_null,MZI,MZI_null_07956,-0.10465367160693069,-5.159735480401615,-2.648127305820182,0.0,0.0,300
MZI_null,MZI,MZI_null_07957,0.18647880287172836,-6.1789448530255715,-2.9251030912675513,0.0,0.0,300
MZI_null,MZI,MZI_null_07958,0.1816136609426386,-0.5174711317287395,-0.462616558663131,0.0,0.0,300
MZI_null,MZI,MZI_null_07959,-0.0972669203124373,-1.9084855564987162,-2.613487205359902,0.0,0.0,300
MZI_null,MZI,MZI_null_07960,-0.12890791966061266,-5.240172425905221,1.3522867891174952,0.0,0.0,300
MZI_null,MZI,MZI_null_07961,-0.009060919832420336,-1.056458768591912,-0.5449804425957889,0.0,0.0,300
MZI_null,MZI,MZI_null_07962,0.06613782417125391,-2.7641563699576754,-2.4449723531637226,0.0,0.0,300
MZI_null,MZI,MZI_null_07963,-0.12229204940866835,-6.241907400221341,-4.366099511868749,0.0,0.0,300
MZI_null,MZI,MZI_null_07964,-0.05481265816503324,-6.809118453306435,-5.1468577124080905,0.0,0.0,300
MZI_null,MZI,MZI_null_07965,0.15632098389527663,-1.3274615454386227,-2.355510184610562,0.0,0.0,300
MZI_null,MZI,MZI_null_07966,0.34073616883568403,-6.944749156139086,1.9268338293854654,0.0,0.0,300
MZI_null,MZI,MZI_null_07967,-0.016719912416912404,0.35514106873843554,-0.6731388481875787,0.0,0.0,300
MZI_null,MZI,MZI_null_07968,-0.28083675933678864,-1.7136185973235145,0.006667563918794084,0.0,0.0,300
MZI_null,MZI,MZI_null_07969,-0.32879779477866206,3.8321448814056946,-0.06637721748168368,0.0,0.0,300
MZI_null,MZI,MZI_null_07970,0.10079816102047433,-5.496588168728935,1.0718525664368546,0.0,0.0,300
MZI_null,MZI,MZI_null_07971,0.16342566893445837,-1.2392953155864626,-1.0281146755622936,0.0,0.0,300
MZI_null,MZI,MZI_null_07972,-0.13403821873476246,-2.6486207533499773,-2.536088542777841,0.0,0.0,300
MZI_null,MZI,MZI_null_07973,0.08579934560890264,-4.549627775352208,0.6939521645106721,0.0,0.0,300
MZI_null,MZI,MZI_null_07974,-0.12584783440944847,-2.787057662480055,0.84813319103845,0.0,0.0,300
MZI_null,MZI,MZI_null_07975,-0.10556950799790658,-0.04839053306719432,0.6589824730141045,0.0,0.0,300
MZI_null,MZI,MZI_null_07976,-0.04064260100654153,1.485349604067368,-0.766646974068657,0.0,0.0,300
MZI_null,MZI,MZI_null_07977,0.1653414789878025,3.3803947746315357,-1.7239030651039342,0.0,0.0,300
MZI_null,MZI,MZI_null_07978,0.09674324760410949,-3.9127037759686267,-4.098443228524594,0.0,0.0,300
MZI_null,MZI,MZI_null_07979,-0.029318948607964263,-6.087800839248389,-3.8128233389419295,0.0,0.0,300
MZI_null,MZI,MZI_null_07980,0.08871488989816018,-3.540947046346515,1.1315422613655843,0.0,0.0,300
MZI_null,MZI,MZI_null_07981,0.04491179070262307,3.553462186057345,0.5730118567281375,0.0,0.0,300
MZI_null,MZI,MZI_null_07982,0.16713271054189713,-0.7943460106173608,-0.06581949676578214,0.0,0.0,300
MZI_null,MZI,MZI_null_07983,0.17470995631699726,0.006392397595794019,-0.36980916112771567,0.0,0.0,300
MZI_null,MZI,MZI_null_07984,0.03084819988945766,-0.385312064508752,-3.014120558379655,0.0,0.0,300
MZI_null,MZI,MZI_null_07985,-0.10706991992080474,2.2762177971187967,4.593240991579993,0.0,0.0,300
MZI_null,MZI,MZI_null_07986,-0.13933236876152486,-4.006983297319113,2.427568458512434,0.0,0.0,300
MZI_null,MZI,MZI_null_07987,0.08002799897135947,0.02928431596276626,1.6898038845591712,0.0,0.0,300
MZI_null,MZI,MZI_null_07988,-0.03610982426161134,-1.0100902250294406,-0.24342354790572374,0.0,0.0,300
MZI_null,MZI,MZI_null_07989,-0.12877374003681907,-1.0547271703528884,2.713132088449004,0.0,0.0,300
MZI_null,MZI,MZI_null_07990,-0.05011998582650421,-1.5422922537771977,-0.37987325196743194,0.0,0.0,300
MZI_null,MZI,MZI_null_07991,-0.0426996825652906,0.030703713083073403,-3.0401968937649624,0.0,0.0,300
MZI_null,MZI,MZI_null_07992,0.1998968278043901,-0.12138331510326372,-3.810305802018684,0.0,0.0,300
MZI_null,MZI,MZI_null_07993,0.254701452732938,-1.4956956162152137,-3.168842551705155,0.0,0.0,300
MZI_null,MZI,MZI_null_07994,0.1656831787486787,-0.5159854416559249,-6.315879112702115,0.0,0.0,300
MZI_null,MZI,MZI_null_07995,-0.07884904758657804,-1.162707988335369,-7.478700032927977,0.0,0.0,300
MZI_null,MZI,MZI_null_07996,0.0127605128081091,-1.5260618818842202,-4.550475647127468,0.0,0.0,300
MZI_null,MZI,MZI_null_07997,0.040596732938994524,-1.9776084826248994,-4.573882317655044,0.0,0.0,300
MZI_null,MZI,MZI_null_07998,0.13793408202942378,0.513561384303415,-1.8692112605570839,0.0,0.0,300
MZI_null,MZI,MZI_null_07999,-0.029787198508773566,0.17879181278603617,-1.6019894293354198,0.0,0.0,300
MZI_null,MZI,MZI_null_08000,-0.2896362300780232,-0.5391903278002179,-3.4397779622155253,0.0,0.0,300
MZI_null,MZI,MZI_null_08001,-0.05847645816263905,2.3736117038544275,-1.4019354220263942,0.0,0.0,300
MZI_null,MZI,MZI_null_08002,0.00026024038108098227,-0.4709981736092077,0.5160018316220967,0.0,0.0,300
MZI_null,MZI,MZI_null_08003,-0.1378796651066675,-2.1808955466031232,-0.8915424162225186,0.0,0.0,300
MZI_null,MZI,MZI_null_08004,0.04080403449432404,-1.1323341772501418,6.762323686332373,0.0,0.0,300
MZI_null,MZI,MZI_null_08005,-0.1763789655880867,0.9402748605938687,2.5501274174991773,0.0,0.0,300
MZI_null,MZI,MZI_null_08006,0.07391759608852908,-3.950946184619225,3.9940040908028793,0.0,0.0,300
MZI_null,MZI,MZI_null_08007,-0.3287974297110297,-4.049800091653479,2.515046591668434,0.0,0.0,300
MZI_null,MZI,MZI_null_08008,-0.05551674051337769,2.789393574400557,-5.535414234035201,0.0,0.0,300
MZI_null,MZI,MZI_null_08009,-0.1668152840922012,-3.594914510380925,0.2521978326095864,0.0,0.0,300
MZI_null,MZI,MZI_null_08010,-0.033303022557003445,-3.4711977576872632,3.2611892932955717,0.0,0.0,300
MZI_null,MZI,MZI_null_08011,0.2270167463083726,-3.2431392971226667,-6.129303421988988,0.0,0.0,300
MZI_null,MZI,MZI_null_08012,-0.32362257437810693,-1.2821296556589312,0.9678668666563928,0.0,0.0,300
MZI_null,MZI,MZI_null_08013,0.009449667836781871,-2.2127243212422756,-3.4136278440822476,0.0,0.0,300
MZI_null,MZI,MZI_null_08014,0.09824696908707574,3.0345561366967306,-7.6506330320066676,0.0,0.0,300
MZI_null,MZI,MZI_null_08015,-0.011625178318157297,-4.911045048240801,-5.471397982161555,0.0,0.0,300
MZI_null,MZI,MZI_null_08016,-0.1694963806176624,-0.8609814329467862,0.21488659277349798,0.0,0.0,300
MZI_null,MZI,MZI_null_08017,0.21904316417622,-1.973655358563616,-6.274664889608736,0.0,0.0,300
MZI_null,MZI,MZI_null_08018,-0.03572543135639575,-6.159137216647352,-4.620387659266015,0.0,0.0,300
MZI_null,MZI,MZI_null_08019,0.0870838587609743,-1.41745728321674,0.7626967863059921,0.0,0.0,300
MZI_null,MZI,MZI_null_08020,-0.053623927090759194,0.3715886902760679,-2.2402086948703337,0.0,0.0,300
MZI_null,MZI,MZI_null_08021,0.16750242491133707,-0.9660831815853725,-1.6209906114538524,0.0,0.0,300
MZI_null,MZI,MZI_null_08022,0.03181395662641453,-2.053582102924753,3.7883195459387693,0.0,0.0,300
MZI_null,MZI,MZI_null_08023,0.036815643386818364,-2.0048380171835256,-1.715472571152398,0.0,0.0,300
MZI_null,MZI,MZI_null_08024,0.12647763288675165,0.12374001716051408,-1.8215248909378845,0.0,0.0,300
MZI_null,MZI,MZI_null_08025,-0.1733462271934213,-4.705904415135061,-1.5524876186265884,0.0,0.0,300
MZI_null,MZI,MZI_null_08026,0.20233912591786246,-2.7505298877407416,-2.7823708298966934,0.0,0.0,300
MZI_null,MZI,MZI_null_08027,-0.2641078969872969,2.5406243068068894,0.7070844379443799,0.0,0.0,300
MZI_null,MZI,MZI_null_08028,0.11940149550087865,0.8850641557881245,-1.4941906862768897,0.0,0.0,300
MZI_null,MZI,MZI_null_08029,0.0126885950621303,2.4658058258559823,-0.4612573320425891,0.0,0.0,300
MZI_null,MZI,MZI_null_08030,0.08812879350959917,0.6116521516015343,0.9287939972679311,0.0,0.0,300
MZI_null,MZI,MZI_null_08031,-0.019225375539974065,-2.1016515284417587,1.3329213139278266,0.0,0.0,300
MZI_null,MZI,MZI_null_08032,0.11640042899020894,1.5046977970583852,0.6532909499295156,0.0,0.0,300
MZI_null,MZI,MZI_null_08033,0.08949084203880821,-3.3387001003533405,-2.743448533215705,0.0,0.0,300
MZI_null,MZI,MZI_null_08034,0.11709460115272416,-3.722555204049125,-1.0621030093505859,0.0,0.0,300
MZI_null,MZI,MZI_null_08035,0.20685348614569363,1.6617108770352669,-0.0946335076084488,0.0,0.0,300
MZI_null,MZI,MZI_null_08036,-0.04442093697505653,-2.370136731030514,1.6029804231668443,0.0,0.0,300
MZI_null,MZI,MZI_null_08037,-0.005474891616924841,-3.674847179030792,2.6473242692239216,0.0,0.0,300
MZI_null,MZI,MZI_null_08038,0.027240020869392177,-3.731767462975239,0.43682056679789283,0.0,0.0,300
MZI_null,MZI,MZI_null_08039,0.14568276197887622,-5.023019194363282,-1.6013617400588038,0.0,0.0,300
MZI_null,MZI,MZI_null_08040,-0.03700250513826183,-0.6431385026495711,0.8960249685795745,0.0,0.0,300
MZI_null,MZI,MZI_null_08041,-0.08272108669192282,-6.478253527718075,2.095396263798202,0.0,0.0,300
MZI_null,MZI,MZI_null_08042,-0.16799179058658192,-1.1864473848683683,-1.395942696192047,0.0,0.0,300
MZI_null,MZI,MZI_null_08043,0.02436658578061128,2.9537019151205746,8.114844840865485,0.0,0.0,300
MZI_null,MZI,MZI_null_08044,-0.24501561170979128,0.9517184659987707,-1.4687433180329381,0.0,0.0,300
MZI_null,MZI,MZI_null_08045,0.15717817705688283,0.8717892285374909,3.22923442159449,0.0,0.0,300
MZI_null,MZI,MZI_null_08046,0.04274473727440457,-4.668729454865072,1.7829484661288606,0.0,0.0,300
MZI_null,MZI,MZI_null_08047,0.017699636421609644,-2.701529645402397,-2.428671642114886,0.0,0.0,300
MZI_null,MZI,MZI_null_08048,0.15095033536576938,2.8101084760221315,-4.586057676098903,0.0,0.0,300
MZI_null,MZI,MZI_null_08049,0.09329283637183958,-3.1171615562679356,-5.401817194576341,0.0,0.0,300
MZI_null,MZI,MZI_null_08050,0.022155873114451226,-4.499413340568681,-5.733259683400592,0.0,0.0,300
MZI_null,MZI,MZI_null_08051,-0.11726107083368016,-5.083321753741561,-2.9400605591901736,0.0,0.0,300
MZI_null,MZI,MZI_null_08052,-0.19888261154305334,-3.185420325878642,-3.1397473842519177,0.0,0.0,300
MZI_null,MZI,MZI_null_08053,0.0563420815718486,-0.21938304080505366,-0.2195542696646744,0.0,0.0,300
MZI_null,MZI,MZI_null_08054,-0.035316668681026356,-2.787282787076944,-3.5112249622340963,0.0,0.0,300
MZI_null,MZI,MZI_null_08055,-0.12194919891149053,0.11081160423620817,-6.279107795951393,0.0,0.0,300
MZI_null,MZI,MZI_null_08056,-0.012108740746941361,-2.9705871846836036,0.7973963041246774,0.0,0.0,300
MZI_null,MZI,MZI_null_08057,-0.2137517975133526,-1.9625578835421813,0.028953024077320588,0.0,0.0,300
MZI_null,MZI,MZI_null_08058,-0.2857096827935992,-5.222983918585212,-1.2753695404383738,0.0,0.0,300
MZI_null,MZI,MZI_null_08059,0.07712203614514566,-1.4525020666619004,0.681362758849422,0.0,0.0,300
MZI_null,MZI,MZI_null_08060,-0.16190587689609817,-6.7662510491840795,-0.7464825827296319,0.0,0.0,300
MZI_null,MZI,MZI_null_08061,-0.18440298573211722,-4.59596697814341,1.7968350644791204,0.0,0.0,300
MZI_null,MZI,MZI_null_08062,0.028364933515027682,-3.704434715766243,-3.0940945139228906,0.0,0.0,300
MZI_null,MZI,MZI_null_08063,0.09313823353337472,-1.36408719305005,-4.643669926968073,0.0,0.0,300
MZI_null,MZI,MZI_null_08064,-0.2921735599651421,3.645405497920449,-4.667437675952673,0.0,0.0,300
MZI_null,MZI,MZI_null_08065,0.07915447549501843,2.532078797014522,-0.5572072935005332,0.0,0.0,300
MZI_null,MZI,MZI_null_08066,-0.0900655014700807,-6.278147125087136,-5.320031608960091,0.0,0.0,300
MZI_null,MZI,MZI_null_08067,0.056504227301457904,2.3529289688499535,-2.1863772901135876,0.0,0.0,300
MZI_null,MZI,MZI_null_08068,-0.08335806932240461,0.09244327243355954,-3.0578417617142404,0.0,0.0,300
MZI_null,MZI,MZI_null_08069,0.04117243614426317,-1.8745956497434624,-2.2284041757341666,0.0,0.0,300
MZI_null,MZI,MZI_null_08070,-0.0023307238104780742,3.2894563439499374,0.8135988323028684,0.0,0.0,300
MZI_null,MZI,MZI_null_08071,0.16387512063839677,-4.756083082760183,2.287808442822724,0.0,0.0,300
MZI_null,MZI,MZI_null_08072,0.09585307132034775,-6.498788289678103,0.6193722001132991,0.0,0.0,300
MZI_null,MZI,MZI_null_08073,-0.07699112051920158,-6.637411028976849,-0.6106728030171414,0.0,0.0,300
MZI_null,MZI,MZI_null_08074,0.08085638865939147,-1.5451757940663113,-1.3274157545372658,0.0,0.0,300
MZI_null,MZI,MZI_null_08075,-0.04958780076874979,5.399764028024668,-4.547708165585938,0.0,0.0,300
MZI_null,MZI,MZI_null_08076,0.1309382973535805,-1.9537310873330487,-3.5633995188010963,0.0,0.0,300
MZI_null,MZI,MZI_null_08077,-0.007259857594286847,-6.1787979127658526,-2.7864712204205606,0.0,0.0,300
MZI_null,MZI,MZI_null_08078,-0.007040148875340853,-6.65335117579739,0.5191476154641748,0.0,0.0,300
MZI_null,MZI,MZI_null_08079,-0.14456415613672982,-6.355162874040657,-4.241253207485111,0.0,0.0,300
MZI_null,MZI,MZI_null_08080,0.326393124275323,-7.934192425606519,0.3083692663093711,0.0,0.0,300
MZI_null,MZI,MZI_null_08081,-0.11274544065289298,-3.0503845145526847,0.8117927860409981,0.0,0.0,300
MZI_null,MZI,MZI_null_08082,0.08322280722583807,-4.042089257485372,-5.073472019899882,0.0,0.0,300
MZI_null,MZI,MZI_null_08083,0.09332114605509588,-0.34286842097196746,-1.8549085263645648,0.0,0.0,300
MZI_null,MZI,MZI_null_08084,0.06629165757125674,-3.337488442926606,-3.4811126951043647,0.0,0.0,300
MZI_null,MZI,MZI_null_08085,0.000594327168161279,-0.4429017767254475,-0.0722491913426988,0.0,0.0,300
MZI_null,MZI,MZI_null_08086,0.07637440201150086,-4.281736619867377,3.745643374274758,0.0,0.0,300
MZI_null,MZI,MZI_null_08087,-0.05135712830079369,-2.3567469544297746,-4.955967727653603,0.0,0.0,300
MZI_null,MZI,MZI_null_08088,-0.029078273444592583,-0.4032867894454486,1.287531838077994,0.0,0.0,300
MZI_null,MZI,MZI_null_08089,0.23429111057801733,-0.4392953125236172,-0.16926041260089042,0.0,0.0,300
MZI_null,MZI,MZI_null_08090,-0.06694426672714787,-3.9852212246990204,1.9107455440044672,0.0,0.0,300
MZI_null,MZI,MZI_null_08091,0.14266055276083628,-5.231038102546318,1.1692876614604444,0.0,0.0,300
MZI_null,MZI,MZI_null_08092,0.09755755370937635,-5.341426655042583,0.6213704143675303,0.0,0.0,300
MZI_null,MZI,MZI_null_08093,-0.1574319689222711,-9.287878903020466,-1.480307241076149,0.0,0.0,300
MZI_null,MZI,MZI_null_08094,0.03867220578824834,-2.34521241464934,7.601320451563923,0.0,0.0,300
MZI_null,MZI,MZI_null_08095,0.056827684385246165,-1.558574542103899,0.2887739099422726,0.0,0.0,300
MZI_null,MZI,MZI_null_08096,-0.06619785066001464,0.7884371862806163,0.08300583853130483,0.0,0.0,300
MZI_null,MZI,MZI_null_08097,0.04727575558387361,-3.8723606686008174,-5.69299097934728,0.0,0.0,300
MZI_null,MZI,MZI_null_08098,-0.07520791336159359,-1.152098431220323,-2.3340984392348387,0.0,0.0,300
MZI_null,MZI,MZI_null_08099,0.043759075060105644,-2.697085630568915,0.29173845387957065,0.0,0.0,300
MZI_null,MZI,MZI_null_08100,-0.1465236188812971,-1.4213299643447561,-2.922862439054191,0.0,0.0,300
MZI_null,MZI,MZI_null_08101,-0.2307424413195954,-2.495462369085125,3.6089527214541404,0.0,0.0,300
MZI_null,MZI,MZI_null_08102,-0.21878646117689735,-1.6418232488174018,1.392731189792673,0.0,0.0,300
MZI_null,MZI,MZI_null_08103,0.3450046027716677,-3.4787989473400636,-2.896001813812939,0.0,0.0,300
MZI_null,MZI,MZI_null_08104,-0.17500382939088996,1.421549004538658,-3.6022429877172257,0.0,0.0,300
MZI_null,MZI,MZI_null_08105,-0.055589464766302506,-7.546813632113766,1.6519155280355782,0.0,0.0,300
MZI_null,MZI,MZI_null_08106,0.17373874211670393,0.537325190753096,-5.815975844061154,0.0,0.0,300
MZI_null,MZI,MZI_null_08107,0.09107265611689595,-7.018011154172003,-0.8258790938072789,0.0,0.0,300
MZI_null,MZI,MZI_null_08108,0.030761636997569577,-1.069450345675205,0.6039095979124052,0.0,0.0,300
MZI_null,MZI,MZI_null_08109,-0.0012050405338908188,-7.887288538185658,0.6053630263985965,0.0,0.0,300
MZI_null,MZI,MZI_null_08110,0.014641221169162185,-4.7078593741137,-5.708192263409827,0.0,0.0,300
MZI_null,MZI,MZI_null_08111,0.23100332788865377,1.6939016148720483,1.1178722219223638,0.0,0.0,300
MZI_null,MZI,MZI_null_08112,-0.10144498668520546,-9.550986656634553,1.2940375263057051,0.0,0.0,300
MZI_null,MZI,MZI_null_08113,0.05500301607826125,-3.1239869272165297,2.3744189200936283,0.0,0.0,300
MZI_null,MZI,MZI_null_08114,0.12719963009442747,-1.4717135353074515,-0.8948247463866587,0.0,0.0,300
MZI_null,MZI,MZI_null_08115,0.007645157639952191,0.03981961850423765,-3.5724290396289646,0.0,0.0,300
MZI_null,MZI,MZI_null_08116,0.06389746826775548,-4.761772833408772,3.0096655152567022,0.0,0.0,300
MZI_null,MZI,MZI_null_08117,0.07981928573628519,-4.064684784916789,-0.7582125279107503,0.0,0.0,300
MZI_null,MZI,MZI_null_08118,-0.12806795700420612,2.512338513102388,3.868627953413629,0.0,0.0,300
MZI_null,MZI,MZI_null_08119,0.10443355238442718,2.6699697029637317,-0.5446121533824988,0.0,0.0,300
MZI_null,MZI,MZI_null_08120,0.11452688507621954,1.6741735657292667,-1.017230786547751,0.0,0.0,300
MZI_null,MZI,MZI_null_08121,0.010665578597601774,0.8009698042866926,0.9394938967879796,0.0,0.0,300
MZI_null,MZI,MZI_null_08122,-0.11331910803015792,-8.560488113814408,-1.5265841877911448,0.0,0.0,300
MZI_null,MZI,MZI_null_08123,-0.31453712688377683,-4.973052008316645,-3.6228608716011528,0.0,0.0,300
MZI_null,MZI,MZI_null_08124,-0.08529634664101896,0.4613144324906244,2.113038622190781,0.0,0.0,300
MZI_null,MZI,MZI_null_08125,0.07631110797108111,-0.10247907181458427,0.9683613691059385,0.0,0.0,300
MZI_null,MZI,MZI_null_08126,-0.3745244986831386,-1.9694069539786507,-6.389376163510016,0.0,0.0,300
MZI_null,MZI,MZI_null_08127,0.07637092135073109,-8.27932444195909,-1.5413156060520978,0.0,0.0,300
MZI_null,MZI,MZI_null_08128,0.08216546640293801,-5.353273844948936,1.8851478815396607,0.0,0.0,300
MZI_null,MZI,MZI_null_08129,0.07599332549276201,-0.8575259124862709,1.094004762531596,0.0,0.0,300
MZI_null,MZI,MZI_null_08130,-0.05388001316499835,-1.5442434087295736,-0.9698452832974026,0.0,0.0,300
MZI_null,MZI,MZI_null_08131,-0.001882341692421717,-4.016093229941232,-4.727596344168117,0.0,0.0,300
MZI_null,MZI,MZI_null_08132,-0.05052875239342127,-3.175843721582801,-3.2101929625506695,0.0,0.0,300
MZI_null,MZI,MZI_null_08133,0.12780806727150365,-5.516619853566839,-1.5145274766737242,0.0,0.0,300
MZI_null,MZI,MZI_null_08134,0.1749509567341878,0.7273880577986565,2.6488816552918477,0.0,0.0,300
MZI_null,MZI,MZI_null_08135,-0.08861708660613406,0.35286437718312147,-4.188911190934395,0.0,0.0,300
MZI_null,MZI,MZI_null_08136,-0.04138109337248104,-2.5452674323405793,-2.727520636594031,0.0,0.0,300
MZI_null,MZI,MZI_null_08137,-0.054272098212678775,-3.4801277824920582,-3.9471814333050865,0.0,0.0,300
MZI_null,MZI,MZI_null_08138,0.1284620259008687,-2.547350008622808,-0.3956903682481425,0.0,0.0,300
MZI_null,MZI,MZI_null_08139,0.024566530678928212,-1.8358207246699356,-0.7215863618307143,0.0,0.0,300
MZI_null,MZI,MZI_null_08140,-0.045812583004653205,2.2551906055445885,1.2822342849060764,0.0,0.0,300
MZI_null,MZI,MZI_null_08141,0.002757304915652974,-3.3411633078981895,-1.3564625281872411,0.0,0.0,300
MZI_null,MZI,MZI_null_08142,0.06264322745576184,2.4998202776089355,-5.119142633995134,0.0,0.0,300
MZI_null,MZI,MZI_null_08143,0.09896621379626663,1.3801709103359032,-5.4601554097156955,0.0,0.0,300
MZI_null,MZI,MZI_null_08144,-0.027172631509691212,-5.193553919249117,0.2915888350311031,0.0,0.0,300
MZI_null,MZI,MZI_null_08145,-0.05375263985333284,-2.3904172006403765,-2.233167421835423,0.0,0.0,300
MZI_null,MZI,MZI_null_08146,0.10802451491524027,-1.312901118205585,-0.30721970788103337,0.0,0.0,300
MZI_null,MZI,MZI_null_08147,0.024093273762218037,-0.282527358643589,-1.78591556456897,0.0,0.0,300
MZI_null,MZI,MZI_null_08148,0.255116218131139,-5.704384253655559,-6.177755344508946,0.0,0.0,300
MZI_null,MZI,MZI_null_08149,-0.27130208529128597,-8.238764357877308,1.0195094444607564,0.0,0.0,300
MZI_null,MZI,MZI_null_08150,0.08270515489239612,1.6233294753267846,-4.169914644116566,0.0,0.0,300
MZI_null,MZI,MZI_null_08151,0.1118192182118251,-1.829527813552082,-0.5002405025324224,0.0,0.0,300
MZI_null,MZI,MZI_null_08152,0.09384343430244117,-4.268845253187331,6.761747406213463,0.0,0.0,300
MZI_null,MZI,MZI_null_08153,0.19978204564130306,-3.5951178619860813,-4.272214173170044,0.0,0.0,300
MZI_null,MZI,MZI_null_08154,-0.01318562427070376,-1.4532246692538733,2.196845779124932,0.0,0.0,300
MZI_null,MZI,MZI_null_08155,-0.1753081367352489,-1.1435391704025015,-5.587045073244367,0.0,0.0,300
MZI_null,MZI,MZI_null_08156,0.06545363901166781,-2.322512661374152,4.81003928685729,0.0,0.0,300
MZI_null,MZI,MZI_null_08157,-0.23190038163295154,2.1118251444703144,-6.111494005498655,0.0,0.0,300
MZI_null,MZI,MZI_null_08158,-0.19908154116097562,-7.031283675416496,-0.24894217464683766,0.0,0.0,300
MZI_null,MZI,MZI_null_08159,-0.17605482161306005,-6.044994515841614,-0.39169719512985823,0.0,0.0,300
MZI_null,MZI,MZI_null_08160,0.06776630788120358,-1.8804520875490225,-1.4866574470646587,0.0,0.0,300
MZI_null,MZI,MZI_null_08161,0.27433644486557673,-1.562491201274089,1.4170744217667472,0.0,0.0,300
MZI_null,MZI,MZI_null_08162,0.021438318853493815,-5.293628864764052,0.6496630457060504,0.0,0.0,300
MZI_null,MZI,MZI_null_08163,-0.09836959672046884,-2.2729584141177086,-0.08379195431972197,0.0,0.0,300
MZI_null,MZI,MZI_null_08164,-0.2912127100329964,-6.828506371675187,1.7283775174926896,0.0,0.0,300
MZI_null,MZI,MZI_null_08165,-0.0995619669898416,-3.848965967326583,-0.5006848078875393,0.0,0.0,300
MZI_null,MZI,MZI_null_08166,-0.0578508895682804,-0.7472348550716315,-1.1533653661991323,0.0,0.0,300
MZI_null,MZI,MZI_null_08167,0.029790442527067265,-4.105575170726758,-0.4192155301572169,0.0,0.0,300
MZI_null,MZI,MZI_null_08168,0.16576336302531658,-3.703244648342596,1.745954900816454,0.0,0.0,300
MZI_null,MZI,MZI_null_08169,-0.007734047748397371,0.20344496793381328,-0.6136860449406674,0.0,0.0,300
MZI_null,MZI,MZI_null_08170,-0.005011638014688949,-0.9508109537709017,2.640792686906747,0.0,0.0,300
MZI_null,MZI,MZI_null_08171,0.035414594132261334,-0.5644075072748074,-2.1054547407301043,0.0,0.0,300
MZI_null,MZI,MZI_null_08172,0.23563297109925385,-0.07898866721098519,-0.7668746199249816,0.0,0.0,300
MZI_null,MZI,MZI_null_08173,-0.018398050838201174,0.9337248078193312,-2.8186122311357784,0.0,0.0,300
MZI_null,MZI,MZI_null_08174,-0.26743125244069993,-1.7828012017266341,2.570013719343031,0.0,0.0,300
MZI_null,MZI,MZI_null_08175,0.2386963216777011,-2.3218818303016397,-0.8692370081746499,0.0,0.0,300
MZI_null,MZI,MZI_null_08176,0.07792956487739326,-2.7930482565912946,0.5492178451734464,0.0,0.0,300
MZI_null,MZI,MZI_null_08177,-0.012810262660240181,1.0341047715705391,1.168941539293471,0.0,0.0,300
MZI_null,MZI,MZI_null_08178,0.12153417484536491,-2.615952934406264,4.777781961506784,0.0,0.0,300
MZI_null,MZI,MZI_null_08179,0.07258679135692082,-1.2581178395395056,-3.282828941700915,0.0,0.0,300
MZI_null,MZI,MZI_null_08180,-0.014560773022283084,-1.656860717892092,-3.3630318892729,0.0,0.0,300
MZI_null,MZI,MZI_null_08181,-0.043847571865363186,-2.497400054309029,-0.8322380172303452,0.0,0.0,300
MZI_null,MZI,MZI_null_08182,-0.2644060485062406,-2.405811622112793,-2.132038549239795,0.0,0.0,300
MZI_null,MZI,MZI_null_08183,-0.00313262244373494,1.1058296985407683,5.157186476363617,0.0,0.0,300
MZI_null,MZI,MZI_null_08184,0.10175657994669404,-5.703266516199008,-2.0362208554976027,0.0,0.0,300
MZI_null,MZI,MZI_null_08185,0.08939449632466369,-0.5501285107129306,1.9619772063592231,0.0,0.0,300
MZI_null,MZI,MZI_null_08186,-0.014602649143589372,-3.090500733096517,4.257272011748117,0.0,0.0,300
MZI_null,MZI,MZI_null_08187,0.008800590505445637,-5.050023128063344,3.425400971098763,0.0,0.0,300
MZI_null,MZI,MZI_null_08188,-0.22441432370916672,-12.485135667465816,1.308160274112721,0.0,0.0,300
MZI_null,MZI,MZI_null_08189,0.13660514565369467,-0.7579611741659271,-4.907368251976149,0.0,0.0,300
MZI_null,MZI,MZI_null_08190,-0.00883047828634812,-2.8345057206616135,-2.6118670326771682,0.0,0.0,300
MZI_null,MZI,MZI_null_08191,0.2118104146213919,-5.139998175895067,-0.051686640680800644,0.0,0.0,300
MZI_null,MZI,MZI_null_08192,0.17910704754938622,-0.8556754240428865,2.7233551174861215,0.0,0.0,300
MZI_null,MZI,MZI_null_08193,0.08455720836433939,-0.7119509885239133,0.10050460649644122,0.0,0.0,300
MZI_null,MZI,MZI_null_08194,0.09201648999752253,-3.1566172922367812,-4.90562155561836,0.0,0.0,300
MZI_null,MZI,MZI_null_08195,0.14310651171949637,1.485226901517298,-0.24406356728186918,0.0,0.0,300
MZI_null,MZI,MZI_null_08196,-0.08225634294515553,-6.673151349588914,-0.7425787002298356,0.0,0.0,300
MZI_null,MZI,MZI_null_08197,-0.2023425517076957,-6.4669625079137765,-1.062194584047078,0.0,0.0,300
MZI_null,MZI,MZI_null_08198,-0.11456542517820216,-0.9640713315056886,-1.4778868076856229,0.0,0.0,300
MZI_null,MZI,MZI_null_08199,-0.0909951849333915,-7.114745242186897,-3.5586643774910725,0.0,0.0,300
MZI_null,MZI,MZI_null_08200,-0.12242047350766358,-5.675923020544886,-1.9871328857271549,0.0,0.0,300
MZI_null,MZI,MZI_null_08201,-0.17208779867619775,-2.4912282418736456,-0.2787663589940318,0.0,0.0,300
MZI_null,MZI,MZI_null_08202,-0.12392549315837667,-0.7237741117442458,-5.0840736137431115,0.0,0.0,300
MZI_null,MZI,MZI_null_08203,-0.16682660975944358,-2.3396518928743073,1.0611232756659152,0.0,0.0,300
MZI_null,MZI,MZI_null_08204,0.13010993122338996,2.837171866472678,-2.1297666244525306,0.0,0.0,300
MZI_null,MZI,MZI_null_08205,-0.019125197801745673,-5.098026587053961,-4.761298995973069,0.0,0.0,300
MZI_null,MZI,MZI_null_08206,0.034285812949128726,-4.327614498338728,2.6971376000518705,0.0,0.0,300
MZI_null,MZI,MZI_null_08207,-0.2193578597801086,-0.5409403825259109,-4.017217716451087,0.0,0.0,300
MZI_null,MZI,MZI_null_08208,-0.12306727001581254,-0.38266380424390745,-3.027641308323725,0.0,0.0,300
MZI_null,MZI,MZI_null_08209,-0.077367610127985,-4.436475090654707,4.355089374840325,0.0,0.0,300
MZI_null,MZI,MZI_null_08210,-0.09262294666200144,-1.8453433477017105,-1.6057408008432228,0.0,0.0,300
MZI_null,MZI,MZI_null_08211,0.03321255925863916,-3.8442108408978055,-1.6024517036249506,0.0,0.0,300
MZI_null,MZI,MZI_null_08212,0.059092801349090285,-4.589021414008975,2.2679640698844623,0.0,0.0,300
MZI_null,MZI,MZI_null_08213,0.17782207785624485,-0.18052212152378155,-0.7903708492105499,0.0,0.0,300
MZI_null,MZI,MZI_null_08214,-0.4485902172306804,-0.7271266020366118,-2.173991215686593,0.0,0.0,300
MZI_null,MZI,MZI_null_08215,-0.036941161712630954,-7.692131991568449,0.4807654576225775,0.0,0.0,300
MZI_null,MZI,MZI_null_08216,-0.21728715702404316,-1.644726362025817,1.7139724457295231,0.0,0.0,300
MZI_null,MZI,MZI_null_08217,-0.07039922719763282,1.6481551756853214,-3.2409711346215406,0.0,0.0,300
MZI_null,MZI,MZI_null_08218,0.09006496150965025,-5.914357254375583,2.09339130404157,0.0,0.0,300
MZI_null,MZI,MZI_null_08219,0.13139855738689346,-0.5949262311088108,-2.1798524098414336,0.0,0.0,300
MZI_null,MZI,MZI_null_08220,-0.21030009351421677,-3.1719209456583726,2.330921527244368,0.0,0.0,300
MZI_null,MZI,MZI_null_08221,0.019494280735367315,-6.659110788537349,-4.374182918259824,0.0,0.0,300
MZI_null,MZI,MZI_null_08222,0.18797271012784195,-0.5362617436163428,-4.702000362219783,0.0,0.0,300
MZI_null,MZI,MZI_null_08223,-0.26487472442618903,-3.8751264038001993,-6.554076123969758,0.0,0.0,300
MZI_null,MZI,MZI_null_08224,-0.023375173501050086,5.354876115508912,-5.790868227097516,0.0,0.0,300
MZI_null,MZI,MZI_null_08225,-0.02790384948093227,1.9357797259937533,1.2472635749002858,0.0,0.0,300
MZI_null,MZI,MZI_null_08226,-0.02231110721987074,-2.4390460105045917,-4.467729347273737,0.0,0.0,300
MZI_null,MZI,MZI_null_08227,-0.04014836550083302,-1.2696778572796101,2.3153406298222707,0.0,0.0,300
MZI_null,MZI,MZI_null_08228,-0.0930263435272134,-2.5695053841903874,-3.8476404422700474,0.0,0.0,300
MZI_null,MZI,MZI_null_08229,0.033798776931075775,0.3513383509268899,0.8889440402896844,0.0,0.0,300
MZI_null,MZI,MZI_null_08230,-0.1755280613163533,-1.5594103716307557,-3.031937584750565,0.0,0.0,300
MZI_null,MZI,MZI_null_08231,0.151657502347925,-2.483938168320614,-5.558540014723253,0.0,0.0,300
MZI_null,MZI,MZI_null_08232,-0.03297040584115998,-0.6245822924033562,-0.2679818105716014,0.0,0.0,300
MZI_null,MZI,MZI_null_08233,-0.07676940204779704,-3.755820169613439,-3.9625131946489494,0.0,0.0,300
MZI_null,MZI,MZI_null_08234,-0.05921244305029594,-4.567036899577408,1.9102579585319441,0.0,0.0,300
MZI_null,MZI,MZI_null_08235,-0.13517060860974242,-1.6331466129133967,-0.8370882900210017,0.0,0.0,300
MZI_null,MZI,MZI_null_08236,0.14185011718273668,1.2681048668751127,1.0879098298439849,0.0,0.0,300
MZI_null,MZI,MZI_null_08237,0.05293925149351948,-5.145938438282174,-4.206610263214772,0.0,0.0,300
MZI_null,MZI,MZI_null_08238,-0.12685362296474234,0.25576299888374576,-0.7800102152480924,0.0,0.0,300
MZI_null,MZI,MZI_null_08239,0.13029858611033437,1.0084082029602488,-3.177855700897744,0.0,0.0,300
MZI_null,MZI,MZI_null_08240,0.004811149133578074,-2.0389810360507705,-1.9833630688726456,0.0,0.0,300
MZI_null,MZI,MZI_null_08241,-0.08022642817870672,1.5542665102331705,-0.8440848198534974,0.0,0.0,300
MZI_null,MZI,MZI_null_08242,0.001971718283965186,-4.4083330246057875,1.0256372912405136,0.0,0.0,300
MZI_null,MZI,MZI_null_08243,-0.15076612512570225,-0.6352834134659537,0.44668808016548667,0.0,0.0,300
MZI_null,MZI,MZI_null_08244,-0.0618772573985353,-1.0470437564504607,-0.44299132286653875,0.0,0.0,300
MZI_null,MZI,MZI_null_08245,-0.005904093721522447,-1.9611680595643026,-0.8146545304194361,0.0,0.0,300
MZI_null,MZI,MZI_null_08246,0.019486750900807225,-1.8192739059688803,-4.311592570636425,0.0,0.0,300
MZI_null,MZI,MZI_null_08247,-0.022831642650840717,-1.2051541964093837,-0.7081338143821254,0.0,0.0,300
MZI_null,MZI,MZI_null_08248,0.14306253890927076,-0.13974023150163672,-3.6112286051594076,0.0,0.0,300
MZI_null,MZI,MZI_null_08249,-0.024994066208159225,-2.9340099603415637,-1.0130454598815521,0.0,0.0,300
MZI_null,MZI,MZI_null_08250,-0.0004472099758049698,-0.16543499228045366,-0.46801491057656874,0.0,0.0,300
MZI_null,MZI,MZI_null_08251,0.18458175078128256,-1.2769905870129197,-3.49177156101183,0.0,0.0,300
MZI_null,MZI,MZI_null_08252,-0.07009209302523295,-0.1886327878047247,-5.842504793517056,0.0,0.0,300
MZI_null,MZI,MZI_null_08253,-0.20188206221400676,-1.9679083786243088,1.8527663555634977,0.0,0.0,300
MZI_null,MZI,MZI_null_08254,0.19605531479323163,-2.6513172410653145,2.182486060957652,0.0,0.0,300
MZI_null,MZI,MZI_null_08255,0.01084018646533468,-6.594244946729692,-1.0242296094351089,0.0,0.0,300
MZI_null,MZI,MZI_null_08256,-0.09283621869323266,0.7546926414332229,-1.0770257810634603,0.0,0.0,300
MZI_null,MZI,MZI_null_08257,-0.19168696598347054,-6.499144432725678,-1.0629398722433532,0.0,0.0,300
MZI_null,MZI,MZI_null_08258,-0.3630326207189558,-3.554495869483702,-0.3069090227714747,0.0,0.0,300
MZI_null,MZI,MZI_null_08259,-0.1585524756083037,0.9819614707159889,2.5730196492520765,0.0,0.0,300
MZI_null,MZI,MZI_null_08260,-0.15250514291279274,-2.89413252258946,1.984079453964414,0.0,0.0,300
MZI_null,MZI,MZI_null_08261,-0.00019613013826336024,-6.18343573429706,-1.4299632056930593,0.0,0.0,300
MZI_null,MZI,MZI_null_08262,-0.1279392483443759,1.3245936892776564,0.8177962829737666,0.0,0.0,300
MZI_null,MZI,MZI_null_08263,-0.047063541789844204,-1.5735559624098783,-4.924364730917459,0.0,0.0,300
MZI_null,MZI,MZI_null_08264,-0.11306661878364173,2.6598375630774793,-0.8394560422609982,0.0,0.0,300
MZI_null,MZI,MZI_null_08265,0.13951287071870475,-1.303960734775915,2.942845529088573,0.0,0.0,300
MZI_null,MZI,MZI_null_08266,-0.299825629889883,-2.5646527520570195,3.9343449386491676,0.0,0.0,300
MZI_null,MZI,MZI_null_08267,0.14342601533409663,1.9761167763705738,-1.0202937809694725,0.0,0.0,300
MZI_null,MZI,MZI_null_08268,-0.08056596231200751,-5.081493379063785,-4.290784274984531,0.0,0.0,300
MZI_null,MZI,MZI_null_08269,0.12105908433127785,-0.46036684873744393,-1.19972034799108,0.0,0.0,300
MZI_null,MZI,MZI_null_08270,0.0762285982277521,-1.5726447228438176,1.8866531041984507,0.0,0.0,300
MZI_null,MZI,MZI_null_08271,0.1429030132362255,-5.197622301454527,-0.17906203759062977,0.0,0.0,300
MZI_null,MZI,MZI_null_08272,-0.2503300125291123,-1.6009377857282114,0.8129128391047558,0.0,0.0,300
MZI_null,MZI,MZI_null_08273,-0.1970579017189741,-3.2493882063824966,-0.9714208683405934,0.0,0.0,300
MZI_null,MZI,MZI_null_08274,0.03508723745600844,-2.8358111096745047,-4.516864457214016,0.0,0.0,300
MZI_null,MZI,MZI_null_08275,-0.00810108028788874,-6.956730700822934,-1.6979243100464347,0.0,0.0,300
MZI_null,MZI,MZI_null_08276,-0.06620604205453945,-2.4027970203182623,-2.677965932427049,0.0,0.0,300
MZI_null,MZI,MZI_null_08277,-0.22615212572343005,-3.0990299617685366,1.7924603751119577,0.0,0.0,300
MZI_null,MZI,MZI_null_08278,0.1892191205983207,5.318002836157799,4.074951225192992,0.0,0.0,300
MZI_null,MZI,MZI_null_08279,-0.1795406890002156,-3.2253128038179786,-1.068356904513331,0.0,0.0,300
MZI_null,MZI,MZI_null_08280,-0.01283397513505496,-1.7914000103113223,6.222774264642676,0.0,0.0,300
MZI_null,MZI,MZI_null_08281,-0.1623077318688596,-4.140593408642896,3.9314777902672784,0.0,0.0,300
MZI_null,MZI,MZI_null_08282,-0.09239720146272783,-0.8192580489928527,2.103972109604626,0.0,0.0,300
MZI_null,MZI,MZI_null_08283,0.07297485250980446,-1.4247031006925233,1.815832309081952,0.0,0.0,300
MZI_null,MZI,MZI_null_08284,-0.13396028347574557,-3.489089388488004,0.6069127653954909,0.0,0.0,300
MZI_null,MZI,MZI_null_08285,-0.3104158888821376,2.2497514700340773,-0.0898228744066567,0.0,0.0,300
MZI_null,MZI,MZI_null_08286,0.02295476291717253,-6.891538632923172,-4.859827376199214,0.0,0.0,300
MZI_null,MZI,MZI_null_08287,-0.05978754964512926,0.42228955088679676,-7.229848036595756,0.0,0.0,300
MZI_null,MZI,MZI_null_08288,0.11825472011660343,-3.0800939723251,-1.6702704182249557,0.0,0.0,300
MZI_null,MZI,MZI_null_08289,0.03803894125362097,-1.192048286460765,-3.1372857698097913,0.0,0.0,300
MZI_null,MZI,MZI_null_08290,0.0937365132703264,-8.958194419689315,-2.351256659702964,0.0,0.0,300
MZI_null,MZI,MZI_null_08291,0.023052264476535588,-3.034847945643424,-6.480730911897945,0.0,0.0,300
MZI_null,MZI,MZI_null_08292,0.11370410681407063,-5.745163436381157,-1.2025420225848689,0.0,0.0,300
MZI_null,MZI,MZI_null_08293,0.022955189560143426,-1.9405185387038986,2.507032777591446,0.0,0.0,300
MZI_null,MZI,MZI_null_08294,-0.007989383999053017,-0.7176337859091793,-1.1677120994537233,0.0,0.0,300
MZI_null,MZI,MZI_null_08295,0.0919434126249412,2.1804858911425695,-0.5873745115834186,0.0,0.0,300
MZI_null,MZI,MZI_null_08296,0.11727755363744993,2.3659868046465924,3.0715527409228143,0.0,0.0,300
MZI_null,MZI,MZI_null_08297,-0.05779341054168159,1.1092970672355023,-0.2536865198584215,0.0,0.0,300
MZI_null,MZI,MZI_null_08298,0.16758449966008707,-0.2940962493111501,-0.1729957718914359,0.0,0.0,300
MZI_null,MZI,MZI_null_08299,0.06509581205195315,-1.2342861318832061,-0.11700086459046943,0.0,0.0,300
MZI_null,MZI,MZI_null_08300,-0.023824854087286334,-2.755173021822552,4.289524788118008,0.0,0.0,300
MZI_null,MZI,MZI_null_08301,0.0716291866666776,-3.719914766694199,-1.832252294288931,0.0,0.0,300
MZI_null,MZI,MZI_null_08302,0.15843876801719267,-4.208560130265859,-5.446083045433032,0.0,0.0,300
MZI_null,MZI,MZI_null_08303,-0.21126737109030666,-7.186926800614364,-4.8964445747933745,0.0,0.0,300
MZI_null,MZI,MZI_null_08304,-0.17712989097012155,2.1557121388244163,-1.1385376379778052,0.0,0.0,300
MZI_null,MZI,MZI_null_08305,-0.05448953087050759,-6.330239189055721,-1.4293791924140202,0.0,0.0,300
MZI_null,MZI,MZI_null_08306,-0.2605992093846289,-3.1082515138590945,5.193483169531024,0.0,0.0,300
MZI_null,MZI,MZI_null_08307,0.09957053680595475,-2.629394481063592,1.0943708162190693,0.0,0.0,300
MZI_null,MZI,MZI_null_08308,-0.07823147671913523,-4.402033228637563,4.112388888598527,0.0,0.0,300
MZI_null,MZI,MZI_null_08309,-0.17134119808804102,-3.0623637070320515,-0.08190015290946939,0.0,0.0,300
MZI_null,MZI,MZI_null_08310,-0.14043513086361722,-0.048185139105771047,-1.9197835739267575,0.0,0.0,300
MZI_null,MZI,MZI_null_08311,0.0995865491350285,-0.24204746074844508,-1.7290363918774898,0.0,0.0,300
MZI_null,MZI,MZI_null_08312,0.2565988008886478,-3.9960074103003245,3.046611411646211,0.0,0.0,300
MZI_null,MZI,MZI_null_08313,0.1762399863942061,3.31264662298132,-0.47783188197093773,0.0,0.0,300
MZI_null,MZI,MZI_null_08314,-0.11828785678919848,4.230389755988641,-2.0041044039290927,0.0,0.0,300
MZI_null,MZI,MZI_null_08315,-0.12203138590583032,-2.5693602377144384,-3.9450721484712328,0.0,0.0,300
MZI_null,MZI,MZI_null_08316,0.07892232376850188,-3.8170051452755374,-1.8624525097146165,0.0,0.0,300
MZI_null,MZI,MZI_null_08317,0.14516682924974433,-0.12892036947142538,-0.953246282291024,0.0,0.0,300
MZI_null,MZI,MZI_null_08318,0.025631029312047308,-1.9632337081053755,-2.2934651992520934,0.0,0.0,300
MZI_null,MZI,MZI_null_08319,-0.00037899912716809017,-0.527475123521169,-1.378486386936519,0.0,0.0,300
MZI_null,MZI,MZI_null_08320,0.06296514453454108,-4.510006335269141,-2.8116809534371145,0.0,0.0,300
MZI_null,MZI,MZI_null_08321,-0.1101480754910963,-3.695394115377219,2.8615431401182736,0.0,0.0,300
MZI_null,MZI,MZI_null_08322,0.10890581896655403,-5.230769356053036,0.31249488922536495,0.0,0.0,300
MZI_null,MZI,MZI_null_08323,-0.0585873468972855,-4.047153756414697,-5.457218397167521,0.0,0.0,300
MZI_null,MZI,MZI_null_08324,0.14578780407303665,-6.0915894490014155,-1.1558895340296234,0.0,0.0,300
MZI_null,MZI,MZI_null_08325,-0.14194668685873033,0.32753184120977386,-2.0030554789418518,0.0,0.0,300
MZI_null,MZI,MZI_null_08326,-0.020169398328051705,-2.3022027887900984,-0.09228899519264966,0.0,0.0,300
MZI_null,MZI,MZI_null_08327,0.001950714597496415,-2.129819566883349,-2.5552059257643336,0.0,0.0,300
MZI_null,MZI,MZI_null_08328,-0.23620940600131396,-5.355652878625566,1.1554392160419367,0.0,0.0,300
MZI_null,MZI,MZI_null_08329,-0.04587291949894465,-3.992029333167439,-5.217184433254134,0.0,0.0,300
MZI_null,MZI,MZI_null_08330,-0.2579470710135528,-4.109620640384595,1.6641585621357713,0.0,0.0,300
MZI_null,MZI,MZI_null_08331,-0.08356052904334776,-0.7985434242756573,-2.809179488193873,0.0,0.0,300
MZI_null,MZI,MZI_null_08332,0.09583000440432733,-3.0552524054260073,-4.695652736651489,0.0,0.0,300
MZI_null,MZI,MZI_null_08333,-0.040342960184916545,3.502001254841222,4.369652946652564,0.0,0.0,300
MZI_null,MZI,MZI_null_08334,0.0729799954169047,-2.4111764462411074,-0.08829459371474968,0.0,0.0,300
MZI_null,MZI,MZI_null_08335,0.04752785080999344,-2.119660257101305,0.3228320597678511,0.0,0.0,300
MZI_null,MZI,MZI_null_08336,0.031234029323034512,-2.9479171560929407,-4.585770398150929,0.0,0.0,300
MZI_null,MZI,MZI_null_08337,-0.06900888633302486,0.3985565472207906,-1.0943866734860936,0.0,0.0,300
MZI_null,MZI,MZI_null_08338,0.04504303373812577,-2.849046583113237,-4.1787925150318745,0.0,0.0,300
MZI_null,MZI,MZI_null_08339,-0.03579445723077343,-5.067367702248054,-4.258867520810654,0.0,0.0,300
MZI_null,MZI,MZI_null_08340,0.18084549133041142,-3.260258014802649,-3.224454176380101,0.0,0.0,300
MZI_null,MZI,MZI_null_08341,0.2426939526571358,0.44495510621272505,-2.1145276765055145,0.0,0.0,300
MZI_null,MZI,MZI_null_08342,0.06414544883285524,-2.707364954782108,-3.078039037838799,0.0,0.0,300
MZI_null,MZI,MZI_null_08343,0.07120368367275066,-2.972905655960609,-0.7735059730017902,0.0,0.0,300
MZI_null,MZI,MZI_null_08344,0.15320448523495073,0.7336393113861295,-2.6502798755682293,0.0,0.0,300
MZI_null,MZI,MZI_null_08345,0.07290474034306291,-5.383568738437268,0.35124248394711466,0.0,0.0,300
MZI_null,MZI,MZI_null_08346,0.02227429587016584,-0.8630619129097079,-1.8923342639326979,0.0,0.0,300
MZI_null,MZI,MZI_null_08347,0.3126106910478735,-4.703899122860943,1.9146551329053847,0.0,0.0,300
MZI_null,MZI,MZI_null_08348,-0.15475474796524974,-0.4869674761120366,0.7273699317553481,0.0,0.0,300
MZI_null,MZI,MZI_null_08349,0.008246380734342787,-3.4859732316311125,-0.5765953277641036,0.0,0.0,300
MZI_null,MZI,MZI_null_08350,0.04005155001452616,3.369809458918848,-3.617020855900888,0.0,0.0,300
MZI_null,MZI,MZI_null_08351,-0.08338702444710026,-1.1457933287919913,-1.7681613711857553,0.0,0.0,300
MZI_null,MZI,MZI_null_08352,-0.015006155659590023,1.2110555060912818,-9.460799510287705,0.0,0.0,300
MZI_null,MZI,MZI_null_08353,-0.0896924017526717,-7.2271076787537485,-4.587449310712211,0.0,0.0,300
MZI_null,MZI,MZI_null_08354,0.3606936738108705,-0.20549559814173168,1.8546947751743121,0.0,0.0,300
MZI_null,MZI,MZI_null_08355,-0.012079447467964705,0.2761414744957298,-6.299693522560748,0.0,0.0,300
MZI_null,MZI,MZI_null_08356,0.1557447617654401,-4.4595323556797,-2.5939474579777393,0.0,0.0,300
MZI_null,MZI,MZI_null_08357,0.07577266056819783,-1.0506597242533546,-0.7461398548193536,0.0,0.0,300
MZI_null,MZI,MZI_null_08358,-0.20446442303704782,-1.7005589935350744,1.8816840604496852,0.0,0.0,300
MZI_null,MZI,MZI_null_08359,-0.07987306441496911,1.9448111360208875,-3.618075807742028,0.0,0.0,300
MZI_null,MZI,MZI_null_08360,0.0009821837577560634,2.605983200129838,-3.0441997380988286,0.0,0.0,300
MZI_null,MZI,MZI_null_08361,0.15809782250656107,3.9239570866654283,-0.48686779322754936,0.0,0.0,300
MZI_null,MZI,MZI_null_08362,-0.07905254810749604,-4.318216408850071,2.913808110041976,0.0,0.0,300
MZI_null,MZI,MZI_null_08363,0.19150412990094734,2.347927368606026,-1.0985150519678413,0.0,0.0,300
MZI_null,MZI,MZI_null_08364,0.15567104122906575,-2.146518173378211,-3.6491653648250773,0.0,0.0,300
MZI_null,MZI,MZI_null_08365,0.16862651776685295,2.9016108348346137,-4.06180591834396,0.0,0.0,300
MZI_null,MZI,MZI_null_08366,-0.15591464443510047,-1.880054197309626,1.868385817223,0.0,0.0,300
MZI_null,MZI,MZI_null_08367,-0.170072879063093,-1.3189527891322823,-2.771280862179255,0.0,0.0,300
MZI_null,MZI,MZI_null_08368,0.10512436497375031,-4.393660464487671,1.3154090008225379,0.0,0.0,300
MZI_null,MZI,MZI_null_08369,-0.023732221622656226,-4.8114215710431285,-0.8089301337193346,0.0,0.0,300
MZI_null,MZI,MZI_null_08370,-0.2906959971732529,-3.6772837163148195,0.012203210973984913,0.0,0.0,300
MZI_null,MZI,MZI_null_08371,-0.26576321685478427,-9.713410559316234,-8.018101959439502,0.0,0.0,300
MZI_null,MZI,MZI_null_08372,0.1990692833250555,-2.2302770382881882,-2.5973961820215616,0.0,0.0,300
MZI_null,MZI,MZI_null_08373,0.14177321035002446,-3.213349047407333,-0.19461430039980399,0.0,0.0,300
MZI_null,MZI,MZI_null_08374,0.0038633026384894235,-3.4129982622589337,-0.11756234833268231,0.0,0.0,300
MZI_null,MZI,MZI_null_08375,0.11598918321302168,-2.5547198510509634,-2.3816667194638446,0.0,0.0,300
MZI_null,MZI,MZI_null_08376,-0.05137686119991798,-8.893737598357195,-0.15082136047326422,0.0,0.0,300
MZI_null,MZI,MZI_null_08377,-0.1813666933482827,-0.11084382764322775,-1.2712723020258816,0.0,0.0,300
MZI_null,MZI,MZI_null_08378,0.015768164479566093,0.10098751181860699,-3.7795712990228045,0.0,0.0,300
MZI_null,MZI,MZI_null_08379,0.055387266502643535,-1.1971368423120057,-1.5543424979283798,0.0,0.0,300
MZI_null,MZI,MZI_null_08380,-0.13922793011453066,-0.2142849078345077,1.1103636332579483,0.0,0.0,300
MZI_null,MZI,MZI_null_08381,0.01704030389668261,-5.210907247143934,-2.5823470987763626,0.0,0.0,300
MZI_null,MZI,MZI_null_08382,-0.009049908363009986,0.06548364994628031,-5.75046820333935,0.0,0.0,300
MZI_null,MZI,MZI_null_08383,-0.0845705196456565,-3.2080176798266073,-1.249664738209088,0.0,0.0,300
MZI_null,MZI,MZI_null_08384,-0.19519879260372702,-2.6525983351199995,-1.931450692937769,0.0,0.0,300
MZI_null,MZI,MZI_null_08385,-0.15563878072344847,-2.3539027525060523,-2.6235072903565055,0.0,0.0,300
MZI_null,MZI,MZI_null_08386,0.07433792137645608,-4.655982683013016,-0.7304976336146345,0.0,0.0,300
MZI_null,MZI,MZI_null_08387,-0.12125832558439022,-3.7992627144764377,-0.1081251168837829,0.0,0.0,300
MZI_null,MZI,MZI_null_08388,0.03520765992632333,-3.251066547735081,-1.8082318549980037,0.0,0.0,300
MZI_null,MZI,MZI_null_08389,-0.21804096676642862,2.2082929317421005,1.0623691936340842,0.0,0.0,300
MZI_null,MZI,MZI_null_08390,0.097717207630666,-6.785096650868645,-2.78646997746786,0.0,0.0,300
MZI_null,MZI,MZI_null_08391,-0.05018190433854341,-7.793184476102037,1.6698502882282602,0.0,0.0,300
MZI_null,MZI,MZI_null_08392,0.21808267328222042,4.185804868010842,-4.13765148255321,0.0,0.0,300
MZI_null,MZI,MZI_null_08393,0.017598524525141063,1.968454807451264,-1.7608554368408615,0.0,0.0,300
MZI_null,MZI,MZI_null_08394,-0.08504818707640166,-7.598053020633473,2.397867373315248,0.0,0.0,300
MZI_null,MZI,MZI_null_08395,-0.00288911341100474,-4.188025576889187,-0.14842813051341985,0.0,0.0,300
MZI_null,MZI,MZI_null_08396,0.02295080597679974,-1.4952226929362256,-1.6512941869800257,0.0,0.0,300
MZI_null,MZI,MZI_null_08397,0.24335372381450482,-2.4009791997872663,3.8579662289699144,0.0,0.0,300
MZI_null,MZI,MZI_null_08398,0.08461753896002966,-0.9464895717148061,-1.3398242598344658,0.0,0.0,300
MZI_null,MZI,MZI_null_08399,0.14609350403188806,-1.661024697266014,-3.7963936453405953,0.0,0.0,300
MZI_null,MZI,MZI_null_08400,-0.14482382864970533,-0.7325461341971837,-3.7221366554994875,0.0,0.0,300
MZI_null,MZI,MZI_null_08401,-0.009334658545874916,1.1715536156532735,-0.08808946631699888,0.0,0.0,300
MZI_null,MZI,MZI_null_08402,-0.10832023054931215,2.2299625348484184,0.6436257109841046,0.0,0.0,300
MZI_null,MZI,MZI_null_08403,0.1526689480806134,-8.802675029627908,-0.00744136521176153,0.0,0.0,300
MZI_null,MZI,MZI_null_08404,0.12632367545698397,3.1008659268939764,-5.391455752453124,0.0,0.0,300
MZI_null,MZI,MZI_null_08405,0.18091718837917992,2.9331408571037336,-7.051866931836938,0.0,0.0,300
MZI_null,MZI,MZI_null_08406,0.07178866648046141,-0.14713755697789432,-1.9810229879557184,0.0,0.0,300
MZI_null,MZI,MZI_null_08407,-0.07351416900994347,0.003561739863467306,-2.844945260231896,0.0,0.0,300
MZI_null,MZI,MZI_null_08408,-0.03258739926271468,0.43730470247176445,4.262129150980593,0.0,0.0,300
MZI_null,MZI,MZI_null_08409,0.08069764088130271,-1.5995465137564655,-2.549192453982311,0.0,0.0,300
MZI_null,MZI,MZI_null_08410,-0.15159000609765844,1.3287347245028482,-1.4603495533806539,0.0,0.0,300
MZI_null,MZI,MZI_null_08411,0.17260549120000926,-2.9886556339863852,-2.947865984083034,0.0,0.0,300
MZI_null,MZI,MZI_null_08412,0.06311983332412739,-2.2296078178052006,-4.616585813832213,0.0,0.0,300
MZI_null,MZI,MZI_null_08413,0.27260524946727716,-3.8809513213149125,1.7827745635226409,0.0,0.0,300
MZI_null,MZI,MZI_null_08414,0.12627849440947223,-5.7783882947430705,-4.007162933849454,0.0,0.0,300
MZI_null,MZI,MZI_null_08415,-0.045226400955019175,-4.59693963373495,4.179369115636065,0.0,0.0,300
MZI_null,MZI,MZI_null_08416,-0.030026345519776728,0.6692471284422048,0.5409121670006125,0.0,0.0,300
MZI_null,MZI,MZI_null_08417,0.039603367349453,-1.8790363677812363,2.711392123366091,0.0,0.0,300
MZI_null,MZI,MZI_null_08418,-0.12376394600025249,3.1790059313697583,-4.861669541512285,0.0,0.0,300
MZI_null,MZI,MZI_null_08419,0.11722675884336357,-6.215491579819348,-1.9471166566808793,0.0,0.0,300
MZI_null,MZI,MZI_null_08420,0.013996490709145028,-3.4600860464885415,-1.545008708850673,0.0,0.0,300
MZI_null,MZI,MZI_null_08421,-0.208045567189619,-4.962351406170654,0.49479412158764724,0.0,0.0,300
MZI_null,MZI,MZI_null_08422,0.0044507737466167475,-4.071584077464522,2.972833289389014,0.0,0.0,300
MZI_null,MZI,MZI_null_08423,-0.18298963499853238,-3.0847713975921884,-2.5169688345354153,0.0,0.0,300
MZI_null,MZI,MZI_null_08424,0.09225564416415666,-1.855508926588417,-1.3244957396037909,0.0,0.0,300
MZI_null,MZI,MZI_null_08425,-0.27663250558008584,0.5951034418962786,-1.653477444495211,0.0,0.0,300
MZI_null,MZI,MZI_null_08426,0.01734915264156299,-4.2456896602816325,-3.7174862884512185,0.0,0.0,300
MZI_null,MZI,MZI_null_08427,0.22489316377135304,-7.319715734787238,-4.162597083348315,0.0,0.0,300
MZI_null,MZI,MZI_null_08428,0.22207382290036207,-0.07776085700403867,-1.976387595227259,0.0,0.0,300
MZI_null,MZI,MZI_null_08429,0.18698944714329796,-0.6594196508119734,-0.3020197240767417,0.0,0.0,300
MZI_null,MZI,MZI_null_08430,0.03383430256536265,-0.6042853483565189,0.5170775038923587,0.0,0.0,300
MZI_null,MZI,MZI_null_08431,0.3293959579343935,-2.5846784350180165,-1.4921415644446119,0.0,0.0,300
MZI_null,MZI,MZI_null_08432,-0.18553397813560707,-2.1556921604630546,4.588660698634457,0.0,0.0,300
MZI_null,MZI,MZI_null_08433,0.14767275036519845,-3.6310032316259835,-0.9098759064361452,0.0,0.0,300
MZI_null,MZI,MZI_null_08434,-0.19446575633774918,-4.907358032894919,-0.5516765421588474,0.0,0.0,300
MZI_null,MZI,MZI_null_08435,-0.07416819042306792,-5.1337993681352545,0.4695222942136765,0.0,0.0,300
MZI_null,MZI,MZI_null_08436,-0.012337512997998583,-6.702651115073118,-7.225440898503365,0.0,0.0,300
MZI_null,MZI,MZI_null_08437,-0.08550172478613811,-6.764795430324583,-6.606734219411962,0.0,0.0,300
MZI_null,MZI,MZI_null_08438,0.16934538021031278,-2.2931326695958782,-1.7963391346765092,0.0,0.0,300
MZI_null,MZI,MZI_null_08439,-0.028260872422612354,-5.41349645237891,0.232928495042505,0.0,0.0,300
MZI_null,MZI,MZI_null_08440,-0.019605049009881075,-4.272225967938235,-2.822886053574999,0.0,0.0,300
MZI_null,MZI,MZI_null_08441,-0.1841188069818443,-3.218728618705504,-1.718883642347542,0.0,0.0,300
MZI_null,MZI,MZI_null_08442,-0.06484249936949461,-1.8345363279752411,-1.235535114285268,0.0,0.0,300
MZI_null,MZI,MZI_null_08443,0.034615280799691076,0.8292911107647831,0.7790704316392421,0.0,0.0,300
MZI_null,MZI,MZI_null_08444,0.14318847607655036,-4.5432026894786866,-2.525844682265972,0.0,0.0,300
MZI_null,MZI,MZI_null_08445,0.09803950259189516,0.014433014296259206,-3.035861852610646,0.0,0.0,300
MZI_null,MZI,MZI_null_08446,0.09173758886726135,-4.830596349937825,0.4431671724253814,0.0,0.0,300
MZI_null,MZI,MZI_null_08447,-0.00394443012984615,-6.15330681171901,-2.302221465278221,0.0,0.0,300
MZI_null,MZI,MZI_null_08448,0.327340171454324,-1.3916589115850155,5.90134993015478,0.0,0.0,300
MZI_null,MZI,MZI_null_08449,-0.21658897948125544,0.25222537799152667,-8.603008575421347,0.0,0.0,300
MZI_null,MZI,MZI_null_08450,-3.5322737217476124e-05,-0.10634786704603694,1.5136702849888288,0.0,0.0,300
MZI_null,MZI,MZI_null_08451,-0.11989045868706194,1.1172712659302082,-2.6011442801340836,0.0,0.0,300
MZI_null,MZI,MZI_null_08452,-0.02461458766685951,-3.2999666580699016,-4.4091680521969945,0.0,0.0,300
MZI_null,MZI,MZI_null_08453,0.2354579381131288,-1.8559465485257696,2.2619551359758843,0.0,0.0,300
MZI_null,MZI,MZI_null_08454,0.15670668626469006,-4.90382064281895,2.648381743014804,0.0,0.0,300
MZI_null,MZI,MZI_null_08455,0.0755121365323984,-5.122705593418667,0.34655249402451394,0.0,0.0,300
MZI_null,MZI,MZI_null_08456,-0.15344518273021016,2.819375103935921,1.4413602347662895,0.0,0.0,300
MZI_null,MZI,MZI_null_08457,-0.010672284328655288,1.7944108546515514,-5.745962934110613,0.0,0.0,300
MZI_null,MZI,MZI_null_08458,-0.1124011950180062,-2.7572591652211145,5.707054044276553,0.0,0.0,300
MZI_null,MZI,MZI_null_08459,-0.16057243513101083,-7.12191782522202,-5.3331565434948125,0.0,0.0,300
MZI_null,MZI,MZI_null_08460,0.13593238038084016,-3.7825768116165706,-1.47725999310584,0.0,0.0,300
MZI_null,MZI,MZI_null_08461,0.11442489625117264,-2.4742538838737347,-0.38756018647583323,0.0,0.0,300
MZI_null,MZI,MZI_null_08462,0.08028227214145428,-3.292029175880646,-1.498951179789052,0.0,0.0,300
MZI_null,MZI,MZI_null_08463,0.03629331034815173,0.6045378191596606,-3.3771077925419473,0.0,0.0,300
MZI_null,MZI,MZI_null_08464,-0.4530863882744669,0.03874944815694015,1.783147756250254,0.0,0.0,300
MZI_null,MZI,MZI_null_08465,0.03000512431952579,-1.195120343130393,-2.6929296824205116,0.0,0.0,300
MZI_null,MZI,MZI_null_08466,0.07502751323023861,0.5595004590525656,-0.8305109757445468,0.0,0.0,300
MZI_null,MZI,MZI_null_08467,0.3736872495010899,-6.691223263014138,-0.5111149874309591,0.0,0.0,300
MZI_null,MZI,MZI_null_08468,-0.17615294434759718,0.6395377718706698,-5.744426284126544,0.0,0.0,300
MZI_null,MZI,MZI_null_08469,-0.20008823140765478,-3.8995608216476136,-0.20250349043380156,0.0,0.0,300
MZI_null,MZI,MZI_null_08470,-0.08932070829924257,-3.7563237877972795,-1.5426713647782555,0.0,0.0,300
MZI_null,MZI,MZI_null_08471,-0.03633602385922593,2.4623481649555723,1.057733359006904,0.0,0.0,300
MZI_null,MZI,MZI_null_08472,-0.04868651096769661,4.291035733640842,0.4749835245680276,0.0,0.0,300
MZI_null,MZI,MZI_null_08473,-0.1453443082970323,-1.2304587800244675,0.6065376345959437,0.0,0.0,300
MZI_null,MZI,MZI_null_08474,-0.10314370785920225,-5.157526732418118,-0.740622729872674,0.0,0.0,300
MZI_null,MZI,MZI_null_08475,-0.05403326569590534,2.437383665366327,1.2234674722547445,0.0,0.0,300
MZI_null,MZI,MZI_null_08476,-0.09611629111298707,-0.7221856671542342,2.801384428174219,0.0,0.0,300
MZI_null,MZI,MZI_null_08477,-0.2090706668849475,-5.0683347229632565,-1.0335058518385933,0.0,0.0,300
MZI_null,MZI,MZI_null_08478,0.005340295185755137,-2.156592516388581,-1.9323315363630333,0.0,0.0,300
MZI_null,MZI,MZI_null_08479,-0.04890904836780298,-0.8472255895351133,2.401827660917519,0.0,0.0,300
MZI_null,MZI,MZI_null_08480,-0.07214290945326401,5.315198035511962,4.88207430722095,0.0,0.0,300
MZI_null,MZI,MZI_null_08481,0.19938834443701223,-0.13254999631531472,5.023964319410467,0.0,0.0,300
MZI_null,MZI,MZI_null_08482,-0.043517304749911265,-4.497813235970703,-2.577916178211953,0.0,0.0,300
MZI_null,MZI,MZI_null_08483,-0.15044142046351222,-1.634596033059891,-0.10050860761677016,0.0,0.0,300
MZI_null,MZI,MZI_null_08484,0.03012597580216604,-2.037294056545399,-0.6005364154851536,0.0,0.0,300
MZI_null,MZI,MZI_null_08485,0.26044857132748334,-0.1398443970827481,1.767526389814464,0.0,0.0,300
MZI_null,MZI,MZI_null_08486,0.028618490503018193,-6.846766095404233,-6.441647411408534,0.0,0.0,300
MZI_null,MZI,MZI_null_08487,0.3124214985312772,-3.595466825693664,-2.850254032455797,0.0,0.0,300
MZI_null,MZI,MZI_null_08488,0.03684948620658737,-0.3487910650102173,1.0305864120032382,0.0,0.0,300
MZI_null,MZI,MZI_null_08489,0.2661627799320006,2.502209147973824,-3.432799673916464,0.0,0.0,300
MZI_null,MZI,MZI_null_08490,0.1453101860132684,-3.152272754632396,-1.41252623329233,0.0,0.0,300
MZI_null,MZI,MZI_null_08491,-0.16409838089270437,-7.079218561494228,-1.0946851378968665,0.0,0.0,300
MZI_null,MZI,MZI_null_08492,-0.14339728741668686,0.783441035716109,-1.8432347305603642,0.0,0.0,300
MZI_null,MZI,MZI_null_08493,0.046288532842481,2.102577261746295,-5.455885545346324,0.0,0.0,300
MZI_null,MZI,MZI_null_08494,-0.10869260828245308,-1.4573491263024505,-0.06242555253021842,0.0,0.0,300
MZI_null,MZI,MZI_null_08495,0.16552462519084887,0.6014593871217944,-0.7091991228077823,0.0,0.0,300
MZI_null,MZI,MZI_null_08496,0.045510700589588275,-1.0067723270285303,-5.409137094021267,0.0,0.0,300
MZI_null,MZI,MZI_null_08497,-0.023456321603244224,-1.2545803460087233,0.37565257635531935,0.0,0.0,300
MZI_null,MZI,MZI_null_08498,-0.1386545160096239,-5.806393737586673,-1.7035977775542415,0.0,0.0,300
MZI_null,MZI,MZI_null_08499,0.29510491666372407,-4.457742538186006,2.521784742064428,0.0,0.0,300
MZI_null,MZI,MZI_null_08500,0.237710946456768,-1.8636004213004191,-3.039543803960353,0.0,0.0,300
MZI_null,MZI,MZI_null_08501,0.07692293454873382,-1.4150291237015125,-3.577311940570925,0.0,0.0,300
MZI_null,MZI,MZI_null_08502,-0.09882042395576639,-0.6392604435640068,1.8003212245056428,0.0,0.0,300
MZI_null,MZI,MZI_null_08503,-0.048418530197308136,-2.2074006946641593,1.0059157115332402,0.0,0.0,300
MZI_null,MZI,MZI_null_08504,-0.025873032626090323,-2.897980919887653,-3.266022459181677,0.0,0.0,300
MZI_null,MZI,MZI_null_08505,-0.11590269350610466,6.006648274669768,-1.5886049802372455,0.0,0.0,300
MZI_null,MZI,MZI_null_08506,0.2047587482268336,3.0519800125572125,-1.5507468684794778,0.0,0.0,300
MZI_null,MZI,MZI_null_08507,0.055264471265215345,-1.6925645539009038,-5.83654705197603,0.0,0.0,300
MZI_null,MZI,MZI_null_08508,-0.23279595183722435,-1.8534545992871814,-2.274740615825789,0.0,0.0,300
MZI_null,MZI,MZI_null_08509,0.2837370507590385,-2.7097188160838557,4.852786991204374,0.0,0.0,300
MZI_null,MZI,MZI_null_08510,-0.07145870942033164,3.7366012618268014,0.5192734908420384,0.0,0.0,300
MZI_null,MZI,MZI_null_08511,0.08449378436567957,-3.535291870200948,0.7307515412110663,0.0,0.0,300
MZI_null,MZI,MZI_null_08512,0.2539070149621876,-2.4344824821804125,-2.0181904460998537,0.0,0.0,300
MZI_null,MZI,MZI_null_08513,-0.037014380829013246,2.8603348150193106,1.5660536210032592,0.0,0.0,300
MZI_null,MZI,MZI_null_08514,0.21715199857066778,-1.0591318685471913,-0.8820419296665042,0.0,0.0,300
MZI_null,MZI,MZI_null_08515,0.06359160586059484,1.2104756032376196,-1.7413547277635946,0.0,0.0,300
MZI_null,MZI,MZI_null_08516,0.20530154900351796,-0.9025083288023699,-8.218834414090535,0.0,0.0,300
MZI_null,MZI,MZI_null_08517,0.13252401406577918,-5.816915039785947,1.5775182820219622,0.0,0.0,300
MZI_null,MZI,MZI_null_08518,0.13522769973572493,-1.0103222078563752,0.6310426966300811,0.0,0.0,300
MZI_null,MZI,MZI_null_08519,0.164830618176598,-3.486883021432183,1.3802889791074358,0.0,0.0,300
MZI_null,MZI,MZI_null_08520,0.17445349544355543,3.2802477926154356,-4.31734085817911,0.0,0.0,300
MZI_null,MZI,MZI_null_08521,0.06127740974816522,-4.884467597184393,-4.011766053104493,0.0,0.0,300
MZI_null,MZI,MZI_null_08522,0.053854165860897016,-1.7676325556115844,2.4350044355659546,0.0,0.0,300
MZI_null,MZI,MZI_null_08523,-0.05192646743913138,-2.4021543085910326,-0.36548721298544573,0.0,0.0,300
MZI_null,MZI,MZI_null_08524,-0.1292743277154684,-4.169209535047793,2.3482959973176594,0.0,0.0,300
MZI_null,MZI,MZI_null_08525,-0.08234325619216633,1.5474296993490562,0.8219377420048835,0.0,0.0,300
MZI_null,MZI,MZI_null_08526,-0.2321296538233403,-0.4088639244866359,0.5674394692823821,0.0,0.0,300
MZI_null,MZI,MZI_null_08527,0.0634392912766928,-2.4256301791490325,-3.8202023661755558,0.0,0.0,300
MZI_null,MZI,MZI_null_08528,0.20193191491689305,-2.304738766168507,-3.650218481006104,0.0,0.0,300
MZI_null,MZI,MZI_null_08529,0.06862030291320124,-4.228339912199772,-3.8472580848553637,0.0,0.0,300
MZI_null,MZI,MZI_null_08530,-0.0563208918303658,-3.9961932929542234,-3.736726755953723,0.0,0.0,300
MZI_null,MZI,MZI_null_08531,0.12096176433926385,-2.3414834433871983,2.7568398365476767,0.0,0.0,300
MZI_null,MZI,MZI_null_08532,-0.12817642165949034,-7.182683112909007,-0.5536889522517513,0.0,0.0,300
MZI_null,MZI,MZI_null_08533,0.27839683827096234,-0.40703951191399357,8.646122588638498,0.0,0.0,300
MZI_null,MZI,MZI_null_08534,0.049808868142363294,-1.293343366135729,-7.466088013173753,0.0,0.0,300
MZI_null,MZI,MZI_null_08535,0.06419211608827925,-1.493996719942126,-2.222263594613611,0.0,0.0,300
MZI_null,MZI,MZI_null_08536,-0.020516830058860545,-2.2043017230265374,-1.5397874587961917,0.0,0.0,300
MZI_null,MZI,MZI_null_08537,0.31345724446889417,-3.1125860834150267,-0.4920588284384281,0.0,0.0,300
MZI_null,MZI,MZI_null_08538,-0.060585162507931015,0.35029355993164124,-0.4697089000833794,0.0,0.0,300
MZI_null,MZI,MZI_null_08539,-0.04198658597557223,-7.777903837721548,-0.27007532413374924,0.0,0.0,300
MZI_null,MZI,MZI_null_08540,-0.04643644103696263,-2.1822219706613035,-4.547373841736,0.0,0.0,300
MZI_null,MZI,MZI_null_08541,0.21499232590802933,0.570229527531616,3.292117992921895,0.0,0.0,300
MZI_null,MZI,MZI_null_08542,0.1720468951171431,-0.22304809361761535,-4.426847526179328,0.0,0.0,300
MZI_null,MZI,MZI_null_08543,0.2765080746107788,-4.782905452662531,-1.8052228722248849,0.0,0.0,300
MZI_null,MZI,MZI_null_08544,0.10603534209403814,0.26962236156221486,0.7167101808336747,0.0,0.0,300
MZI_null,MZI,MZI_null_08545,-0.060043272199363465,-3.8207948820664246,6.603597705818409,0.0,0.0,300
MZI_null,MZI,MZI_null_08546,-0.005897090774975026,-2.485314153916508,-3.1406694728162607,0.0,0.0,300
MZI_null,MZI,MZI_null_08547,0.03670055236064365,-1.4059315982657878,-1.048678626112886,0.0,0.0,300
MZI_null,MZI,MZI_null_08548,0.05725899701818292,3.29061250732706,-2.7851581188726953,0.0,0.0,300
MZI_null,MZI,MZI_null_08549,0.006462561330318012,-3.9435453576516672,-0.11590491752311638,0.0,0.0,300
MZI_null,MZI,MZI_null_08550,-0.08527042520616285,-3.5763289743025686,-5.378570122166877,0.0,0.0,300
MZI_null,MZI,MZI_null_08551,0.014669217422951202,-0.7106911342850686,4.581429059576886,0.0,0.0,300
MZI_null,MZI,MZI_null_08552,0.07042537217847677,-3.3490523698919583,-5.07903726305827,0.0,0.0,300
MZI_null,MZI,MZI_null_08553,-0.18319305084982174,-5.886885018415917,4.634126106348144,0.0,0.0,300
MZI_null,MZI,MZI_null_08554,0.043171574538955475,-3.748898657785678,-3.879578815459793,0.0,0.0,300
MZI_null,MZI,MZI_null_08555,-0.12841617605908823,-3.8278981835191352,2.948765648765457,0.0,0.0,300
MZI_null,MZI,MZI_null_08556,-0.0044915170586624295,-6.342399251821847,5.931377824191115,0.0,0.0,300
MZI_null,MZI,MZI_null_08557,-0.1710241709048846,-3.772505929771602,2.9304331629016462,0.0,0.0,300
MZI_null,MZI,MZI_null_08558,0.062272444891359996,-3.409768998872629,-4.694100778281504,0.0,0.0,300
MZI_null,MZI,MZI_null_08559,-0.145003516338754,-4.719488357229398,-0.9789046064513512,0.0,0.0,300
MZI_null,MZI,MZI_null_08560,0.028659272592195542,-2.4459638858940274,-1.117641441772988,0.0,0.0,300
MZI_null,MZI,MZI_null_08561,-0.15760847927914812,-1.1205916813283328,2.841555910510989,0.0,0.0,300
MZI_null,MZI,MZI_null_08562,-0.024418752262435284,-2.54686011928842,-0.7509968438414554,0.0,0.0,300
MZI_null,MZI,MZI_null_08563,0.1677307289639087,-4.684168998315922,3.3525420071964067,0.0,0.0,300
MZI_null,MZI,MZI_null_08564,0.06318333591528565,-1.913957912903397,2.63971650999296,0.0,0.0,300
MZI_null,MZI,MZI_null_08565,-0.17730931108146836,-0.43386339126587514,0.2909286935198525,0.0,0.0,300
MZI_null,MZI,MZI_null_08566,-0.14031825965906894,-0.618085631138537,-0.1500844618585413,0.0,0.0,300
MZI_null,MZI,MZI_null_08567,-0.026810717953490115,0.5884526656909981,-2.7152627570729937,0.0,0.0,300
MZI_null,MZI,MZI_null_08568,0.04054818687650535,-2.3950213473659567,-2.844090469023002,0.0,0.0,300
MZI_null,MZI,MZI_null_08569,0.0754327027678157,-2.6232072420474544,-5.419019376128641,0.0,0.0,300
MZI_null,MZI,MZI_null_08570,-0.27015991570769765,0.3671724042496054,-4.6618003216804915,0.0,0.0,300
MZI_null,MZI,MZI_null_08571,0.041907674010090934,-1.835144319115549,-2.105595330912699,0.0,0.0,300
MZI_null,MZI,MZI_null_08572,0.293500268582301,-1.460977944618662,1.2669004480461958,0.0,0.0,300
MZI_null,MZI,MZI_null_08573,0.04272243230097135,-2.694618269352443,-1.0572662507078245,0.0,0.0,300
MZI_null,MZI,MZI_null_08574,0.21878141484907254,1.2643158778012893,4.8559592950658015,0.0,0.0,300
MZI_null,MZI,MZI_null_08575,0.03324631394593258,-4.630811197102243,-2.3215508330794363,0.0,0.0,300
MZI_null,MZI,MZI_null_08576,-0.17816672876978867,0.30113238662583175,-2.7577489482317445,0.0,0.0,300
MZI_null,MZI,MZI_null_08577,-0.4582976919479265,5.391327094989791,-2.711803415464946,0.0,0.0,300
MZI_null,MZI,MZI_null_08578,-0.08648863882287143,3.0148350779810995,-4.6247543523925465,0.0,0.0,300
MZI_null,MZI,MZI_null_08579,0.170490882979975,-3.762327330272065,-4.971386333790576,0.0,0.0,300
MZI_null,MZI,MZI_null_08580,0.2558576642067204,0.7692908411875821,1.7600029535451283,0.0,0.0,300
MZI_null,MZI,MZI_null_08581,0.05514833201831617,-0.20269510076695885,-4.696474074244129,0.0,0.0,300
MZI_null,MZI,MZI_null_08582,0.016741628586699073,-4.786289001352535,-5.166821557189164,0.0,0.0,300
MZI_null,MZI,MZI_null_08583,0.06164299960620473,1.4744486669786334,-2.150106472684192,0.0,0.0,300
MZI_null,MZI,MZI_null_08584,-0.03180193385018126,-5.41445193524912,-0.9783485617363066,0.0,0.0,300
MZI_null,MZI,MZI_null_08585,0.1140114168582621,0.3745832101833191,0.635528526892797,0.0,0.0,300
MZI_null,MZI,MZI_null_08586,-0.0927646750791803,-3.950387130281455,1.3862134197227998,0.0,0.0,300
MZI_null,MZI,MZI_null_08587,0.12179983983250968,-2.5159849562956786,-2.278515722697057,0.0,0.0,300
MZI_null,MZI,MZI_null_08588,0.17508706401685495,-3.07984599443974,1.2377966735713444,0.0,0.0,300
MZI_null,MZI,MZI_null_08589,-0.020526476228714785,-5.1425983431110005,3.8369364200711082,0.0,0.0,300
MZI_null,MZI,MZI_null_08590,0.01800958435972143,-4.1322319396642495,-5.172417003325612,0.0,0.0,300
MZI_null,MZI,MZI_null_08591,-0.19350011973552503,-3.1187342122838038,4.775386650600778,0.0,0.0,300
MZI_null,MZI,MZI_null_08592,-0.08769928180113638,2.3423644970386137,-1.3922910058092521,0.0,0.0,300
MZI_null,MZI,MZI_null_08593,-0.17717255866525233,-3.4196335653511882,-4.842963771212329,0.0,0.0,300
MZI_null,MZI,MZI_null_08594,-0.12839526779457813,-4.657244185627753,-6.711411602443799,0.0,0.0,300
MZI_null,MZI,MZI_null_08595,0.22691941032220891,-1.3669489093331553,-3.0588352168543054,0.0,0.0,300
MZI_null,MZI,MZI_null_08596,0.03326366196500837,-4.506441180926185,-9.013185896109267,0.0,0.0,300
MZI_null,MZI,MZI_null_08597,0.44350374498398243,-1.4312003699688214,-2.767039117944295,0.0,0.0,300
MZI_null,MZI,MZI_null_08598,-0.29008722175161494,-6.48244938542768,3.9634757886647165,0.0,0.0,300
MZI_null,MZI,MZI_null_08599,0.22529078231977,0.25964510799684337,-4.345231115229442,0.0,0.0,300
MZI_null,MZI,MZI_null_08600,0.22649609819655156,-0.6506521461669423,0.9647733450546032,0.0,0.0,300
MZI_null,MZI,MZI_null_08601,0.06692564166648694,-6.520961553878312,-4.594482852240663,0.0,0.0,300
MZI_null,MZI,MZI_null_08602,-0.07653272496125427,-0.0690808774006606,-5.141296246729438,0.0,0.0,300
MZI_null,MZI,MZI_null_08603,-0.026301962241628597,-2.5298285304891523,1.3782190679827329,0.0,0.0,300
MZI_null,MZI,MZI_null_08604,0.10120073034114935,-5.030677787156399,3.3400585084619046,0.0,0.0,300
MZI_null,MZI,MZI_null_08605,-0.1744859743125435,1.2767183257022499,-2.6504346950451945,0.0,0.0,300
MZI_null,MZI,MZI_null_08606,0.02458889301500581,-1.3220376196870847,-0.40687767787361384,0.0,0.0,300
MZI_null,MZI,MZI_null_08607,0.10117487976518556,-0.8256215061994021,1.3509473896116146,0.0,0.0,300
MZI_null,MZI,MZI_null_08608,0.06969299405177035,-5.793365776777531,-0.19060277632603717,0.0,0.0,300
MZI_null,MZI,MZI_null_08609,-0.08458048537579997,-5.32778743372185,-1.8695196780318997,0.0,0.0,300
MZI_null,MZI,MZI_null_08610,0.027485339855263604,-1.2509749160366461,2.168074235420804,0.0,0.0,300
MZI_null,MZI,MZI_null_08611,0.19609636784573659,-0.9911575077279324,0.5513191310282277,0.0,0.0,300
MZI_null,MZI,MZI_null_08612,0.014296354976348277,0.30167639094875387,0.46096441651119324,0.0,0.0,300
MZI_null,MZI,MZI_null_08613,-0.008173214078670587,4.455947701012901,-2.6385500903254564,0.0,0.0,300
MZI_null,MZI,MZI_null_08614,0.21816854350625062,-6.062878778980812,1.4408496093543652,0.0,0.0,300
MZI_null,MZI,MZI_null_08615,0.2154852527590256,-7.721657213023759,-0.5831482808347178,0.0,0.0,300
MZI_null,MZI,MZI_null_08616,0.10731210618660655,-1.2441091876158015,0.13446780682089,0.0,0.0,300
MZI_null,MZI,MZI_null_08617,0.020433474356499514,-5.282743479084776,6.104136776466326,0.0,0.0,300
MZI_null,MZI,MZI_null_08618,-0.07553067949736987,-0.6975162836632844,-2.9405190312562817,0.0,0.0,300
MZI_null,MZI,MZI_null_08619,-0.34137947850310474,-4.773538621246907,-5.342820076825414,0.0,0.0,300
MZI_null,MZI,MZI_null_08620,0.16373513088367342,-3.8206040481333647,-2.542274017539889,0.0,0.0,300
MZI_null,MZI,MZI_null_08621,-0.15964960689056043,-1.7178938038546925,-3.1493755490838424,0.0,0.0,300
MZI_null,MZI,MZI_null_08622,0.14885320968701826,-1.0938820307325174,-2.715477357173344,0.0,0.0,300
MZI_null,MZI,MZI_null_08623,0.12753495777555288,-1.9761784309302857,-0.9355092829301469,0.0,0.0,300
MZI_null,MZI,MZI_null_08624,-0.21939523555978885,-2.2132583983559417,-0.035366082046004665,0.0,0.0,300
MZI_null,MZI,MZI_null_08625,0.2000350233297518,-4.255680889709968,5.834325870156533,0.0,0.0,300
MZI_null,MZI,MZI_null_08626,0.08353024752434791,-6.558235628101422,-3.535594342256669,0.0,0.0,300
MZI_null,MZI,MZI_null_08627,0.21314987463252283,1.7296874288871837,-0.9457195553184922,0.0,0.0,300
MZI_null,MZI,MZI_null_08628,0.022487655458677796,-5.493830821177913,2.964328220706026,0.0,0.0,300
MZI_null,MZI,MZI_null_08629,-0.14816506301617008,0.5342233333702522,3.0561271059954134,0.0,0.0,300
MZI_null,MZI,MZI_null_08630,0.007223333132926343,0.9028340983665961,4.542919124077083,0.0,0.0,300
MZI_null,MZI,MZI_null_08631,0.0401953198816107,-2.5259054492958386,-1.20055857265455,0.0,0.0,300
MZI_null,MZI,MZI_null_08632,-0.11144818540081326,-4.29675137821062,0.3272202914771092,0.0,0.0,300
MZI_null,MZI,MZI_null_08633,-0.024592473322392696,-1.0172924694462029,-5.469808449557714,0.0,0.0,300
MZI_null,MZI,MZI_null_08634,-0.013892823778071012,1.0903535502713897,-4.356772830928055,0.0,0.0,300
MZI_null,MZI,MZI_null_08635,0.002478962120182673,-7.563827932695233,-4.916386066819522,0.0,0.0,300
MZI_null,MZI,MZI_null_08636,0.12114913315170743,-2.9278528799388486,4.466218596615627,0.0,0.0,300
MZI_null,MZI,MZI_null_08637,0.0648664665636469,-0.4082130053320263,-4.229446149684698,0.0,0.0,300
MZI_null,MZI,MZI_null_08638,-0.05776580652666794,-4.197908546142838,-4.196325218651757,0.0,0.0,300
MZI_null,MZI,MZI_null_08639,0.09958396891442028,0.5935475973060385,0.19681158250234576,0.0,0.0,300
MZI_null,MZI,MZI_null_08640,-0.12421007898389805,-1.0078098947076124,-6.738035204396969,0.0,0.0,300
MZI_null,MZI,MZI_null_08641,0.198451390306206,-5.89445052691231,-4.3613769473153905,0.0,0.0,300
MZI_null,MZI,MZI_null_08642,0.017293840435528885,-1.387521319273863,-1.2182457953553536,0.0,0.0,300
MZI_null,MZI,MZI_null_08643,-0.16651919114734448,1.4000439808098766,-6.057847603207751,0.0,0.0,300
MZI_null,MZI,MZI_null_08644,-0.2224903485672667,-2.320948315863444,-4.792701945533163,0.0,0.0,300
MZI_null,MZI,MZI_null_08645,0.1833937914413888,-5.5346439062387445,3.6710814566309367,0.0,0.0,300
MZI_null,MZI,MZI_null_08646,0.15526832486573597,1.7051672065227512,4.661317948859736,0.0,0.0,300
MZI_null,MZI,MZI_null_08647,0.01218418861436483,-5.038923787459873,-1.3090236273059253,0.0,0.0,300
MZI_null,MZI,MZI_null_08648,-0.0849998408113444,-4.127573817541167,-0.5474396895795031,0.0,0.0,300
MZI_null,MZI,MZI_null_08649,-0.04675563213116197,-4.25662905295099,-1.736207177761775,0.0,0.0,300
MZI_null,MZI,MZI_null_08650,0.08234676963055575,0.8692516197780882,-5.808771739572968,0.0,0.0,300
MZI_null,MZI,MZI_null_08651,-0.04548016294928132,-2.4240296164241135,-4.547560066682896,0.0,0.0,300
MZI_null,MZI,MZI_null_08652,-0.01795585995610484,-1.556013171379917,0.5565036358429722,0.0,0.0,300
MZI_null,MZI,MZI_null_08653,0.011573703844750547,-4.6428482299926666,5.036090082715541,0.0,0.0,300
MZI_null,MZI,MZI_null_08654,0.1243690157432397,-0.3418407660503999,2.014493771032808,0.0,0.0,300
MZI_null,MZI,MZI_null_08655,0.036691375771571555,1.8589026565658644,-0.8293841491427072,0.0,0.0,300
MZI_null,MZI,MZI_null_08656,0.00026211904112759943,-0.09431456362638824,3.72907263887277,0.0,0.0,300
MZI_null,MZI,MZI_null_08657,0.22680729229339605,-0.22145720522001344,0.5498355757303992,0.0,0.0,300
MZI_null,MZI,MZI_null_08658,0.10440636166447291,0.9568627400097918,2.8961958182397263,0.0,0.0,300
MZI_null,MZI,MZI_null_08659,-0.035487612600577464,1.9541838695121738,0.02898534221391813,0.0,0.0,300
MZI_null,MZI,MZI_null_08660,0.09763974337499247,2.145847964601985,1.241186750272036,0.0,0.0,300
MZI_null,MZI,MZI_null_08661,0.13739933447292604,-3.1682555998472637,3.4949346312490412,0.0,0.0,300
MZI_null,MZI,MZI_null_08662,0.10435300666141875,-1.621802846478507,2.3032231606793077,0.0,0.0,300
MZI_null,MZI,MZI_null_08663,0.38817457466407485,-5.506773505465804,-3.4111978687698468,0.0,0.0,300
MZI_null,MZI,MZI_null_08664,0.40279579632538265,-0.7199154730868773,-0.4273909641052964,0.0,0.0,300
MZI_null,MZI,MZI_null_08665,-0.01730786124932476,1.6253080029143199,6.833741926430862,0.0,0.0,300
MZI_null,MZI,MZI_null_08666,-0.09977828111000182,-2.2906301815680017,-2.052181385703598,0.0,0.0,300
MZI_null,MZI,MZI_null_08667,0.10992974652289171,1.6671803129517242,3.8627983559993506,0.0,0.0,300
MZI_null,MZI,MZI_null_08668,0.11500774239304204,5.557998373730852,-2.724258949622239,0.0,0.0,300
MZI_null,MZI,MZI_null_08669,-0.12518108286490562,2.4080328799486272,-0.6315030412109899,0.0,0.0,300
MZI_null,MZI,MZI_null_08670,-0.20639104851229215,-2.9481889149123477,-0.23302403770817826,0.0,0.0,300
MZI_null,MZI,MZI_null_08671,-0.09693723568610325,-5.043982061283766,-1.6228874095776278,0.0,0.0,300
MZI_null,MZI,MZI_null_08672,-0.1596800130542567,-0.09460688305930409,-6.831414540678539,0.0,0.0,300
MZI_null,MZI,MZI_null_08673,0.013563739194813355,-0.4414703356750924,-1.2716237192451287,0.0,0.0,300
MZI_null,MZI,MZI_null_08674,0.16398343456063094,-6.111683702612407,-3.1032685041283434,0.0,0.0,300
MZI_null,MZI,MZI_null_08675,-0.04950519693763342,0.13817370822791952,-0.344477241861638,0.0,0.0,300
MZI_null,MZI,MZI_null_08676,0.3215048974113627,-4.41735769092168,-5.184966695741954,0.0,0.0,300
MZI_null,MZI,MZI_null_08677,0.26836334743995915,-6.292575751797148,1.0491881341971347,0.0,0.0,300
MZI_null,MZI,MZI_null_08678,-0.14680050630329539,-8.207955052543058,-2.1243513814396957,0.0,0.0,300
MZI_null,MZI,MZI_null_08679,0.134924994371574,-5.665313265419221,0.7282841844344929,0.0,0.0,300
MZI_null,MZI,MZI_null_08680,0.11442953417796775,-5.815070424557912,-1.6832838661371115,0.0,0.0,300
MZI_null,MZI,MZI_null_08681,0.23656122334907456,-0.048222140108770795,-1.7844773937280614,0.0,0.0,300
MZI_null,MZI,MZI_null_08682,0.062294322188087926,-4.055789925411344,2.3410870351550748,0.0,0.0,300
MZI_null,MZI,MZI_null_08683,0.1669890096903209,-1.637282254741836,-0.30788153062691925,0.0,0.0,300
MZI_null,MZI,MZI_null_08684,-0.14981953125085087,-6.056109281203488,-2.129814231824592,0.0,0.0,300
MZI_null,MZI,MZI_null_08685,-0.013110256453676722,1.1878824921639666,1.767283251854932,0.0,0.0,300
MZI_null,MZI,MZI_null_08686,0.027724933253863927,1.5716169531183608,-3.83045853644321,0.0,0.0,300
MZI_null,MZI,MZI_null_08687,0.16160053309175545,-4.371286143048403,2.719083590192728,0.0,0.0,300
MZI_null,MZI,MZI_null_08688,-0.0020019697154971855,-7.994860029613212,1.1904714920943267,0.0,0.0,300
MZI_null,MZI,MZI_null_08689,0.121431863925117,-3.369740163465746,-2.1137787351820503,0.0,0.0,300
MZI_null,MZI,MZI_null_08690,-0.023931791982690572,-7.775455437878814,-8.094184519285431,0.0,0.0,300
MZI_null,MZI,MZI_null_08691,0.19524384571955838,-4.47220300223173,4.565792328729091,0.0,0.0,300
MZI_null,MZI,MZI_null_08692,0.2055602701708371,2.701585942809216,-2.9508968574014647,0.0,0.0,300
MZI_null,MZI,MZI_null_08693,-0.24126017803958713,-5.260646919783065,-2.339364181458735,0.0,0.0,300
MZI_null,MZI,MZI_null_08694,-0.355984459927596,-3.4262770673725016,-1.6050340825333322,0.0,0.0,300
MZI_null,MZI,MZI_null_08695,-0.19416314573800417,-5.121455294737498,-1.6617955635424053,0.0,0.0,300
MZI_null,MZI,MZI_null_08696,0.05344298224654521,-4.6724680040007325,-0.12324217127119208,0.0,0.0,300
MZI_null,MZI,MZI_null_08697,0.020526901198178283,-1.8593424229448274,-2.956042371569731,0.0,0.0,300
MZI_null,MZI,MZI_null_08698,-0.2000069394053074,3.0893559397022194,0.890917749372278,0.0,0.0,300
MZI_null,MZI,MZI_null_08699,0.1508597479591107,-2.250889054516767,-1.4920763267804136,0.0,0.0,300
MZI_null,MZI,MZI_null_08700,0.07359895210880814,-7.504065051356736,-4.343930408059434,0.0,0.0,300
MZI_null,MZI,MZI_null_08701,-0.11966623170425594,-3.363699267625287,-3.6390870384104623,0.0,0.0,300
MZI_null,MZI,MZI_null_08702,0.049921068787611954,-1.7556582966114926,3.178594069254131,0.0,0.0,300
MZI_null,MZI,MZI_null_08703,0.37106387356688436,-5.788550720445299,-0.558084358094664,0.0,0.0,300
MZI_null,MZI,MZI_null_08704,0.02182888173104613,-2.0425942092939873,-4.2544737128965044,0.0,0.0,300
MZI_null,MZI,MZI_null_08705,-0.13757961684638254,-1.2787831642516425,-3.8360502199217095,0.0,0.0,300
MZI_null,MZI,MZI_null_08706,0.02389079582505116,-2.737849353636815,-0.5750262906361538,0.0,0.0,300
MZI_null,MZI,MZI_null_08707,-0.1429950705651651,-1.5275922729963904,-3.642857750429771,0.0,0.0,300
MZI_null,MZI,MZI_null_08708,0.024104341298537734,2.018188367317471,-0.2170484499517884,0.0,0.0,300
MZI_null,MZI,MZI_null_08709,0.04828055735745857,0.45161955249264407,-5.210675033419789,0.0,0.0,300
MZI_null,MZI,MZI_null_08710,0.25783823605845185,-5.1667699778371095,1.6389829921068109,0.0,0.0,300
MZI_null,MZI,MZI_null_08711,0.11203649808844843,-4.706499084514281,2.026658410300287,0.0,0.0,300
MZI_null,MZI,MZI_null_08712,0.07467191496199636,3.669935933206773,-0.41986374597612053,0.0,0.0,300
MZI_null,MZI,MZI_null_08713,-0.016281499728389617,-3.544287583754613,-6.2300658140535194,0.0,0.0,300
MZI_null,MZI,MZI_null_08714,-0.047734134712673945,-2.8276951827766306,-0.2138254523276958,0.0,0.0,300
MZI_null,MZI,MZI_null_08715,-0.21346546663236984,-2.717036633560637,0.7287541760663467,0.0,0.0,300
MZI_null,MZI,MZI_null_08716,0.1013264513238775,-7.5794455284119815,1.1192198259596728,0.0,0.0,300
MZI_null,MZI,MZI_null_08717,-0.036986086968223766,-2.555032632495662,-8.093546109567514,0.0,0.0,300
MZI_null,MZI,MZI_null_08718,0.22403567438368194,-1.4696033449661148,-5.594381279568121,0.0,0.0,300
MZI_null,MZI,MZI_null_08719,0.05628023623746997,-0.9665646774589267,2.667632458798968,0.0,0.0,300
MZI_null,MZI,MZI_null_08720,-0.046453315393631685,-1.9640117931842414,-2.9284234007137235,0.0,0.0,300
MZI_null,MZI,MZI_null_08721,0.08969229209891072,-4.350471025025149,-3.6789715512406893,0.0,0.0,300
MZI_null,MZI,MZI_null_08722,-0.010169630666988089,-5.677591313911487,3.8063936556177023,0.0,0.0,300
MZI_null,MZI,MZI_null_08723,0.2890900091612813,-3.3607702562654462,-5.159785019671496,0.0,0.0,300
MZI_null,MZI,MZI_null_08724,0.050488805835309215,-3.446307553906772,2.524043397584096,0.0,0.0,300
MZI_null,MZI,MZI_null_08725,-0.11807198932948554,-0.3664603327146718,-0.6580192318249205,0.0,0.0,300
MZI_null,MZI,MZI_null_08726,-0.10143922659201147,-1.2798505145241752,1.6355976754245485,0.0,0.0,300
MZI_null,MZI,MZI_null_08727,0.013027277858309518,-1.7081460046212245,-3.6183502835610244,0.0,0.0,300
MZI_null,MZI,MZI_null_08728,0.17163071968562038,1.1336397344295515,-2.23167756605949,0.0,0.0,300
MZI_null,MZI,MZI_null_08729,-0.01864326892244934,2.2426620180709804,-4.400712463142366,0.0,0.0,300
MZI_null,MZI,MZI_null_08730,0.09064325870381722,-3.675841319393385,4.334233630254923,0.0,0.0,300
MZI_null,MZI,MZI_null_08731,0.009517009299800558,1.7811355544201275,-3.283982045383386,0.0,0.0,300
MZI_null,MZI,MZI_null_08732,-0.18727930234864018,-2.702778371603336,-0.21194962615949087,0.0,0.0,300
MZI_null,MZI,MZI_null_08733,-0.076609752302462,0.27492227882490194,-1.629860703431288,0.0,0.0,300
MZI_null,MZI,MZI_null_08734,-0.31221557426499086,-0.3415640624209977,-3.647611177441472,0.0,0.0,300
MZI_null,MZI,MZI_null_08735,-0.054239607251477764,2.659393610618067,4.31843517236327,0.0,0.0,300
MZI_null,MZI,MZI_null_08736,-0.08632401526392171,-0.2666401081044807,-2.656823471267934,0.0,0.0,300
MZI_null,MZI,MZI_null_08737,-0.043030946834790466,-3.817326244695658,-6.173031041189454,0.0,0.0,300
MZI_null,MZI,MZI_null_08738,0.014258283560056413,-1.1355038391615,-3.0130052359334147,0.0,0.0,300
MZI_null,MZI,MZI_null_08739,0.16316875671556633,-3.308240651285659,-2.9116354745770447,0.0,0.0,300
MZI_null,MZI,MZI_null_08740,0.07897546771621591,-6.628045969917587,1.7200370951084176,0.0,0.0,300
MZI_null,MZI,MZI_null_08741,-0.06032537360915442,0.9678582291822693,2.864391577487467,0.0,0.0,300
MZI_null,MZI,MZI_null_08742,0.09602301635357118,-4.435919878184934,-4.752495119453213,0.0,0.0,300
MZI_null,MZI,MZI_null_08743,-0.21511089950028542,1.3087321051039327,-1.40440033660055,0.0,0.0,300
MZI_null,MZI,MZI_null_08744,-0.0898832691796273,-2.396246454616675,2.241863626862504,0.0,0.0,300
MZI_null,MZI,MZI_null_08745,0.11681096780393253,-0.6844815328734359,0.9136581722792152,0.0,0.0,300
MZI_null,MZI,MZI_null_08746,0.02702585332454232,-1.0936608281107247,-0.336924306546859,0.0,0.0,300
MZI_null,MZI,MZI_null_08747,-9.186844133057733e-06,0.2601216514938445,0.08384631860118419,0.0,0.0,300
MZI_null,MZI,MZI_null_08748,-0.13210725466604367,-0.4133768434320393,-0.25825880086208663,0.0,0.0,300
MZI_null,MZI,MZI_null_08749,0.09171202033726486,-2.3126207408450856,1.4352209413014734,0.0,0.0,300
MZI_null,MZI,MZI_null_08750,-0.009211282629923543,0.17163905980163463,-2.369414547851533,0.0,0.0,300
MZI_null,MZI,MZI_null_08751,-0.05808810811484288,-0.19384243036962623,-1.9953201812342325,0.0,0.0,300
MZI_null,MZI,MZI_null_08752,0.3308674042122242,-0.3006650396629196,-0.9252295415373977,0.0,0.0,300
MZI_null,MZI,MZI_null_08753,0.12298511651382737,-3.4420412299295506,1.7690444576990525,0.0,0.0,300
MZI_null,MZI,MZI_null_08754,0.13428528249952987,1.7606021733386497,-2.322428594045732,0.0,0.0,300
MZI_null,MZI,MZI_null_08755,-0.18340998812066173,-3.8304639176076454,-1.8448915479182408,0.0,0.0,300
MZI_null,MZI,MZI_null_08756,0.25008174012776324,4.585036087383246,0.03398691393194708,0.0,0.0,300
MZI_null,MZI,MZI_null_08757,0.0014085912027898921,-3.0497234914226334,1.4740710506326016,0.0,0.0,300
MZI_null,MZI,MZI_null_08758,0.32828720879872764,3.3575526735648147,2.413929837817501,0.0,0.0,300
MZI_null,MZI,MZI_null_08759,0.16849537966707848,0.49692965876234396,-1.1418719371256043,0.0,0.0,300
MZI_null,MZI,MZI_null_08760,-0.11048223338111936,-2.0624422679838244,0.2670188063940595,0.0,0.0,300
MZI_null,MZI,MZI_null_08761,-0.21804508480774426,-2.4588521880986267,-3.4777970637738207,0.0,0.0,300
MZI_null,MZI,MZI_null_08762,0.1520761741602212,-3.6491252064701323,-0.015339004057037697,0.0,0.0,300
MZI_null,MZI,MZI_null_08763,-0.10500304394033648,2.7930979778827467,-6.102270809603757,0.0,0.0,300
MZI_null,MZI,MZI_null_08764,0.07137605652659501,-5.831773005319797,-2.5279979514545525,0.0,0.0,300
MZI_null,MZI,MZI_null_08765,0.03092800555267572,-1.2339289060494876,-0.31219947671376147,0.0,0.0,300
MZI_null,MZI,MZI_null_08766,0.022762371146325063,-3.9255327856203275,-1.4921599692664331,0.0,0.0,300
MZI_null,MZI,MZI_null_08767,0.004745102426837238,-1.4139188097233517,-1.197041418420965,0.0,0.0,300
MZI_null,MZI,MZI_null_08768,0.10943856314766819,-1.7198390895471727,-0.3960220971351591,0.0,0.0,300
MZI_null,MZI,MZI_null_08769,-0.05739785224672759,-5.157325779843267,-0.5379132078025884,0.0,0.0,300
MZI_null,MZI,MZI_null_08770,0.18111690659444069,-0.6684163078087606,-3.452481823644375,0.0,0.0,300
MZI_null,MZI,MZI_null_08771,0.12221100387279059,-3.00535120338187,1.1439619414408617,0.0,0.0,300
MZI_null,MZI,MZI_null_08772,-0.055319379734424155,-0.940080680517891,-2.5554920098730403,0.0,0.0,300
MZI_null,MZI,MZI_null_08773,-0.07395787447055016,-6.698796101287218,0.5362244574834794,0.0,0.0,300
MZI_null,MZI,MZI_null_08774,0.055525445223050564,-0.7206718512171724,-0.17400831660456695,0.0,0.0,300
MZI_null,MZI,MZI_null_08775,-0.11433750499849547,0.8976977934807402,1.9783379002768102,0.0,0.0,300
MZI_null,MZI,MZI_null_08776,-0.1182356197755874,-0.40362802595012637,1.6249735561039311,0.0,0.0,300
MZI_null,MZI,MZI_null_08777,-0.07051474100155822,-2.8881070677330563,0.602340224635358,0.0,0.0,300
MZI_null,MZI,MZI_null_08778,-0.22654946541214516,-5.265551664602,-3.9693250236086843,0.0,0.0,300
MZI_null,MZI,MZI_null_08779,-0.2694474547238243,1.254819322562441,-6.964395442575001,0.0,0.0,300
MZI_null,MZI,MZI_null_08780,0.05146659951470491,0.43505018426565956,-1.8807878632398016,0.0,0.0,300
MZI_null,MZI,MZI_null_08781,-0.10025514370968674,-1.3014726477900824,-0.9945009982165556,0.0,0.0,300
MZI_null,MZI,MZI_null_08782,0.15052572936246233,-9.885563421193872,-3.7561224284443835,0.0,0.0,300
MZI_null,MZI,MZI_null_08783,0.0842365325874083,-1.8486576716766197,1.2561024775906011,0.0,0.0,300
MZI_null,MZI,MZI_null_08784,0.03930299643594933,-2.404211189723938,-1.9068653292805127,0.0,0.0,300
MZI_null,MZI,MZI_null_08785,0.34875825238133795,2.6048388220945338,0.48651529428566587,0.0,0.0,300
MZI_null,MZI,MZI_null_08786,0.011769584017262203,-0.38560235193969694,1.4805041536187238,0.0,0.0,300
MZI_null,MZI,MZI_null_08787,0.06282400285567638,-4.254140370159675,4.353532303173531,0.0,0.0,300
MZI_null,MZI,MZI_null_08788,0.03693123416310287,4.041790091169443,-0.43855753936799835,0.0,0.0,300
MZI_null,MZI,MZI_null_08789,-0.03684800281883009,2.1524203721393906,-0.09643912576669855,0.0,0.0,300
MZI_null,MZI,MZI_null_08790,0.02001339517639343,-5.601092616927783,0.9806534154074846,0.0,0.0,300
MZI_null,MZI,MZI_null_08791,-0.07399655744338626,-3.3433736272219226,-2.4716465362155144,0.0,0.0,300
MZI_null,MZI,MZI_null_08792,0.06585507520429539,-6.60612882072707,-1.6325360281774217,0.0,0.0,300
MZI_null,MZI,MZI_null_08793,0.14704184866640668,-5.737006608020023,-0.4813631171962447,0.0,0.0,300
MZI_null,MZI,MZI_null_08794,-0.09470991304062518,-3.2110793583969004,3.9654567811697206,0.0,0.0,300
MZI_null,MZI,MZI_null_08795,-0.24757337753175124,0.2968910145148489,-2.433784806331638,0.0,0.0,300
MZI_null,MZI,MZI_null_08796,-0.0791495977718501,-5.334687027464803,1.2616989118209072,0.0,0.0,300
MZI_null,MZI,MZI_null_08797,-0.02871069244260244,-2.953008241383957,-0.670489212387776,0.0,0.0,300
MZI_null,MZI,MZI_null_08798,-0.02554306886127008,-8.002063639260573,-2.472472548932075,0.0,0.0,300
MZI_null,MZI,MZI_null_08799,0.13431613364224862,-6.5198493923369245,-4.269813699569063,0.0,0.0,300
MZI_null,MZI,MZI_null_08800,-0.06401870930977883,-4.176870255911426,-1.0836564464248242,0.0,0.0,300
MZI_null,MZI,MZI_null_08801,-0.16396151275181112,-3.163563571428119,-1.1439835947980026,0.0,0.0,300
MZI_null,MZI,MZI_null_08802,0.09734106243119565,1.7343681582987882,-1.7846414615603192,0.0,0.0,300
MZI_null,MZI,MZI_null_08803,0.2832090361868738,-2.551713741633572,1.4866254447695924,0.0,0.0,300
MZI_null,MZI,MZI_null_08804,0.28972616020901687,-1.5820747722921944,-5.120579864732607,0.0,0.0,300
MZI_null,MZI,MZI_null_08805,0.013635578581144668,-3.8349286646147323,-1.8232960809173562,0.0,0.0,300
MZI_null,MZI,MZI_null_08806,0.2977465323742822,-5.668290269671627,-0.09859953308242375,0.0,0.0,300
MZI_null,MZI,MZI_null_08807,-0.13165819204825865,-2.9229738236027436,1.234527005613451,0.0,0.0,300
MZI_null,MZI,MZI_null_08808,0.04772459152095342,-2.6750968068847674,-2.949400975793884,0.0,0.0,300
MZI_null,MZI,MZI_null_08809,0.04741172882304214,3.1230601514601117,-3.7040558278708713,0.0,0.0,300
MZI_null,MZI,MZI_null_08810,0.28674958281866586,1.5984923521754535,3.108060102733301,0.0,0.0,300
MZI_null,MZI,MZI_null_08811,0.0462648571394402,1.5133893265296834,-4.026493847351879,0.0,0.0,300
MZI_null,MZI,MZI_null_08812,-0.10020658617727672,0.29744144176117704,-0.11246483432855126,0.0,0.0,300
MZI_null,MZI,MZI_null_08813,-0.022256888774665376,-9.507826671822265,-2.3064221441145136,0.0,0.0,300
MZI_null,MZI,MZI_null_08814,-0.17610806704473983,-0.5193970660654927,-1.573505585701707,0.0,0.0,300
MZI_null,MZI,MZI_null_08815,-0.0942450816249757,5.928731447872911,2.114523430082704,0.0,0.0,300
MZI_null,MZI,MZI_null_08816,0.15838082120340888,4.606645434046518,1.4065753480493282,0.0,0.0,300
MZI_null,MZI,MZI_null_08817,-0.11564310142092986,-4.663689055075209,1.8947082762627043,0.0,0.0,300
MZI_null,MZI,MZI_null_08818,-0.3089031419662765,-2.233338893028697,-7.5133731326693445,0.0,0.0,300
MZI_null,MZI,MZI_null_08819,0.01482652625842594,0.5622107521358601,-0.16175339618910312,0.0,0.0,300
MZI_null,MZI,MZI_null_08820,0.14071640384558967,3.894480824979744,-1.4306153117860263,0.0,0.0,300
MZI_null,MZI,MZI_null_08821,0.42114761749183216,-1.3619901314895362,1.8474951880710773,0.0,0.0,300
MZI_null,MZI,MZI_null_08822,-0.09165940718476011,2.8579419388920453,2.125130595627888,0.0,0.0,300
MZI_null,MZI,MZI_null_08823,0.22071769538519964,-1.8364867346781355,-4.766252693149868,0.0,0.0,300
MZI_null,MZI,MZI_null_08824,0.06905961594381091,-7.091059439970547,-2.0085574108658557,0.0,0.0,300
MZI_null,MZI,MZI_null_08825,0.028662065494837585,5.131672877532303,-0.044354164174178146,0.0,0.0,300
MZI_null,MZI,MZI_null_08826,0.020930620362455885,-2.189097272105878,-5.026272714295053,0.0,0.0,300
MZI_null,MZI,MZI_null_08827,0.012873876001951152,-1.6913519715896825,-3.9058254863611515,0.0,0.0,300
MZI_null,MZI,MZI_null_08828,-0.17801184216425472,-3.4447120483031997,-0.8052010642819205,0.0,0.0,300
MZI_null,MZI,MZI_null_08829,-0.06863312720721872,-5.1526263489545645,-0.13218324398708348,0.0,0.0,300
MZI_null,MZI,MZI_null_08830,0.08083002362538434,-1.636106872333295,-2.6889481416308,0.0,0.0,300
MZI_null,MZI,MZI_null_08831,0.08922615318483873,-2.571611869180943,-4.567251122035448,0.0,0.0,300
MZI_null,MZI,MZI_null_08832,0.15543665325020975,-0.9394759422005301,-1.3578709170872172,0.0,0.0,300
MZI_null,MZI,MZI_null_08833,-0.23565783072520874,-4.234580837405635,5.0556971371487816,0.0,0.0,300
MZI_null,MZI,MZI_null_08834,-0.22625130928210455,-2.7540478389250773,-1.0490072870608593,0.0,0.0,300
MZI_null,MZI,MZI_null_08835,0.0480715184117332,-6.491512807479242,-0.47747123078619913,0.0,0.0,300
MZI_null,MZI,MZI_null_08836,-0.2529158193707519,-1.7077136114134661,-2.9571937570287474,0.0,0.0,300
MZI_null,MZI,MZI_null_08837,-0.12988039003767154,0.5044514760027621,-1.7068187300916466,0.0,0.0,300
MZI_null,MZI,MZI_null_08838,0.07105662073613571,-0.47951926586654814,2.809860466865306,0.0,0.0,300
MZI_null,MZI,MZI_null_08839,-0.18123866124315371,0.7570469875592698,-0.9506151326858591,0.0,0.0,300
MZI_null,MZI,MZI_null_08840,-0.056718687055439046,-5.4477515575708475,0.819772584628585,0.0,0.0,300
MZI_null,MZI,MZI_null_08841,-0.1383336782000828,-0.44658023906857114,4.783492318901397,0.0,0.0,300
MZI_null,MZI,MZI_null_08842,0.14699655605389925,2.1743029754519467,-3.157014331675095,0.0,0.0,300
MZI_null,MZI,MZI_null_08843,0.11440995691979924,-5.432644865409172,-1.700448707723842,0.0,0.0,300
MZI_null,MZI,MZI_null_08844,0.26119080843286796,-3.8235266192794524,2.3340685525192795,0.0,0.0,300
MZI_null,MZI,MZI_null_08845,0.15234700994995723,1.2242237506625138,-4.801005928363818,0.0,0.0,300
MZI_null,MZI,MZI_null_08846,0.07878014490235197,-2.4697956977505897,2.2654905725873347,0.0,0.0,300
MZI_null,MZI,MZI_null_08847,-0.24825005995902677,-0.8966363328031908,-0.32087439147979924,0.0,0.0,300
MZI_null,MZI,MZI_null_08848,-0.2985175105873403,-4.656261068284931,-6.490456639350553,0.0,0.0,300
MZI_null,MZI,MZI_null_08849,-0.10895329528843602,-0.35234874600455646,-0.4139032730541772,0.0,0.0,300
MZI_null,MZI,MZI_null_08850,0.025410012089032322,-5.119244326794147,2.3613514745315967,0.0,0.0,300
MZI_null,MZI,MZI_null_08851,-0.0028229517542010083,-1.8988885632274746,1.8211987068383917,0.0,0.0,300
MZI_null,MZI,MZI_null_08852,-0.1487018621538808,-1.3143566903842308,0.2703874748042594,0.0,0.0,300
MZI_null,MZI,MZI_null_08853,-0.08183522254407721,-0.04287985772067149,0.4313695118887013,0.0,0.0,300
MZI_null,MZI,MZI_null_08854,-0.015176506841613743,-2.3964526704045843,0.5706429736139156,0.0,0.0,300
MZI_null,MZI,MZI_null_08855,0.11827065600197854,-1.811300247780079,2.3605683812205402,0.0,0.0,300
MZI_null,MZI,MZI_null_08856,0.09877889436458749,-7.365391849180446,-5.2146900926264275,0.0,0.0,300
MZI_null,MZI,MZI_null_08857,0.17733528285324918,-2.740319394412693,-0.5074725316075782,0.0,0.0,300
MZI_null,MZI,MZI_null_08858,0.17089357764887173,-2.019233652115523,-0.8881971712319534,0.0,0.0,300
MZI_null,MZI,MZI_null_08859,-0.13030938491875935,-0.8900164783174387,0.7595366569004705,0.0,0.0,300
MZI_null,MZI,MZI_null_08860,-0.08668227555042841,-4.766064134917601,6.878867765585685,0.0,0.0,300
MZI_null,MZI,MZI_null_08861,-0.013936270477242444,-4.051077018827874,1.1197593358767852,0.0,0.0,300
MZI_null,MZI,MZI_null_08862,-0.007619105284183794,-5.25729896978631,0.4491607149543353,0.0,0.0,300
MZI_null,MZI,MZI_null_08863,-0.1279681453613728,2.7293740064669016,0.4835138892572073,0.0,0.0,300
MZI_null,MZI,MZI_null_08864,-0.04153206367891259,-1.671958945933661,1.7098643632945798,0.0,0.0,300
MZI_null,MZI,MZI_null_08865,0.02789418803411978,4.366328371700645,2.4076025491865733,0.0,0.0,300
MZI_null,MZI,MZI_null_08866,0.07314110513416829,-4.810957620525452,-1.440664311705973,0.0,0.0,300
MZI_null,MZI,MZI_null_08867,0.0718312455078679,-4.468584247274415,2.880280624888849,0.0,0.0,300
MZI_null,MZI,MZI_null_08868,-0.1461236012667061,-3.9116770941377066,-2.6868975546846445,0.0,0.0,300
MZI_null,MZI,MZI_null_08869,0.11157366909496995,-4.4148091015123185,-6.3999297112571645,0.0,0.0,300
MZI_null,MZI,MZI_null_08870,0.1632058253642569,-3.333158855316685,-4.205522896455811,0.0,0.0,300
MZI_null,MZI,MZI_null_08871,-0.11322878298038097,3.1502882475530516,-2.971131091818733,0.0,0.0,300
MZI_null,MZI,MZI_null_08872,-0.018505215806535222,-3.3407550868580476,-4.69798763030127,0.0,0.0,300
MZI_null,MZI,MZI_null_08873,-0.11140778433704451,-5.903325221019484,1.867643827042142,0.0,0.0,300
MZI_null,MZI,MZI_null_08874,0.015131859692039364,5.448033286522964,-3.126732174971767,0.0,0.0,300
MZI_null,MZI,MZI_null_08875,-0.1288290369218429,2.601279305065985,2.1739310962044036,0.0,0.0,300
MZI_null,MZI,MZI_null_08876,0.0577147532656533,-5.3410745452648145,4.234988803183802,0.0,0.0,300
MZI_null,MZI,MZI_null_08877,-0.010815473965552196,-3.292025385485107,2.4288792107548396,0.0,0.0,300
MZI_null,MZI,MZI_null_08878,-0.0033442681880594878,-5.497010256895648,-0.8790922015042546,0.0,0.0,300
MZI_null,MZI,MZI_null_08879,-0.11720232023561458,-11.028023428049522,-3.645130576450396,0.0,0.0,300
MZI_null,MZI,MZI_null_08880,-0.07916033563017762,-5.466935327879144,0.7257395963421129,0.0,0.0,300
MZI_null,MZI,MZI_null_08881,-0.11661716359931724,-0.5647213974966312,-4.699959209104945,0.0,0.0,300
MZI_null,MZI,MZI_null_08882,0.13638283816238075,-5.829447579999475,-8.02459122817322,0.0,0.0,300
MZI_null,MZI,MZI_null_08883,0.18558938777448408,-4.567681411193513,4.270787174598225,0.0,0.0,300
MZI_null,MZI,MZI_null_08884,0.08468878518121048,0.37078995514375945,2.1364175013982183,0.0,0.0,300
MZI_null,MZI,MZI_null_08885,0.016901901937360398,-1.627833746484383,2.844020072582926,0.0,0.0,300
MZI_null,MZI,MZI_null_08886,0.01670377435471471,-4.184530540389829,0.7572756804866712,0.0,0.0,300
MZI_null,MZI,MZI_null_08887,-0.3170465121577428,1.9586764046806406,3.021317407895274,0.0,0.0,300
MZI_null,MZI,MZI_null_08888,0.17972500021846183,1.4793158871330832,-1.2525259760233693,0.0,0.0,300
MZI_null,MZI,MZI_null_08889,-0.016002357673953367,-5.688920269312568,4.244123755133144,0.0,0.0,300
MZI_null,MZI,MZI_null_08890,-0.07275272595394167,-0.9803440707443571,-0.2378641511356656,0.0,0.0,300
MZI_null,MZI,MZI_null_08891,-0.2010628772406235,-7.234025072369617,-0.9832401373979551,0.0,0.0,300
MZI_null,MZI,MZI_null_08892,-0.06806341764172634,-2.2683105777300057,2.1962468906096975,0.0,0.0,300
MZI_null,MZI,MZI_null_08893,0.0337416225805534,0.27556762229419185,0.3359844865267325,0.0,0.0,300
MZI_null,MZI,MZI_null_08894,-0.04745012898597476,-5.005409501579192,-0.20584639565959473,0.0,0.0,300
MZI_null,MZI,MZI_null_08895,0.012583892901913692,0.7454690125142416,-1.452700209167479,0.0,0.0,300
MZI_null,MZI,MZI_null_08896,-0.04460123176732839,-2.6884981513448,-3.7561799050163374,0.0,0.0,300
MZI_null,MZI,MZI_null_08897,0.21703649172306863,1.4188862638472846,-4.63908948687414,0.0,0.0,300
MZI_null,MZI,MZI_null_08898,0.12059222129588242,-7.535015191797096,1.9558676993330675,0.0,0.0,300
MZI_null,MZI,MZI_null_08899,-0.10445256766615131,-0.9202983269652458,-6.7885290686250155,0.0,0.0,300
MZI_null,MZI,MZI_null_08900,-0.17980563475169256,-0.5938910982517716,-3.102724550148341,0.0,0.0,300
MZI_null,MZI,MZI_null_08901,-0.1259944305558298,2.1875850923562927,5.632877633818624,0.0,0.0,300
MZI_null,MZI,MZI_null_08902,0.14055209052292247,-5.275641715205191,4.290557998453099,0.0,0.0,300
MZI_null,MZI,MZI_null_08903,-0.23421483894725734,-2.913474362225978,-0.8356666990378804,0.0,0.0,300
MZI_null,MZI,MZI_null_08904,0.28860567657581226,0.7379774126551761,-2.3912730843985592,0.0,0.0,300
MZI_null,MZI,MZI_null_08905,-0.14174344061696245,1.0065779614097634,-2.6000768716610665,0.0,0.0,300
MZI_null,MZI,MZI_null_08906,0.032511013179746265,-6.109329467777347,0.7077735656726014,0.0,0.0,300
MZI_null,MZI,MZI_null_08907,0.07330427186212178,-5.724860184974515,2.0948693386149206,0.0,0.0,300
MZI_null,MZI,MZI_null_08908,0.08321187123641723,0.22007275834029327,-2.1360360782503918,0.0,0.0,300
MZI_null,MZI,MZI_null_08909,0.026843461692966353,-1.8098633934040265,-1.4445112142626915,0.0,0.0,300
MZI_null,MZI,MZI_null_08910,0.025575491724876873,1.7693289213891474,2.2248519161117803,0.0,0.0,300
MZI_null,MZI,MZI_null_08911,-0.1772791016203285,0.9562054507208195,2.573430118244107,0.0,0.0,300
MZI_null,MZI,MZI_null_08912,-0.022676651002854938,-0.47465868860667015,0.4820050019090534,0.0,0.0,300
MZI_null,MZI,MZI_null_08913,-0.12749499250114518,-3.145868862584984,1.2524307165548212,0.0,0.0,300
MZI_null,MZI,MZI_null_08914,-0.07437333552471767,0.9264986777869226,2.914917322549284,0.0,0.0,300
MZI_null,MZI,MZI_null_08915,0.1715507762970706,3.9394138095083697,-1.2721968468733376,0.0,0.0,300
MZI_null,MZI,MZI_null_08916,0.026580161095359444,-1.0380108567120794,-1.1811937749722154,0.0,0.0,300
MZI_null,MZI,MZI_null_08917,0.08132684611524665,-7.133612087035967,-0.38528383392244225,0.0,0.0,300
MZI_null,MZI,MZI_null_08918,-0.20661549748243438,-4.887869832822734,1.1986694330897407,0.0,0.0,300
MZI_null,MZI,MZI_null_08919,-0.02986743576735301,0.09284342414741875,-1.66232981080339,0.0,0.0,300
MZI_null,MZI,MZI_null_08920,0.16596094745867335,-2.7172421168639103,-6.86475546868937,0.0,0.0,300
MZI_null,MZI,MZI_null_08921,0.03380888730169061,-8.506579537107653,-5.358162707597223,0.0,0.0,300
MZI_null,MZI,MZI_null_08922,-0.1324419793497855,-5.023128433310562,-2.6351524132488557,0.0,0.0,300
MZI_null,MZI,MZI_null_08923,-0.15631017352966586,-6.217857990757018,3.6255072345223223,0.0,0.0,300
MZI_null,MZI,MZI_null_08924,-0.10172168195878437,-8.692302959442193,-2.0827551190277713,0.0,0.0,300
MZI_null,MZI,MZI_null_08925,-0.16870965870413307,-4.65490288187844,1.1310274440574557,0.0,0.0,300
MZI_null,MZI,MZI_null_08926,-0.06722364281778268,-5.457789803653656,0.3387605298717338,0.0,0.0,300
MZI_null,MZI,MZI_null_08927,0.17249112459136284,-0.3893835120804656,-8.360666714951275,0.0,0.0,300
MZI_null,MZI,MZI_null_08928,-0.1672484253595521,-1.8576544080913848,-1.732898215792046,0.0,0.0,300
MZI_null,MZI,MZI_null_08929,-0.04909127309087948,-4.948270078522502,-5.21675224923232,0.0,0.0,300
MZI_null,MZI,MZI_null_08930,0.301167257671953,-1.9186671405832643,0.9263653666022533,0.0,0.0,300
MZI_null,MZI,MZI_null_08931,0.0009376760375713493,-1.8609539040860312,-1.1863101994278624,0.0,0.0,300
MZI_null,MZI,MZI_null_08932,-0.1680668788611648,-6.543468374102742,0.15867612123496055,0.0,0.0,300
MZI_null,MZI,MZI_null_08933,0.02817636109067497,0.8148426953791215,1.2060824799260796,0.0,0.0,300
MZI_null,MZI,MZI_null_08934,-0.12127682891245063,1.3977739267656153,1.295081585463552,0.0,0.0,300
MZI_null,MZI,MZI_null_08935,0.10362623547860027,4.747980375936425,5.1318762875245625,0.0,0.0,300
MZI_null,MZI,MZI_null_08936,0.10348706498323289,-0.30440838248741064,2.244965545309041,0.0,0.0,300
MZI_null,MZI,MZI_null_08937,-0.08759306545055569,-3.7094877727731506,1.0202642212757396,0.0,0.0,300
MZI_null,MZI,MZI_null_08938,-0.12847141336913584,-0.22169154343023445,-0.5295035003914301,0.0,0.0,300
MZI_null,MZI,MZI_null_08939,-0.1284285156888178,-1.922400469135102,2.915244776415249,0.0,0.0,300
MZI_null,MZI,MZI_null_08940,0.012355567598075623,-1.740357057146068,-0.013044163286211163,0.0,0.0,300
MZI_null,MZI,MZI_null_08941,0.06887827843374131,-2.9925213982435794,0.05078314390114369,0.0,0.0,300
MZI_null,MZI,MZI_null_08942,-0.15736055393860995,-4.397213170501664,-3.0134473242268687,0.0,0.0,300
MZI_null,MZI,MZI_null_08943,0.07046440344511622,-1.5193015173311688,-1.4030787317318592,0.0,0.0,300
MZI_null,MZI,MZI_null_08944,0.10361549843779301,-0.8634137517729927,-1.8699303399486158,0.0,0.0,300
MZI_null,MZI,MZI_null_08945,-0.1552846264229718,-4.4591264036802585,-5.400428396178675,0.0,0.0,300
MZI_null,MZI,MZI_null_08946,0.021085432522623862,-4.586416347361016,-2.485968945951612,0.0,0.0,300
MZI_null,MZI,MZI_null_08947,-0.019138602094329583,1.1319855739920568,1.7863717949504587,0.0,0.0,300
MZI_null,MZI,MZI_null_08948,-0.008206270688096151,1.7965104682008977,-7.037045527962583,0.0,0.0,300
MZI_null,MZI,MZI_null_08949,0.2815830824649769,0.07749914291375504,-0.6915901449402114,0.0,0.0,300
MZI_null,MZI,MZI_null_08950,-0.13370395211280944,-3.3142020983913927,0.8280526867341238,0.0,0.0,300
MZI_null,MZI,MZI_null_08951,0.09481190752971207,0.005180111772360441,-3.1854902030993815,0.0,0.0,300
MZI_null,MZI,MZI_null_08952,-0.13947715695228147,-1.4143842669424807,1.3095618733144199,0.0,0.0,300
MZI_null,MZI,MZI_null_08953,0.00047772742572878626,2.4444527406555014,-0.9005876134296659,0.0,0.0,300
MZI_null,MZI,MZI_null_08954,-0.00010629657494793376,0.011679973578007097,2.657690412776116,0.0,0.0,300
MZI_null,MZI,MZI_null_08955,-0.20238828897068173,-5.354035124106795,-1.9397843132321149,0.0,0.0,300
MZI_null,MZI,MZI_null_08956,0.4738412676882995,-2.7844056876227956,-1.3653488290317064,0.0,0.0,300
MZI_null,MZI,MZI_null_08957,0.09275278947118772,0.9307867084404227,-0.4906446506357325,0.0,0.0,300
MZI_null,MZI,MZI_null_08958,0.17465212425603846,-5.581913549077759,-3.298265274228175,0.0,0.0,300
MZI_null,MZI,MZI_null_08959,0.1743730425869459,-1.9671706556495774,-4.787351815025994,0.0,0.0,300
MZI_null,MZI,MZI_null_08960,-0.1983806897425811,-4.4328224160341145,-0.9936233735262512,0.0,0.0,300
MZI_null,MZI,MZI_null_08961,0.07010693545901829,-2.987179999832418,0.1549975677185571,0.0,0.0,300
MZI_null,MZI,MZI_null_08962,-0.06555997300404225,1.6717606048507525,6.655520283717067,0.0,0.0,300
MZI_null,MZI,MZI_null_08963,-0.05889190981266359,-0.5602015676031629,0.19523247245033692,0.0,0.0,300
MZI_null,MZI,MZI_null_08964,0.02080431393898882,-0.04024716397612593,0.4364635669394814,0.0,0.0,300
MZI_null,MZI,MZI_null_08965,-0.0706580355577342,1.9496373178680635,-0.3950012575396723,0.0,0.0,300
MZI_null,MZI,MZI_null_08966,-0.05772006297455449,5.329607571542204,-1.3486401314667997,0.0,0.0,300
MZI_null,MZI,MZI_null_08967,0.038241576213562396,-1.47367896625899,-1.3896838328536245,0.0,0.0,300
MZI_null,MZI,MZI_null_08968,0.06729970575660231,-4.534999727274875,0.7896301595691724,0.0,0.0,300
MZI_null,MZI,MZI_null_08969,-0.26375310425886445,-5.894209253771387,4.477173641505546,0.0,0.0,300
MZI_null,MZI,MZI_null_08970,-0.18842700400826795,-7.879876556110582,-4.694248507198562,0.0,0.0,300
MZI_null,MZI,MZI_null_08971,0.26100859037951013,-7.375585220818145,-3.8674425477746524,0.0,0.0,300
MZI_null,MZI,MZI_null_08972,-0.21872887264754803,-2.8223875912700254,-2.3080626945422096,0.0,0.0,300
MZI_null,MZI,MZI_null_08973,-0.07211347600905503,3.5684013982154097,-4.597225952912645,0.0,0.0,300
MZI_null,MZI,MZI_null_08974,-0.015328166957566633,-0.984196261037797,-3.9406277862164316,0.0,0.0,300
MZI_null,MZI,MZI_null_08975,0.07298849718699038,-3.1994314836599234,0.12292719856956813,0.0,0.0,300
MZI_null,MZI,MZI_null_08976,-0.016199887728847954,-8.151593676698912,2.918296138297224,0.0,0.0,300
MZI_null,MZI,MZI_null_08977,0.31056874730311074,-2.5302625458044403,-3.6938561555998124,0.0,0.0,300
MZI_null,MZI,MZI_null_08978,0.22590190817635322,3.6711487086024137,-1.5063862347699921,0.0,0.0,300
MZI_null,MZI,MZI_null_08979,-0.0328020922830772,-2.2397332930144978,-6.023646667735915,0.0,0.0,300
MZI_null,MZI,MZI_null_08980,-0.04366888180398418,3.144825662647735,-1.5060659823116809,0.0,0.0,300
MZI_null,MZI,MZI_null_08981,-0.15600517918083076,-0.5099431420865597,-3.001596395482337,0.0,0.0,300
MZI_null,MZI,MZI_null_08982,-0.00996781855018904,-5.8065463416418375,-4.109872483560196,0.0,0.0,300
MZI_null,MZI,MZI_null_08983,0.1106488882295389,-1.6523996617967365,-3.328172160528449,0.0,0.0,300
MZI_null,MZI,MZI_null_08984,0.017930269545735435,-3.821440126181777,-3.3512805081105084,0.0,0.0,300
MZI_null,MZI,MZI_null_08985,0.1746051595872459,0.3486326595663156,-1.0638185488932843,0.0,0.0,300
MZI_null,MZI,MZI_null_08986,0.021650600587455503,-2.0251940520030303,0.46102777752061685,0.0,0.0,300
MZI_null,MZI,MZI_null_08987,-0.11992524876835414,0.5875142001059297,0.06069751367243814,0.0,0.0,300
MZI_null,MZI,MZI_null_08988,-0.03945845068343274,-3.4633340945256257,1.5233928253004252,0.0,0.0,300
MZI_null,MZI,MZI_null_08989,-0.022572947422515935,-4.096679287489512,-2.153709300922971,0.0,0.0,300
MZI_null,MZI,MZI_null_08990,0.11538069733337399,-6.831659603738121,-2.0662267167414177,0.0,0.0,300
MZI_null,MZI,MZI_null_08991,0.16058740045136458,-2.504650316309774,-0.1815498031664764,0.0,0.0,300
MZI_null,MZI,MZI_null_08992,0.1630153446805792,0.67698896019151,-2.3201763191197657,0.0,0.0,300
MZI_null,MZI,MZI_null_08993,-0.019559032830575453,0.7142917051870405,1.8184084618516962,0.0,0.0,300
MZI_null,MZI,MZI_null_08994,-0.013207518797241174,-2.1606369568772803,-0.19694891639844603,0.0,0.0,300
MZI_null,MZI,MZI_null_08995,0.20503510350259394,1.202698361973869,1.080160111397055,0.0,0.0,300
MZI_null,MZI,MZI_null_08996,-0.16180039140958374,-2.8245002196447704,-1.6668600210697084,0.0,0.0,300
MZI_null,MZI,MZI_null_08997,0.21277275489052092,-2.7165931735389135,2.76032846923284,0.0,0.0,300
MZI_null,MZI,MZI_null_08998,-0.08560480057966263,-3.4726518729822766,0.44436231743942267,0.0,0.0,300
MZI_null,MZI,MZI_null_08999,0.23522200583576355,-2.6353313878036317,-8.688303585583594,0.0,0.0,300
MZI_null,MZI,MZI_null_09000,-0.23462751035083304,-1.1061153315066308,-5.424388080345304,0.0,0.0,300
MZI_null,MZI,MZI_null_09001,-0.12983442395946188,-1.962974148085229,-8.348101737239382,0.0,0.0,300
MZI_null,MZI,MZI_null_09002,-0.05695886839881817,-5.494425673580808,-5.4975391537022515,0.0,0.0,300
MZI_null,MZI,MZI_null_09003,-0.12032766588270903,-5.207626775208293,0.40844065397690854,0.0,0.0,300
MZI_null,MZI,MZI_null_09004,0.17947901800243254,-3.0932805548331883,-2.788377337140508,0.0,0.0,300
MZI_null,MZI,MZI_null_09005,-0.062130750173684815,-5.324561323815387,-4.866225686859035,0.0,0.0,300
MZI_null,MZI,MZI_null_09006,-0.24683316793400056,-5.98856287495452,3.8959730213378876,0.0,0.0,300
MZI_null,MZI,MZI_null_09007,-0.10356315530451872,-10.824885415291288,-2.7611708154430206,0.0,0.0,300
MZI_null,MZI,MZI_null_09008,-0.23856218051412323,-1.8215451800085112,-1.1450609657110145,0.0,0.0,300
MZI_null,MZI,MZI_null_09009,0.008382845653808181,-2.122178236235554,-2.1181309138592477,0.0,0.0,300
MZI_null,MZI,MZI_null_09010,-0.21838441823099794,-2.2239622159142716,2.0567737674070816,0.0,0.0,300
MZI_null,MZI,MZI_null_09011,0.2720509625692806,-2.713973981918019,-1.388829835851056,0.0,0.0,300
MZI_null,MZI,MZI_null_09012,0.075064076863334,2.4797246784163134,-2.4588898315136416,0.0,0.0,300
MZI_null,MZI,MZI_null_09013,0.10389769754255064,-4.4684577965731656,-0.010453029203491782,0.0,0.0,300
MZI_null,MZI,MZI_null_09014,0.1455906264927556,-5.87258181964339,-2.5754341660546536,0.0,0.0,300
MZI_null,MZI,MZI_null_09015,0.1432174645042502,-0.1515163084556157,2.1078384209445655,0.0,0.0,300
MZI_null,MZI,MZI_null_09016,0.12726594696811,-3.023310583750117,5.597570445184073,0.0,0.0,300
MZI_null,MZI,MZI_null_09017,0.020536498613009206,-11.167126847432602,-1.8470391171318985,0.0,0.0,300
MZI_null,MZI,MZI_null_09018,-0.07037568854989926,0.38574750210183373,-2.3535559455943917,0.0,0.0,300
MZI_null,MZI,MZI_null_09019,0.1648454993728706,-0.3257018827798768,-4.000271384410181,0.0,0.0,300
MZI_null,MZI,MZI_null_09020,-0.02105600034171374,-4.326600332826201,-0.44572405943899096,0.0,0.0,300
MZI_null,MZI,MZI_null_09021,-0.11722363008526815,-1.7766943084728144,-1.8169172529712339,0.0,0.0,300
MZI_null,MZI,MZI_null_09022,-0.022833488201973586,4.152821139394296,-2.0814556801216137,0.0,0.0,300
MZI_null,MZI,MZI_null_09023,-0.2901649631425785,1.0474784342030423,2.0238677054060243,0.0,0.0,300
MZI_null,MZI,MZI_null_09024,-0.2968410260695239,-4.102698863624202,0.30743167053956943,0.0,0.0,300
MZI_null,MZI,MZI_null_09025,0.07863048918256,-2.0141712903581617,-0.9465238632001466,0.0,0.0,300
MZI_null,MZI,MZI_null_09026,-0.14078818096247767,-9.199546140367062,5.14852195455061,0.0,0.0,300
MZI_null,MZI,MZI_null_09027,-0.14530009165600713,-1.4704829298065527,-1.4765439869780086,0.0,0.0,300
MZI_null,MZI,MZI_null_09028,0.1345796328410319,-1.6553083595535245,-0.5396771407240003,0.0,0.0,300
MZI_null,MZI,MZI_null_09029,-0.3951477372013394,-4.500017217626759,1.2338991397969918,0.0,0.0,300
MZI_null,MZI,MZI_null_09030,0.09820023376078939,-4.854958470851635,-5.734085748163366,0.0,0.0,300
MZI_null,MZI,MZI_null_09031,0.01898689600843958,-10.720322146387446,-4.446022757013288,0.0,0.0,300
MZI_null,MZI,MZI_null_09032,0.2640241612732966,2.335201986621305,0.46174807629543557,0.0,0.0,300
MZI_null,MZI,MZI_null_09033,0.046100447172188454,-7.850512353573197,-3.2220017099473495,0.0,0.0,300
MZI_null,MZI,MZI_null_09034,-0.044275289694866424,-4.1582412485035665,-2.050730004723593,0.0,0.0,300
MZI_null,MZI,MZI_null_09035,0.19488366365194412,-3.6254691838139674,-2.0228175416702965,0.0,0.0,300
MZI_null,MZI,MZI_null_09036,0.11092969300256268,-6.25842715580841,-3.5206137365165397,0.0,0.0,300
MZI_null,MZI,MZI_null_09037,-0.11065838816352642,-1.8332235603447575,-2.0348862024809966,0.0,0.0,300
MZI_null,MZI,MZI_null_09038,-0.04700113640207009,-3.994561961307485,-4.212490780644265,0.0,0.0,300
MZI_null,MZI,MZI_null_09039,0.09137143863158662,-3.0134123568867635,0.8570569404421193,0.0,0.0,300
MZI_null,MZI,MZI_null_09040,-0.16674409957217212,-3.9957264732489275,-1.6635490835402986,0.0,0.0,300
MZI_null,MZI,MZI_null_09041,-0.019180055522431613,0.2631061777966299,-2.2915278687770755,0.0,0.0,300
MZI_null,MZI,MZI_null_09042,0.11201133642163129,-0.8751679743209162,-1.3205578302488474,0.0,0.0,300
MZI_null,MZI,MZI_null_09043,-0.14269481947447796,0.2706257963899601,-3.779012401940952,0.0,0.0,300
MZI_null,MZI,MZI_null_09044,-0.0031920570235918246,-2.161821328808239,-1.6212854278518476,0.0,0.0,300
MZI_null,MZI,MZI_null_09045,-0.05839795844779715,-4.466230084885014,-5.8508093121102345,0.0,0.0,300
MZI_null,MZI,MZI_null_09046,0.21057070992605276,-3.475170392771748,-1.3843362853524082,0.0,0.0,300
MZI_null,MZI,MZI_null_09047,-0.02013410759009109,1.2868130116862448,4.79958266455292,0.0,0.0,300
MZI_null,MZI,MZI_null_09048,0.023977112938302996,-2.471008005370753,-4.3703710214782365,0.0,0.0,300
MZI_null,MZI,MZI_null_09049,-0.21653826741191473,-7.321924788932303,-3.3875348785704045,0.0,0.0,300
MZI_null,MZI,MZI_null_09050,-0.31362821959696724,1.236489861220336,0.2692887319802737,0.0,0.0,300
MZI_null,MZI,MZI_null_09051,-0.037746077202717034,1.3281519422823704,-4.2134682322098245,0.0,0.0,300
MZI_null,MZI,MZI_null_09052,-0.12299715830468319,-7.801379840905234,1.323061085060636,0.0,0.0,300
MZI_null,MZI,MZI_null_09053,-0.12155119294639105,-1.952913160172529,2.0077292017240325,0.0,0.0,300
MZI_null,MZI,MZI_null_09054,0.20562761332491314,-2.0874390544717114,0.15271230881406916,0.0,0.0,300
MZI_null,MZI,MZI_null_09055,-0.1355775369065491,3.0501200290226,-1.4984516808980985,0.0,0.0,300
MZI_null,MZI,MZI_null_09056,0.012042742780218045,-3.2205592167896784,2.5977469952412693,0.0,0.0,300
MZI_null,MZI,MZI_null_09057,0.029939088462478423,0.28280373224087274,0.061874419936645886,0.0,0.0,300
MZI_null,MZI,MZI_null_09058,-0.033061407482400725,0.788405683898775,0.03594858372614329,0.0,0.0,300
MZI_null,MZI,MZI_null_09059,-0.14414685912708505,-4.9676341514281415,-0.5535198129050976,0.0,0.0,300
MZI_null,MZI,MZI_null_09060,0.13611868535814414,2.9182616455192107,-6.331640372742408,0.0,0.0,300
MZI_null,MZI,MZI_null_09061,0.0038489773648081507,-0.5310570134750106,-0.11299259501571068,0.0,0.0,300
MZI_null,MZI,MZI_null_09062,0.15139906575505638,-0.03339807052549326,-3.95650055074102,0.0,0.0,300
MZI_null,MZI,MZI_null_09063,-0.15221875330360965,-1.0626354315448272,1.971516273267575,0.0,0.0,300
MZI_null,MZI,MZI_null_09064,0.021512632942904324,-6.733799208704835,-4.141514245948819,0.0,0.0,300
MZI_null,MZI,MZI_null_09065,0.1037273783797996,-3.0459352727513975,-0.6461280903901361,0.0,0.0,300
MZI_null,MZI,MZI_null_09066,0.15981270587276364,-5.606627142859866,-2.2427279677058625,0.0,0.0,300
MZI_null,MZI,MZI_null_09067,-0.07843092200609156,-0.9337923904164,1.3186645348159765,0.0,0.0,300
MZI_null,MZI,MZI_null_09068,-0.22204011853481725,-2.016609077498808,1.607987312138635,0.0,0.0,300
MZI_null,MZI,MZI_null_09069,-0.2782179677191253,-2.193177324318821,-4.647353322349684,0.0,0.0,300
MZI_null,MZI,MZI_null_09070,-0.09623503553242992,-9.515103768444567,3.1782023562650803,0.0,0.0,300
MZI_null,MZI,MZI_null_09071,-0.05337436911052692,-4.421575592107743,-0.015198863628549386,0.0,0.0,300
MZI_null,MZI,MZI_null_09072,-0.1563465349030874,-5.411733586643882,3.5309875094411822,0.0,0.0,300
MZI_null,MZI,MZI_null_09073,0.2712994542490198,-3.776191016847446,2.202064129748538,0.0,0.0,300
MZI_null,MZI,MZI_null_09074,0.05340606659821295,-6.241493875131049,-3.7843956815493547,0.0,0.0,300
MZI_null,MZI,MZI_null_09075,0.23266496987954027,-6.2803850984725305,5.842998014224577,0.0,0.0,300
MZI_null,MZI,MZI_null_09076,-0.08570432638676688,2.7424447188796996,-1.9166913839285111,0.0,0.0,300
MZI_null,MZI,MZI_null_09077,0.11998553872517267,2.185099420362067,3.169861453043029,0.0,0.0,300
MZI_null,MZI,MZI_null_09078,-0.08765482961894554,-4.572164299697379,-1.2436360292534052,0.0,0.0,300
MZI_null,MZI,MZI_null_09079,-0.1950719431550967,-1.2822074731683244,-3.4623899568325456,0.0,0.0,300
MZI_null,MZI,MZI_null_09080,0.16240646603143735,-3.7103372486544153,-6.226776908440061,0.0,0.0,300
MZI_null,MZI,MZI_null_09081,0.21013721642539443,-1.4498959900044095,-0.91259532873978,0.0,0.0,300
MZI_null,MZI,MZI_null_09082,0.1641592177419314,0.6147295068944709,-3.2855606320312765,0.0,0.0,300
MZI_null,MZI,MZI_null_09083,-0.06746724090392404,-5.338865750178014,-5.3933561653744455,0.0,0.0,300
MZI_null,MZI,MZI_null_09084,0.08678888023730841,-0.823447069874955,1.2824876345675498,0.0,0.0,300
MZI_null,MZI,MZI_null_09085,0.19224081622439138,0.3234243847770175,1.5903784289157747,0.0,0.0,300
MZI_null,MZI,MZI_null_09086,-0.31169418872582055,-2.920955725774982,1.8937294840099614,0.0,0.0,300
MZI_null,MZI,MZI_null_09087,-0.17523131043078247,-1.7249858514867091,0.5583933218405184,0.0,0.0,300
MZI_null,MZI,MZI_null_09088,0.066428024075773,-0.8936110761251004,0.7967381571367256,0.0,0.0,300
MZI_null,MZI,MZI_null_09089,0.02711158423923288,-6.3887846221730396,0.5208666062104801,0.0,0.0,300
MZI_null,MZI,MZI_null_09090,0.0427119840830616,-6.34924535256636,3.1392056332597127,0.0,0.0,300
MZI_null,MZI,MZI_null_09091,0.08007565496220605,-6.141044962932376,-3.4516754919164514,0.0,0.0,300
MZI_null,MZI,MZI_null_09092,-0.08460780626192696,-3.6942903164019456,-0.12084943354467426,0.0,0.0,300
MZI_null,MZI,MZI_null_09093,-0.14645276265873927,1.3844102413658037,2.1374103541039737,0.0,0.0,300
MZI_null,MZI,MZI_null_09094,0.09289759643993843,-1.8672746738184474,1.8123425454546118,0.0,0.0,300
MZI_null,MZI,MZI_null_09095,-0.04139215842060137,-4.173466584149628,2.5703289368592226,0.0,0.0,300
MZI_null,MZI,MZI_null_09096,0.047631413552851436,-4.052172921744175,-2.253227101124738,0.0,0.0,300
MZI_null,MZI,MZI_null_09097,-0.11046419756479017,4.066524576485815,-0.9877046876484263,0.0,0.0,300
MZI_null,MZI,MZI_null_09098,0.023665696688050294,0.16365714358582117,-4.646082947821017,0.0,0.0,300
MZI_null,MZI,MZI_null_09099,0.16448208994293348,-3.823538392363559,4.490048858345446,0.0,0.0,300
MZI_null,MZI,MZI_null_09100,-0.04689880950218897,1.1129200442895568,-8.49039435135726,0.0,0.0,300
MZI_null,MZI,MZI_null_09101,-0.17626996141289555,-2.880821476992878,-7.092348994374673,0.0,0.0,300
MZI_null,MZI,MZI_null_09102,0.09013266732621061,-1.0611256236912534,-3.9724829495796317,0.0,0.0,300
MZI_null,MZI,MZI_null_09103,-0.0023937944796747915,0.4194316897693753,-7.309148550609922,0.0,0.0,300
MZI_null,MZI,MZI_null_09104,-0.19102335243519852,-3.005264897670033,-0.9288291201025731,0.0,0.0,300
MZI_null,MZI,MZI_null_09105,-0.008791713240231534,0.6678843563071322,0.4316337369661909,0.0,0.0,300
MZI_null,MZI,MZI_null_09106,0.10449522608565891,-6.169627198413096,-0.5655284356018595,0.0,0.0,300
MZI_null,MZI,MZI_null_09107,-0.046071376385691525,2.3862156450063026,-0.4768130878663007,0.0,0.0,300
MZI_null,MZI,MZI_null_09108,-0.10035809020740435,0.5575038278651201,0.689893387593943,0.0,0.0,300
MZI_null,MZI,MZI_null_09109,-0.12324025089607195,-3.045469108307525,-1.994339378825084,0.0,0.0,300
MZI_null,MZI,MZI_null_09110,0.18411916384193058,-1.390274378364674,1.180347435680515,0.0,0.0,300
MZI_null,MZI,MZI_null_09111,-0.07399075816951242,-0.9955991265816764,2.9100827087889725,0.0,0.0,300
MZI_null,MZI,MZI_null_09112,-0.05416151478759713,-1.6545355884866715,-5.089918768712822,0.0,0.0,300
MZI_null,MZI,MZI_null_09113,-0.11483371348650413,-3.0033286759934694,-4.182517926855163,0.0,0.0,300
MZI_null,MZI,MZI_null_09114,0.198296051628277,-4.514021060724539,1.3603957763517363,0.0,0.0,300
MZI_null,MZI,MZI_null_09115,0.028025435629721505,-1.907444154468611,3.4584909348954724,0.0,0.0,300
MZI_null,MZI,MZI_null_09116,-0.33909004453913694,-2.588614690469315,-4.241141009696326,0.0,0.0,300
MZI_null,MZI,MZI_null_09117,-0.2942130613699556,-5.584195201273074,-0.9482873949907875,0.0,0.0,300
MZI_null,MZI,MZI_null_09118,-0.10880206938096683,0.6898407694754454,-1.6415375438239914,0.0,0.0,300
MZI_null,MZI,MZI_null_09119,-0.048710753208141444,-2.9608428515182776,-1.295483218388617,0.0,0.0,300
MZI_null,MZI,MZI_null_09120,-0.06277178024141294,-4.55376109269249,1.9675546519281077,0.0,0.0,300
MZI_null,MZI,MZI_null_09121,-0.09361425755834188,-3.150579849038558,0.28821524027093237,0.0,0.0,300
MZI_null,MZI,MZI_null_09122,0.047811186923587934,-4.680314187038149,1.2649458323322396,0.0,0.0,300
MZI_null,MZI,MZI_null_09123,0.0806505509757607,-1.4660754974382373,-2.2939505517444756,0.0,0.0,300
MZI_null,MZI,MZI_null_09124,-0.06100960357821129,-2.605391309004828,-4.695495823383298,0.0,0.0,300
MZI_null,MZI,MZI_null_09125,-0.005890267289543451,0.6763061213409971,1.6291135695020706,0.0,0.0,300
MZI_null,MZI,MZI_null_09126,-0.057127765691467935,1.1922498181766095,4.717713663588334,0.0,0.0,300
MZI_null,MZI,MZI_null_09127,-0.04743113028942411,0.07454411929650506,-7.788429888072377,0.0,0.0,300
MZI_null,MZI,MZI_null_09128,-0.18872200922729868,-1.72663691199944,-4.020199187555164,0.0,0.0,300
MZI_null,MZI,MZI_null_09129,0.30588030670836724,-0.20636093811034018,1.8974949405743913,0.0,0.0,300
MZI_null,MZI,MZI_null_09130,-0.004353960924088065,-5.009624059590957,-2.5564308465246413,0.0,0.0,300
MZI_null,MZI,MZI_null_09131,0.03815707194395396,-3.9137460152270336,1.013575975181599,0.0,0.0,300
MZI_null,MZI,MZI_null_09132,0.10671224538069576,-1.9850560881812351,-6.476905261050998,0.0,0.0,300
MZI_null,MZI,MZI_null_09133,0.25721774004989384,-2.638018570068553,7.127829945413108,0.0,0.0,300
MZI_null,MZI,MZI_null_09134,0.09788035445282925,-2.6298652301961707,0.34346562949401216,0.0,0.0,300
MZI_null,MZI,MZI_null_09135,-0.30289282756179176,1.0784272097078995,6.700823712588428,0.0,0.0,300
MZI_null,MZI,MZI_null_09136,-0.31338502107650684,-2.862227029477123,-1.3160143683745789,0.0,0.0,300
MZI_null,MZI,MZI_null_09137,0.1312842943744596,4.31792702249661,0.14864636778669404,0.0,0.0,300
MZI_null,MZI,MZI_null_09138,0.3212687736323291,-1.488702569346013,0.3542714563886893,0.0,0.0,300
MZI_null,MZI,MZI_null_09139,0.049235334924038233,1.660899349015259,-2.26696317433061,0.0,0.0,300
MZI_null,MZI,MZI_null_09140,0.12274301381422634,-5.692389818769281,-1.8535123139542276,0.0,0.0,300
MZI_null,MZI,MZI_null_09141,-0.09551154344082123,-1.7361153241461733,-1.9482392482113453,0.0,0.0,300
MZI_null,MZI,MZI_null_09142,0.16982005386854623,-4.636004285514927,-6.193947807433037,0.0,0.0,300
MZI_null,MZI,MZI_null_09143,-0.20359257295673358,0.9825041389039577,-3.908672029948666,0.0,0.0,300
MZI_null,MZI,MZI_null_09144,0.059676662328106284,-2.884362509744239,1.4727321642597655,0.0,0.0,300
MZI_null,MZI,MZI_null_09145,-0.03461485576749154,6.293045548351408,4.694351047455514,0.0,0.0,300
MZI_null,MZI,MZI_null_09146,-0.04728152706085386,-3.3564037672849585,8.396978452425385,0.0,0.0,300
MZI_null,MZI,MZI_null_09147,-0.16182764419928844,-2.165070643755047,-0.9326532408837175,0.0,0.0,300
MZI_null,MZI,MZI_null_09148,-0.0003506846721861295,-7.21613516159158,0.48980722902782103,0.0,0.0,300
MZI_null,MZI,MZI_null_09149,-0.14555251370884753,2.307967372507213,-5.367895127303865,0.0,0.0,300
MZI_null,MZI,MZI_null_09150,0.008919889106321435,-8.648361940855665,-7.4631511190221715,0.0,0.0,300
MZI_null,MZI,MZI_null_09151,-0.1259027937438949,-4.094630247011084,3.397179238968305,0.0,0.0,300
MZI_null,MZI,MZI_null_09152,-0.0060887754392847365,1.877220702734661,-2.1393597840300305,0.0,0.0,300
MZI_null,MZI,MZI_null_09153,0.09091277743204973,-4.176425950756703,-3.3804192072958035,0.0,0.0,300
MZI_null,MZI,MZI_null_09154,-0.27312752083768416,-0.9927380184461758,-0.21374975589955114,0.0,0.0,300
MZI_null,MZI,MZI_null_09155,0.11659693309287783,-1.355245138575814,5.078587931581902,0.0,0.0,300
MZI_null,MZI,MZI_null_09156,0.02640414550162646,0.9754801430143618,-1.9723272489973083,0.0,0.0,300
MZI_null,MZI,MZI_null_09157,-0.13627050514520833,0.15308551055990893,-1.2674439634610228,0.0,0.0,300
MZI_null,MZI,MZI_null_09158,0.12480645688944313,-0.9411903744659573,-3.379039980370469,0.0,0.0,300
MZI_null,MZI,MZI_null_09159,0.16115068165155427,-4.613569861354003,0.8759787898865139,0.0,0.0,300
MZI_null,MZI,MZI_null_09160,0.19224166672887796,-3.1537845152454733,2.467983361016945,0.0,0.0,300
MZI_null,MZI,MZI_null_09161,0.059642525107978864,0.55583133518879,-3.5102670733077583,0.0,0.0,300
MZI_null,MZI,MZI_null_09162,0.03214503480806215,-6.224243930073511,4.133901545931391,0.0,0.0,300
MZI_null,MZI,MZI_null_09163,-0.30209974823767605,-3.0642554588865503,-3.7951257825988662,0.0,0.0,300
MZI_null,MZI,MZI_null_09164,0.10120506228033567,3.7718378377897555,0.9647452960625769,0.0,0.0,300
MZI_null,MZI,MZI_null_09165,0.4441925545427027,-6.13382052967652,-4.903552397585696,0.0,0.0,300
MZI_null,MZI,MZI_null_09166,-0.13396713474231,-1.6362659141122822,-4.08076712584975,0.0,0.0,300
MZI_null,MZI,MZI_null_09167,-0.11274941314575383,-0.13854942821813587,-4.717515649341454,0.0,0.0,300
MZI_null,MZI,MZI_null_09168,-0.16997940194551525,-3.195616258970216,-1.9133292125179633,0.0,0.0,300
MZI_null,MZI,MZI_null_09169,0.15150235758319736,-4.701919243934362,-3.160839952362693,0.0,0.0,300
MZI_null,MZI,MZI_null_09170,0.08725051744185096,0.404182971350147,3.2861734013797648,0.0,0.0,300
MZI_null,MZI,MZI_null_09171,0.07036805322971314,-1.6089078201145202,0.7251152202384628,0.0,0.0,300
MZI_null,MZI,MZI_null_09172,-0.04011192088328213,-2.824302783126436,-6.322330936836261,0.0,0.0,300
MZI_null,MZI,MZI_null_09173,0.1340123935034001,-1.365623164844759,1.3311177991049172,0.0,0.0,300
MZI_null,MZI,MZI_null_09174,-0.4223715741715941,-2.141305123680638,-3.5676445191328976,0.0,0.0,300
MZI_null,MZI,MZI_null_09175,0.22520437572303498,-0.1573492535485128,-0.2972937675683195,0.0,0.0,300
MZI_null,MZI,MZI_null_09176,-0.06478994540115365,-0.80837506960506,-3.7845568881343135,0.0,0.0,300
MZI_null,MZI,MZI_null_09177,-0.014958802152864863,-3.73509016096226,5.799468964945074,0.0,0.0,300
MZI_null,MZI,MZI_null_09178,0.22049216342862604,1.1891424519484914,-5.470933066462473,0.0,0.0,300
MZI_null,MZI,MZI_null_09179,0.12962356684260803,-1.4369999745741873,2.6703804185484374,0.0,0.0,300
MZI_null,MZI,MZI_null_09180,0.04835926426904092,-2.0201529981149107,-0.2986471109903237,0.0,0.0,300
MZI_null,MZI,MZI_null_09181,-0.2708449937433817,-4.302209816503392,0.12000661610981611,0.0,0.0,300
MZI_null,MZI,MZI_null_09182,0.17090825376098737,-3.6514793489363546,-1.122420639591801,0.0,0.0,300
MZI_null,MZI,MZI_null_09183,-0.24014886670130853,2.3779324400612794,2.3412251966993627,0.0,0.0,300
MZI_null,MZI,MZI_null_09184,0.09781539278507978,-0.7795814371073284,3.6576471954403917,0.0,0.0,300
MZI_null,MZI,MZI_null_09185,-0.12075164869720756,-4.739484668979976,2.184559358769287,0.0,0.0,300
MZI_null,MZI,MZI_null_09186,0.14914700725621868,-5.580486758267456,-2.5940796447305985,0.0,0.0,300
MZI_null,MZI,MZI_null_09187,0.2533639696616084,-0.7649980153522886,1.361484554054516,0.0,0.0,300
MZI_null,MZI,MZI_null_09188,-0.17385698137940347,-0.03006642638846513,-5.258624637312641,0.0,0.0,300
MZI_null,MZI,MZI_null_09189,-0.29697320484010276,0.180471880542604,3.3033355089034675,0.0,0.0,300
MZI_null,MZI,MZI_null_09190,-0.03806791136237517,-3.639652045563375,4.1325459687391115,0.0,0.0,300
MZI_null,MZI,MZI_null_09191,-0.02921750536719116,-2.197306170671779,4.081871679321006,0.0,0.0,300
MZI_null,MZI,MZI_null_09192,-0.053037721954231495,-3.962082828034598,1.4465246724112628,0.0,0.0,300
MZI_null,MZI,MZI_null_09193,-0.10677842315686738,-2.4338046143665464,-4.957475805136598,0.0,0.0,300
MZI_null,MZI,MZI_null_09194,0.027809563256476936,-1.7957075383907213,1.9040608241694317,0.0,0.0,300
MZI_null,MZI,MZI_null_09195,0.1285884804992596,-0.34544597459125415,0.1827670783430384,0.0,0.0,300
MZI_null,MZI,MZI_null_09196,-0.01098811706285121,-0.17133209301259034,-4.336996521006961,0.0,0.0,300
MZI_null,MZI,MZI_null_09197,-0.35234491077814634,1.4857530136386803,1.022481386743741,0.0,0.0,300
MZI_null,MZI,MZI_null_09198,-0.019047965141987214,1.2236758253379585,-3.194492250839582,0.0,0.0,300
MZI_null,MZI,MZI_null_09199,-0.10582387981247256,-4.532413171082502,0.7028659253476541,0.0,0.0,300
MZI_null,MZI,MZI_null_09200,-0.23744371158221292,-4.300884820346123,-0.13085493029159345,0.0,0.0,300
MZI_null,MZI,MZI_null_09201,-0.18062266138839164,-3.980931216983556,-7.634702731343691,0.0,0.0,300
MZI_null,MZI,MZI_null_09202,0.09087099741023061,-4.0635055800268365,-4.297843750423462,0.0,0.0,300
MZI_null,MZI,MZI_null_09203,-0.19425340889378626,-3.254640536615299,-5.740466760674319,0.0,0.0,300
MZI_null,MZI,MZI_null_09204,0.2913569515723001,-9.154233851506957,-2.35185744935947,0.0,0.0,300
MZI_null,MZI,MZI_null_09205,0.01603603939368823,-4.326137012409664,-0.36360478812065355,0.0,0.0,300
MZI_null,MZI,MZI_null_09206,-0.1199402362419242,2.5902833910194474,-4.35663104232933,0.0,0.0,300
MZI_null,MZI,MZI_null_09207,-0.3526835912022479,-5.895499551359965,0.15948432444113703,0.0,0.0,300
MZI_null,MZI,MZI_null_09208,-0.017688656932329662,0.2563987239463503,0.5052338501328995,0.0,0.0,300
MZI_null,MZI,MZI_null_09209,-0.09544205245878058,-3.4672504813866407,-2.155986326959678,0.0,0.0,300
MZI_null,MZI,MZI_null_09210,0.2826519125244979,0.07246694406210885,4.675060697535516,0.0,0.0,300
MZI_null,MZI,MZI_null_09211,0.12611690585127208,-2.190750184764654,-4.058084460956994,0.0,0.0,300
MZI_null,MZI,MZI_null_09212,0.03022795067231157,-2.1826075166486913,-1.2809418560146417,0.0,0.0,300
MZI_null,MZI,MZI_null_09213,-0.03136486153488747,-8.157388122728667,2.7825194496039662,0.0,0.0,300
MZI_null,MZI,MZI_null_09214,-0.007568023382597597,-6.242759348085926,0.44528812722093547,0.0,0.0,300
MZI_null,MZI,MZI_null_09215,-0.1283754252909792,-0.31357813108765153,1.6449693815373818,0.0,0.0,300
MZI_null,MZI,MZI_null_09216,0.15294547360039767,-2.4827501799644613,-2.2413331840555513,0.0,0.0,300
MZI_null,MZI,MZI_null_09217,-0.09383075403970052,-4.16766826538149,-1.0516901926327515,0.0,0.0,300
MZI_null,MZI,MZI_null_09218,-0.03140145935876094,-4.475911447466498,-4.431354261408714,0.0,0.0,300
MZI_null,MZI,MZI_null_09219,-0.01631341383878737,-3.302592853831492,-4.424100919845597,0.0,0.0,300
MZI_null,MZI,MZI_null_09220,0.1245856520132111,3.3162782524757457,1.887764641952674,0.0,0.0,300
MZI_null,MZI,MZI_null_09221,-0.10802820175140662,-2.1506890537698093,3.6212868550623822,0.0,0.0,300
MZI_null,MZI,MZI_null_09222,-0.17605494641662395,0.34778538005567583,-5.34424962443197,0.0,0.0,300
MZI_null,MZI,MZI_null_09223,0.2526056441146993,-3.290943574252969,5.687131173571439,0.0,0.0,300
MZI_null,MZI,MZI_null_09224,0.2592095697962745,-2.3192915287441638,-3.158216119331232,0.0,0.0,300
MZI_null,MZI,MZI_null_09225,0.029216320783637072,-2.5404768999396916,-2.2047008907567784,0.0,0.0,300
MZI_null,MZI,MZI_null_09226,-0.24871698818674454,-3.5436607509637605,-4.3314373652687195,0.0,0.0,300
MZI_null,MZI,MZI_null_09227,0.08274715596378547,0.9732139497922745,1.2220520117707903,0.0,0.0,300
MZI_null,MZI,MZI_null_09228,0.0513562634441261,-4.5587212014227045,-0.3837976821942697,0.0,0.0,300
MZI_null,MZI,MZI_null_09229,0.11891477154665638,-3.7587067231991904,-0.6430407358149812,0.0,0.0,300
MZI_null,MZI,MZI_null_09230,-0.021819238390488476,2.9871000088314537,1.5546444057935735,0.0,0.0,300
MZI_null,MZI,MZI_null_09231,0.0913739417622587,-7.150081201896304,-0.4814880196972502,0.0,0.0,300
MZI_null,MZI,MZI_null_09232,-0.023252014338685508,-2.4909713317096185,-5.6902404182249215,0.0,0.0,300
MZI_null,MZI,MZI_null_09233,-0.16316529334463542,-2.204052463717348,2.3430673345713835,0.0,0.0,300
MZI_null,MZI,MZI_null_09234,-0.08857868547591348,-3.1998161813128023,4.343275985858623,0.0,0.0,300
MZI_null,MZI,MZI_null_09235,-0.04452335837517547,-2.386368571560742,-1.3457343461552227,0.0,0.0,300
MZI_null,MZI,MZI_null_09236,-0.20182577196067655,-0.2846056297546551,-2.9586283557530164,0.0,0.0,300
MZI_null,MZI,MZI_null_09237,-0.004510592555960738,-0.6668811067466078,4.827672767106177,0.0,0.0,300
MZI_null,MZI,MZI_null_09238,-0.19766550668193647,0.5949465551986712,1.6061697685219039,0.0,0.0,300
MZI_null,MZI,MZI_null_09239,-0.09573221591689099,-0.20148845584405528,3.930308453875675,0.0,0.0,300
MZI_null,MZI,MZI_null_09240,-0.11474568138186629,-1.2755906085945354,0.21440409181935594,0.0,0.0,300
MZI_null,MZI,MZI_null_09241,0.0801268282430325,0.3078752821480384,-0.5010855152434777,0.0,0.0,300
MZI_null,MZI,MZI_null_09242,0.07701542795220036,-4.73442095037117,-0.5079895190813274,0.0,0.0,300
MZI_null,MZI,MZI_null_09243,-0.07145118985207713,-5.689486715462262,-2.5274336483107014,0.0,0.0,300
MZI_null,MZI,MZI_null_09244,0.040418458829708716,-0.6926081708894207,-4.805377362768313,0.0,0.0,300
MZI_null,MZI,MZI_null_09245,-0.14065150750873062,0.17396883907966343,0.5244442778475902,0.0,0.0,300
MZI_null,MZI,MZI_null_09246,0.1330653993069529,2.1034912815296805,0.613661328771796,0.0,0.0,300
MZI_null,MZI,MZI_null_09247,-0.06222114407563082,-1.6554516257542493,3.9796913027821468,0.0,0.0,300
MZI_null,MZI,MZI_null_09248,0.41466734966780805,-0.6107109027729218,0.6066624164339196,0.0,0.0,300
MZI_null,MZI,MZI_null_09249,0.10885625504961247,-1.9286214625419111,2.4915617070278717,0.0,0.0,300
MZI_null,MZI,MZI_null_09250,0.15120679390992764,-0.9368706585535505,-1.9540597180168469,0.0,0.0,300
MZI_null,MZI,MZI_null_09251,-0.2281044581065705,0.1972406428427509,-0.3614250543216879,0.0,0.0,300
MZI_null,MZI,MZI_null_09252,-0.11066515959811515,-5.389760794983881,0.9842985481497548,0.0,0.0,300
MZI_null,MZI,MZI_null_09253,-0.24018544824254473,-1.1010764376685849,1.5306512275066808,0.0,0.0,300
MZI_null,MZI,MZI_null_09254,0.0824839329624935,-3.172219323075321,-4.748123453424743,0.0,0.0,300
MZI_null,MZI,MZI_null_09255,0.08805288596927852,1.6015692758602613,-2.7182000642291224,0.0,0.0,300
MZI_null,MZI,MZI_null_09256,0.07603623004392888,2.7445453561954274,0.01654128932483001,0.0,0.0,300
MZI_null,MZI,MZI_null_09257,-0.05953202173166814,1.122560620189474,-3.212682922473437,0.0,0.0,300
MZI_null,MZI,MZI_null_09258,-0.19472880225795344,0.43696357343793846,-2.2184867904506897,0.0,0.0,300
MZI_null,MZI,MZI_null_09259,-0.04747815210055267,-3.880821906653214,-2.4184521866622513,0.0,0.0,300
MZI_null,MZI,MZI_null_09260,0.21045501412902984,2.9874962973510018,4.384935908433827,0.0,0.0,300
MZI_null,MZI,MZI_null_09261,0.16351809317662688,-0.6011862206802869,-5.2968567757993394,0.0,0.0,300
MZI_null,MZI,MZI_null_09262,-0.028128705435052456,4.470263465871063,-2.3068647362579626,0.0,0.0,300
MZI_null,MZI,MZI_null_09263,0.22712167121584123,-1.8348925429083651,-9.034427157559438,0.0,0.0,300
MZI_null,MZI,MZI_null_09264,0.09607283455034442,1.7987640885349343,-1.1469879059216332,0.0,0.0,300
MZI_null,MZI,MZI_null_09265,0.18495765067281206,-7.003482543251261,-5.1566927916981085,0.0,0.0,300
MZI_null,MZI,MZI_null_09266,0.030729646212853134,-0.5686558165474049,3.0697366057768356,0.0,0.0,300
MZI_null,MZI,MZI_null_09267,0.0958386700122841,-5.580887268095129,-0.3608631337768422,0.0,0.0,300
MZI_null,MZI,MZI_null_09268,0.09010911679322237,-7.622701996091387,-1.1309004092140458,0.0,0.0,300
MZI_null,MZI,MZI_null_09269,-0.050337381590733726,-3.9640792212372356,0.49633115525801696,0.0,0.0,300
MZI_null,MZI,MZI_null_09270,-0.1724522289836886,-0.7493614639890516,0.6784733876266835,0.0,0.0,300
MZI_null,MZI,MZI_null_09271,0.16256449653914604,-5.370257788377814,-5.515702655063642,0.0,0.0,300
MZI_null,MZI,MZI_null_09272,0.04183554110085178,-2.858813701603105,7.707950787481163,0.0,0.0,300
MZI_null,MZI,MZI_null_09273,0.0687747714364398,-1.8255148648874555,-1.5184838670292464,0.0,0.0,300
MZI_null,MZI,MZI_null_09274,-0.18270927681591734,-0.3083553411362081,-1.2374350788123938,0.0,0.0,300
MZI_null,MZI,MZI_null_09275,-0.011747052514415239,-1.716670023504034,-0.3363624102482634,0.0,0.0,300
MZI_null,MZI,MZI_null_09276,-0.26088834688762824,0.5110690191127953,-3.5393331244477677,0.0,0.0,300
MZI_null,MZI,MZI_null_09277,-0.020704829620294102,1.857714761995867,4.338345776810341,0.0,0.0,300
MZI_null,MZI,MZI_null_09278,-0.25507416579395875,-1.9092655169760533,-0.1812604445018915,0.0,0.0,300
MZI_null,MZI,MZI_null_09279,-0.22612950392871695,0.40777409325449465,-0.6512119677574814,0.0,0.0,300
MZI_null,MZI,MZI_null_09280,0.029123939354249482,-4.752658755025805,0.2386599301440453,0.0,0.0,300
MZI_null,MZI,MZI_null_09281,0.1257335934584906,-1.618106348822199,-2.5418077028891606,0.0,0.0,300
MZI_null,MZI,MZI_null_09282,-0.06541039770695464,-1.3388128786221034,-0.8536078648581118,0.0,0.0,300
MZI_null,MZI,MZI_null_09283,0.13572331786790925,-3.4407748625724976,-4.655141808222475,0.0,0.0,300
MZI_null,MZI,MZI_null_09284,0.05390791159807546,-3.43258955899611,1.3510458471091007,0.0,0.0,300
MZI_null,MZI,MZI_null_09285,0.0011307945686401012,-0.03556038690553276,-4.042951140192363,0.0,0.0,300
MZI_null,MZI,MZI_null_09286,0.021507939484473163,-4.097789622151749,-4.66112095922866,0.0,0.0,300
MZI_null,MZI,MZI_null_09287,-0.12916618171065228,-3.633431275327577,2.7340835810715554,0.0,0.0,300
MZI_null,MZI,MZI_null_09288,-0.08564105992389891,-5.81462075083467,-0.6055677325099935,0.0,0.0,300
MZI_null,MZI,MZI_null_09289,0.004377099101651201,-3.476159036030594,-1.4836703975383796,0.0,0.0,300
MZI_null,MZI,MZI_null_09290,0.14643406289948563,0.012117296197529548,0.7526906206211932,0.0,0.0,300
MZI_null,MZI,MZI_null_09291,-0.17755181767803455,6.659644185145968,2.1537566308226657,0.0,0.0,300
MZI_null,MZI,MZI_null_09292,0.07755428447863076,-5.492935323191629,1.8431903382023225,0.0,0.0,300
MZI_null,MZI,MZI_null_09293,-0.07516927654489922,-2.5828124139078965,-6.042337828177849,0.0,0.0,300
MZI_null,MZI,MZI_null_09294,-0.18622246289107638,-0.6843605035185951,2.0187040258114695,0.0,0.0,300
MZI_null,MZI,MZI_null_09295,0.10273566296925526,-0.04754300977115378,-1.1942993708791203,0.0,0.0,300
MZI_null,MZI,MZI_null_09296,-0.061006052304931814,-1.1333145693038194,1.4642249693008216,0.0,0.0,300
MZI_null,MZI,MZI_null_09297,0.0007293382400387007,1.6307560597402144,-1.645207791448023,0.0,0.0,300
MZI_null,MZI,MZI_null_09298,-0.14704184029440767,-2.0310867261230023,-0.6820831652212948,0.0,0.0,300
MZI_null,MZI,MZI_null_09299,-0.012304510091461418,1.8419666826467838,1.4159059421721167,0.0,0.0,300
MZI_null,MZI,MZI_null_09300,-0.21464114829325645,2.603101042594858,-9.224251182487517,0.0,0.0,300
MZI_null,MZI,MZI_null_09301,0.3226536559278746,-2.861916540670629,-1.5687032099545006,0.0,0.0,300
MZI_null,MZI,MZI_null_09302,-0.009002435846046005,-0.8443837014794586,-1.000789603800529,0.0,0.0,300
MZI_null,MZI,MZI_null_09303,-0.020009278325590088,1.926754928068556,0.6967882392525491,0.0,0.0,300
MZI_null,MZI,MZI_null_09304,-0.1438205781556142,0.2220217430071738,0.5723210095500173,0.0,0.0,300
MZI_null,MZI,MZI_null_09305,-0.08179105883718284,0.3764152790864843,-1.4727178036691193,0.0,0.0,300
MZI_null,MZI,MZI_null_09306,-0.0332510208187651,-2.7467393522988033,-8.284354170857197,0.0,0.0,300
MZI_null,MZI,MZI_null_09307,-0.07900489994019022,0.13951972637680354,-1.067233728711289,0.0,0.0,300
MZI_null,MZI,MZI_null_09308,-0.19277796447836243,0.8938937655761121,-1.8958004786301867,0.0,0.0,300
MZI_null,MZI,MZI_null_09309,-0.18323632359922845,4.618037385013045,-4.159517783463267,0.0,0.0,300
MZI_null,MZI,MZI_null_09310,0.1319237266928565,-4.307942302563814,-0.5925194962785347,0.0,0.0,300
MZI_null,MZI,MZI_null_09311,-0.13532714450522634,-5.717912543820976,0.5666076340142276,0.0,0.0,300
MZI_null,MZI,MZI_null_09312,0.06079358177016009,1.4339483326571933,-1.103145790887589,0.0,0.0,300
MZI_null,MZI,MZI_null_09313,0.33305276911897375,-1.194959997688893,0.7003240437116369,0.0,0.0,300
MZI_null,MZI,MZI_null_09314,-0.20376438676608424,-3.842252945367592,0.5590391015479317,0.0,0.0,300
MZI_null,MZI,MZI_null_09315,-0.012634164362037442,-1.4369505948960923,-3.4494812671425805,0.0,0.0,300
MZI_null,MZI,MZI_null_09316,0.018292046020743215,-1.6443623252247919,-4.541305059655716,0.0,0.0,300
MZI_null,MZI,MZI_null_09317,0.09638247670208859,-7.100194840753907,-0.4472857582069487,0.0,0.0,300
MZI_null,MZI,MZI_null_09318,0.26483890407382504,0.04165161345724666,1.0228977381113125,0.0,0.0,300
MZI_null,MZI,MZI_null_09319,-0.13461400124230272,3.307186159458582,3.1301542838068652,0.0,0.0,300
MZI_null,MZI,MZI_null_09320,-0.12653850343433506,-3.424289725444631,2.7639681347800638,0.0,0.0,300
MZI_null,MZI,MZI_null_09321,0.26942210674751366,-5.794058105270865,-4.01113230917373,0.0,0.0,300
MZI_null,MZI,MZI_null_09322,-0.02156801346332541,-8.513282088327546,-0.9428645193717303,0.0,0.0,300
MZI_null,MZI,MZI_null_09323,0.17786152710449768,-6.315911048707248,-0.6186791050747382,0.0,0.0,300
MZI_null,MZI,MZI_null_09324,-0.08726560574929697,2.9198378462617534,-2.7093755863991533,0.0,0.0,300
MZI_null,MZI,MZI_null_09325,0.22784896316228745,-3.792365212433682,1.3135274160023895,0.0,0.0,300
MZI_null,MZI,MZI_null_09326,0.03779184275440485,-2.4148179995429047,-3.3715857071619264,0.0,0.0,300
MZI_null,MZI,MZI_null_09327,0.04846431319768396,-3.321605787454736,-3.069298674424414,0.0,0.0,300
MZI_null,MZI,MZI_null_09328,0.22090841120635804,-0.35740931752031835,0.9309168557216083,0.0,0.0,300
MZI_null,MZI,MZI_null_09329,-0.05873977779183939,-2.557935041249914,-1.7457300020533353,0.0,0.0,300
MZI_null,MZI,MZI_null_09330,0.05058583687514659,-0.07458964447248273,-1.0907541109347152,0.0,0.0,300
MZI_null,MZI,MZI_null_09331,-0.11889674912709615,0.28171137107964617,-0.8997883953749912,0.0,0.0,300
MZI_null,MZI,MZI_null_09332,-0.21612545681564713,-8.405884250239065,-0.10630847361857954,0.0,0.0,300
MZI_null,MZI,MZI_null_09333,-0.12442106983165557,-0.7068136118106416,-3.3268549265918033,0.0,0.0,300
MZI_null,MZI,MZI_null_09334,0.019977865874251086,-3.1352045838862748,4.255762430819915,0.0,0.0,300
MZI_null,MZI,MZI_null_09335,0.14254734867279664,2.0418907005634903,-0.9278566926428023,0.0,0.0,300
MZI_null,MZI,MZI_null_09336,0.12335414086723218,-1.7250497671965748,3.4087741023011784,0.0,0.0,300
MZI_null,MZI,MZI_null_09337,-0.010884309788441035,-6.192468021082381,-6.995864575761816,0.0,0.0,300
MZI_null,MZI,MZI_null_09338,0.2502466679346772,-0.5644865775474219,0.6327705501252252,0.0,0.0,300
MZI_null,MZI,MZI_null_09339,0.22344717634373726,-6.955204831177866,-2.075803645695424,0.0,0.0,300
MZI_null,MZI,MZI_null_09340,-0.03541047444225503,0.22682569962104449,-3.0779206753026482,0.0,0.0,300
MZI_null,MZI,MZI_null_09341,-0.1802060615272185,-5.631045952991322,2.4482542288160607,0.0,0.0,300
MZI_null,MZI,MZI_null_09342,-0.11137981407046761,-3.656052452965435,0.9034944521837143,0.0,0.0,300
MZI_null,MZI,MZI_null_09343,-0.10484181123523496,-7.114845268266925,-5.745103521174697,0.0,0.0,300
MZI_null,MZI,MZI_null_09344,-0.008521109507318735,-0.5080147089043354,-1.60673573155126,0.0,0.0,300
MZI_null,MZI,MZI_null_09345,0.06456640557136036,-6.8385125780229075,-5.6359106229043245,0.0,0.0,300
MZI_null,MZI,MZI_null_09346,0.33809038744413616,1.6983528164100408,1.306915675695553,0.0,0.0,300
MZI_null,MZI,MZI_null_09347,-0.09895870061016586,-2.714018572191352,-1.0050319514008004,0.0,0.0,300
MZI_null,MZI,MZI_null_09348,0.19715191705747856,-0.7916517006647248,0.5777414038634041,0.0,0.0,300
MZI_null,MZI,MZI_null_09349,-0.025148240267624973,0.37799520052025404,-0.09303175770618044,0.0,0.0,300
MZI_null,MZI,MZI_null_09350,0.006603409911852044,-4.229252516558814,-1.3407152263048971,0.0,0.0,300
MZI_null,MZI,MZI_null_09351,-0.16192990556699333,-2.120417017960864,-0.7332659261053018,0.0,0.0,300
MZI_null,MZI,MZI_null_09352,-0.36067775769094707,-2.691018617301511,-4.527640613813778,0.0,0.0,300
MZI_null,MZI,MZI_null_09353,0.07479589882750418,-0.08852076934701558,-2.2790194529959527,0.0,0.0,300
MZI_null,MZI,MZI_null_09354,0.08235331306828737,-0.22679919099481705,-1.6891475182353042,0.0,0.0,300
MZI_null,MZI,MZI_null_09355,0.23014304629554866,-4.175224811019505,3.414097109759499,0.0,0.0,300
MZI_null,MZI,MZI_null_09356,-0.033779914377480826,-4.529979059677903,-2.054645427413147,0.0,0.0,300
MZI_null,MZI,MZI_null_09357,-0.16490838415939849,0.35367360216760835,-5.808306934225829,0.0,0.0,300
MZI_null,MZI,MZI_null_09358,0.20844128306532392,-4.80760160523938,1.5099601155378632,0.0,0.0,300
MZI_null,MZI,MZI_null_09359,0.0036338791590701924,-1.1875541508512115,-2.7701301138320913,0.0,0.0,300
MZI_null,MZI,MZI_null_09360,0.05292120004996984,-1.5950771343474077,-5.3737332045079835,0.0,0.0,300
MZI_null,MZI,MZI_null_09361,-0.1443750004399887,-3.6227363330294193,-3.2649895543793486,0.0,0.0,300
MZI_null,MZI,MZI_null_09362,0.1879216418075477,-1.9789574484575019,-3.3360140429196457,0.0,0.0,300
MZI_null,MZI,MZI_null_09363,-0.07361547360045592,-3.5133892506412003,-1.8641484160151975,0.0,0.0,300
MZI_null,MZI,MZI_null_09364,-0.16129941070793993,-4.441793331791956,1.2998207334926315,0.0,0.0,300
MZI_null,MZI,MZI_null_09365,0.02780146550503703,-2.457012639620601,-0.9921315480547007,0.0,0.0,300
MZI_null,MZI,MZI_null_09366,-0.006834113486311586,-2.627393314194932,0.5513145161224369,0.0,0.0,300
MZI_null,MZI,MZI_null_09367,0.06647399787718888,-6.715288919681646,-1.3946865577277288,0.0,0.0,300
MZI_null,MZI,MZI_null_09368,-0.22587290990111475,-0.09326838963288075,1.302999670550851,0.0,0.0,300
MZI_null,MZI,MZI_null_09369,-0.09161683464625442,-2.3502768660041475,-7.334320891366738,0.0,0.0,300
MZI_null,MZI,MZI_null_09370,0.14591847211380396,0.12902122075420586,2.4502557852125784,0.0,0.0,300
MZI_null,MZI,MZI_null_09371,0.22298162105056496,-5.672327878930325,1.6641326049153249,0.0,0.0,300
MZI_null,MZI,MZI_null_09372,0.22189566666276897,-6.483733613087709,-1.5136336355371407,0.0,0.0,300
MZI_null,MZI,MZI_null_09373,-0.05451029748441364,0.5663855925744943,-8.18182319903224,0.0,0.0,300
MZI_null,MZI,MZI_null_09374,0.27239365443482916,-2.3376111925837804,1.748283206051437,0.0,0.0,300
MZI_null,MZI,MZI_null_09375,-0.009035585653738612,-0.5236248470609783,-7.964254775848449,0.0,0.0,300
MZI_null,MZI,MZI_null_09376,-0.057732355920106504,0.5432836340310359,-0.13380295985891633,0.0,0.0,300
MZI_null,MZI,MZI_null_09377,-0.24552616390901363,-1.8157253183701607,-3.4562269775845147,0.0,0.0,300
MZI_null,MZI,MZI_null_09378,-0.13581288767601568,-6.562082819950153,0.8561078657213896,0.0,0.0,300
MZI_null,MZI,MZI_null_09379,0.16695216659034526,4.360429402488535,-5.422145175228785,0.0,0.0,300
MZI_null,MZI,MZI_null_09380,0.11510582418397135,0.4995141112627248,-2.7415140316540247,0.0,0.0,300
MZI_null,MZI,MZI_null_09381,-0.1376367578113996,-5.257226962900791,-2.5820597303806454,0.0,0.0,300
MZI_null,MZI,MZI_null_09382,0.03039323937839246,2.080336031520438,2.3160150140303495,0.0,0.0,300
MZI_null,MZI,MZI_null_09383,-0.24231254164029936,-4.366529745801536,2.898921122928412,0.0,0.0,300
MZI_null,MZI,MZI_null_09384,-0.1096639248892602,-2.1707424902305283,-6.115866803842256,0.0,0.0,300
MZI_null,MZI,MZI_null_09385,0.1729550123269422,-7.738244617554164,-5.928431742359857,0.0,0.0,300
MZI_null,MZI,MZI_null_09386,0.1576225591255055,3.760185038699671,-1.8718332541747444,0.0,0.0,300
MZI_null,MZI,MZI_null_09387,-0.00702942177942373,0.7248386793489652,-0.1316565559078524,0.0,0.0,300
MZI_null,MZI,MZI_null_09388,-0.055982726906499636,-3.4563608641570784,-5.700393872454951,0.0,0.0,300
MZI_null,MZI,MZI_null_09389,0.03494126581803301,-2.2757504662084282,-2.3135385373380424,0.0,0.0,300
MZI_null,MZI,MZI_null_09390,-0.15027221933435828,-4.701592559880292,0.8551307615200994,0.0,0.0,300
MZI_null,MZI,MZI_null_09391,0.13224954726135707,-2.9813484688718503,-2.2974387197391377,0.0,0.0,300
MZI_null,MZI,MZI_null_09392,-0.12804720699213049,0.8104601307227739,-0.9070126910322791,0.0,0.0,300
MZI_null,MZI,MZI_null_09393,0.05518514689908972,-0.9245896097196113,-1.9231048616018105,0.0,0.0,300
MZI_null,MZI,MZI_null_09394,-0.1748040149765132,-4.988399467057758,2.3836565979423536,0.0,0.0,300
MZI_null,MZI,MZI_null_09395,-0.10885264722758577,-3.2310869592450517,-4.40317160611363,0.0,0.0,300
MZI_null,MZI,MZI_null_09396,-0.182409977838961,-4.307494991086168,4.065221552733377,0.0,0.0,300
MZI_null,MZI,MZI_null_09397,0.09870560867886437,-3.5803666142708694,2.2486303836559856,0.0,0.0,300
MZI_null,MZI,MZI_null_09398,-0.02284483099446697,2.0630201409755147,5.63519105118864,0.0,0.0,300
MZI_null,MZI,MZI_null_09399,0.1542242608899287,-1.7163471343322678,1.097929620549079,0.0,0.0,300
MZI_null,MZI,MZI_null_09400,0.002260682892331816,-7.507995091925128,-2.963876242636133,0.0,0.0,300
MZI_null,MZI,MZI_null_09401,-0.14273873934798256,-4.030373125492618,4.381014297918332,0.0,0.0,300
MZI_null,MZI,MZI_null_09402,0.16832246142819876,-0.6773455956750585,1.4370288513540737,0.0,0.0,300
MZI_null,MZI,MZI_null_09403,-0.2838170228858784,0.18455113926858857,1.818872948606503,0.0,0.0,300
MZI_null,MZI,MZI_null_09404,-0.3359620781530924,0.295710261338197,-5.272220928001255,0.0,0.0,300
MZI_null,MZI,MZI_null_09405,-0.29550080346690477,1.9789546505787352,-4.021147142837027,0.0,0.0,300
MZI_null,MZI,MZI_null_09406,-0.10739201090765658,0.9688136282720361,-1.9157148167572036,0.0,0.0,300
MZI_null,MZI,MZI_null_09407,-0.027024806059362347,-2.606260719313788,0.042796312924356705,0.0,0.0,300
MZI_null,MZI,MZI_null_09408,-0.033950162458601406,-1.6576217769226984,-2.510674376238118,0.0,0.0,300
MZI_null,MZI,MZI_null_09409,0.05277293848190429,-1.0584709042862979,4.693657513052547,0.0,0.0,300
MZI_null,MZI,MZI_null_09410,-0.05718764245105534,-2.5524965534149393,-0.28352702218887593,0.0,0.0,300
MZI_null,MZI,MZI_null_09411,0.14466534664720798,-5.274755459531604,-0.689270434674796,0.0,0.0,300
MZI_null,MZI,MZI_null_09412,-0.37617390540826007,-2.8145957501671863,2.218181090298083,0.0,0.0,300
MZI_null,MZI,MZI_null_09413,-0.10892136545209771,-1.4694871541440642,-2.5867167231508073,0.0,0.0,300
MZI_null,MZI,MZI_null_09414,-0.12891032966005242,0.9144579948043048,-4.135776069536961,0.0,0.0,300
MZI_null,MZI,MZI_null_09415,0.043944794079463965,-1.0749451377015233,-3.5553985511158714,0.0,0.0,300
MZI_null,MZI,MZI_null_09416,0.023352788543644278,-4.804843512403932,0.5653756247274744,0.0,0.0,300
MZI_null,MZI,MZI_null_09417,-0.19724185719643406,-3.0188165095755233,-1.7583149789736994,0.0,0.0,300
MZI_null,MZI,MZI_null_09418,0.16694330073160046,-1.5798707848643239,1.8650404703361776,0.0,0.0,300
MZI_null,MZI,MZI_null_09419,0.08320365727348182,-0.3550909973127241,-1.9957995706902034,0.0,0.0,300
MZI_null,MZI,MZI_null_09420,0.15313588252873298,-3.0685112279060083,-6.189476439790322,0.0,0.0,300
MZI_null,MZI,MZI_null_09421,-0.03221807527003394,-0.6395707860677957,-5.81987715613844,0.0,0.0,300
MZI_null,MZI,MZI_null_09422,-0.13276535380805787,-5.691765320532067,1.3601513141268908,0.0,0.0,300
MZI_null,MZI,MZI_null_09423,0.2509293955518743,-2.629097462639649,0.5945910892047779,0.0,0.0,300
MZI_null,MZI,MZI_null_09424,0.0758279048849585,2.6613908393198846,-2.9576587118578206,0.0,0.0,300
MZI_null,MZI,MZI_null_09425,-0.03298184471374865,-3.022305948272175,-0.7738982798792113,0.0,0.0,300
MZI_null,MZI,MZI_null_09426,0.3756475203175213,-1.9075666544080605,-3.5641319578211803,0.0,0.0,300
MZI_null,MZI,MZI_null_09427,-0.17317458403396785,1.7579350219391405,-3.5777635119342373,0.0,0.0,300
MZI_null,MZI,MZI_null_09428,0.0995380438798643,-4.039073987775884,-4.800078209749516,0.0,0.0,300
MZI_null,MZI,MZI_null_09429,0.09077994004527319,-3.892234600290595,0.27627691771668084,0.0,0.0,300
MZI_null,MZI,MZI_null_09430,0.07489244112690656,-0.3612042649625944,-1.8044460518295595,0.0,0.0,300
MZI_null,MZI,MZI_null_09431,0.10292753347570613,-4.767638985344249,-8.362270753192401,0.0,0.0,300
MZI_null,MZI,MZI_null_09432,0.10603382596801618,-1.5032284854875906,-2.830234732041913,0.0,0.0,300
MZI_null,MZI,MZI_null_09433,-0.22067291429625677,-8.10973489650603,-0.8447699553730836,0.0,0.0,300
MZI_null,MZI,MZI_null_09434,0.24731789485949285,-2.4156722492929394,-2.0840061600746362,0.0,0.0,300
MZI_null,MZI,MZI_null_09435,-0.0036551763743764556,4.53761533572631,1.2557126799593998,0.0,0.0,300
MZI_null,MZI,MZI_null_09436,-0.14003628775505836,-1.9156882882936905,-0.002689266535177426,0.0,0.0,300
MZI_null,MZI,MZI_null_09437,-0.15845082998682672,0.27740986702767945,-3.4534263914330614,0.0,0.0,300
MZI_null,MZI,MZI_null_09438,-0.22664186510101061,-1.771599338480665,-1.2464675784710657,0.0,0.0,300
MZI_null,MZI,MZI_null_09439,-0.00015328533040419347,-4.2939338529883635,-2.8753378536131233,0.0,0.0,300
MZI_null,MZI,MZI_null_09440,0.16926699905536666,-0.6767431549977552,-3.870238229731855,0.0,0.0,300
MZI_null,MZI,MZI_null_09441,-0.29260453416301613,-4.74324920633663,-0.5281027835194286,0.0,0.0,300
MZI_null,MZI,MZI_null_09442,-0.09478975775316625,-4.128950615530462,-2.7674813167919887,0.0,0.0,300
MZI_null,MZI,MZI_null_09443,-0.010906134410443184,0.3538837388750462,-1.0012576118370788,0.0,0.0,300
MZI_null,MZI,MZI_null_09444,0.009290553227647606,-2.674581091648461,-2.498070496464217,0.0,0.0,300
MZI_null,MZI,MZI_null_09445,0.13413613069798944,0.22720620353258836,5.13583975299815,0.0,0.0,300
MZI_null,MZI,MZI_null_09446,0.09158464475838793,-3.4952429654223893,-3.7139539273305693,0.0,0.0,300
MZI_null,MZI,MZI_null_09447,0.14294178910674246,-4.44496065293033,1.4292100595662132,0.0,0.0,300
MZI_null,MZI,MZI_null_09448,-0.11398709908389208,-0.9525248486381586,-4.179253644599086,0.0,0.0,300
MZI_null,MZI,MZI_null_09449,0.11698280314981219,-5.701014966527747,-0.18112801147989488,0.0,0.0,300
MZI_null,MZI,MZI_null_09450,-0.02967599013405177,-1.6945806883212202,-2.1874115024849012,0.0,0.0,300
MZI_null,MZI,MZI_null_09451,-0.06288899210564866,-1.5356563879706848,-4.006415134269556,0.0,0.0,300
MZI_null,MZI,MZI_null_09452,-0.1512033092500015,-3.0756484989152355,-2.1924104191570226,0.0,0.0,300
MZI_null,MZI,MZI_null_09453,-0.15080946957065616,0.7726440787439941,-2.0034202552948144,0.0,0.0,300
MZI_null,MZI,MZI_null_09454,-0.033999330449416706,-5.9825849779086395,5.214907563836358,0.0,0.0,300
MZI_null,MZI,MZI_null_09455,0.3640601093332369,-4.341195735213044,2.678259143507293,0.0,0.0,300
MZI_null,MZI,MZI_null_09456,-0.013772007560638568,2.8113087784393187,0.008699259201158993,0.0,0.0,300
MZI_null,MZI,MZI_null_09457,0.014964325315109842,-9.497808618855746,-3.6358179202800494,0.0,0.0,300
MZI_null,MZI,MZI_null_09458,0.0030781004362414005,-1.4040012418880634,-4.644501141812154,0.0,0.0,300
MZI_null,MZI,MZI_null_09459,-0.10931572930144183,-0.3396589482475416,-5.149632189200073,0.0,0.0,300
MZI_null,MZI,MZI_null_09460,0.020059458558530904,1.7138605944671657,0.1564088873354621,0.0,0.0,300
MZI_null,MZI,MZI_null_09461,0.050323011474896547,-8.060454347533291,-3.4657383292536883,0.0,0.0,300
MZI_null,MZI,MZI_null_09462,0.30813027503865603,-3.7974857526377965,2.7934286286412036,0.0,0.0,300
MZI_null,MZI,MZI_null_09463,-0.09162613340344242,-2.8334615045283895,0.5467605360605554,0.0,0.0,300
MZI_null,MZI,MZI_null_09464,0.01510395239910143,-0.8554626469967603,-3.4551707641809615,0.0,0.0,300
MZI_null,MZI,MZI_null_09465,-0.1704405284203135,-4.657614843171504,-2.5969544243871,0.0,0.0,300
MZI_null,MZI,MZI_null_09466,-0.034392207308611686,1.1118261419194617,-0.7379756319248558,0.0,0.0,300
MZI_null,MZI,MZI_null_09467,0.07268956537628775,-1.5751969622596036,-4.346302760586328,0.0,0.0,300
MZI_null,MZI,MZI_null_09468,0.002590428900847345,-1.607653669425392,1.279769664023922,0.0,0.0,300
MZI_null,MZI,MZI_null_09469,-0.16028821044651972,-8.121232595445083,-0.47120855448850796,0.0,0.0,300
MZI_null,MZI,MZI_null_09470,0.05307750023825706,-2.538154418951143,-0.9159372978196267,0.0,0.0,300
MZI_null,MZI,MZI_null_09471,0.13181585678742072,-3.3764167295825267,-1.8359225264757377,0.0,0.0,300
MZI_null,MZI,MZI_null_09472,0.01185546669207479,-5.659444037508028,-1.4556916751432631,0.0,0.0,300
MZI_null,MZI,MZI_null_09473,-0.009561497600130909,2.911126642960822,-1.894346972885382,0.0,0.0,300
MZI_null,MZI,MZI_null_09474,0.03000168599167006,0.7558528161692268,-3.5124541759312846,0.0,0.0,300
MZI_null,MZI,MZI_null_09475,0.20636105803142493,3.2916106961718334,-1.0866888629460256,0.0,0.0,300
MZI_null,MZI,MZI_null_09476,-0.08091390921890701,2.8813582731711644,1.386892618304444,0.0,0.0,300
MZI_null,MZI,MZI_null_09477,0.012295380699575411,2.2805314588471077,2.962976565647958,0.0,0.0,300
MZI_null,MZI,MZI_null_09478,-0.05043854309373341,-1.25381044010255,0.7303774637778688,0.0,0.0,300
MZI_null,MZI,MZI_null_09479,0.0043095044831776945,-6.172611772712841,-3.8147785110947394,0.0,0.0,300
MZI_null,MZI,MZI_null_09480,-0.20373941781903407,-0.5212270909279881,-4.553056951371232,0.0,0.0,300
MZI_null,MZI,MZI_null_09481,0.028862710622614526,3.4957114788254717,3.2833105547364383,0.0,0.0,300
MZI_null,MZI,MZI_null_09482,-0.2756124970400968,-5.836104412313019,-3.329549272539576,0.0,0.0,300
MZI_null,MZI,MZI_null_09483,-0.17535355338290515,-6.961443131965201,-1.0325210191757217,0.0,0.0,300
MZI_null,MZI,MZI_null_09484,0.1057650824124846,0.862102116168662,-2.4234285122314283,0.0,0.0,300
MZI_null,MZI,MZI_null_09485,-0.04078555504733874,-0.9329682646257338,-1.3254566855174474,0.0,0.0,300
MZI_null,MZI,MZI_null_09486,0.12159101641437028,-0.7089054114964597,-2.1289132705420872,0.0,0.0,300
MZI_null,MZI,MZI_null_09487,-0.27849544674801646,2.49709481644598,-3.0582468683329647,0.0,0.0,300
MZI_null,MZI,MZI_null_09488,0.053633796859539055,-7.749775006157293,-1.0339497501574146,0.0,0.0,300
MZI_null,MZI,MZI_null_09489,0.015039294129329847,-1.5541937823570138,8.041379848153989,0.0,0.0,300
MZI_null,MZI,MZI_null_09490,-0.09466775606901492,0.4619926808700785,0.5696973566281316,0.0,0.0,300
MZI_null,MZI,MZI_null_09491,-0.10179584890013793,0.4170082095427894,-1.4929628107924073,0.0,0.0,300
MZI_null,MZI,MZI_null_09492,0.1312864826365078,3.882887870265143,-0.5476033280977005,0.0,0.0,300
MZI_null,MZI,MZI_null_09493,-0.04216878436026767,1.1546685514312394,3.1899594978030246,0.0,0.0,300
MZI_null,MZI,MZI_null_09494,-0.1324886309088074,-3.3588712686142257,1.026269815523786,0.0,0.0,300
MZI_null,MZI,MZI_null_09495,-0.01980480156220792,-4.862996038960361,0.6220844836861845,0.0,0.0,300
MZI_null,MZI,MZI_null_09496,0.10072345735601587,-3.003157267690926,-0.8159537040062899,0.0,0.0,300
MZI_null,MZI,MZI_null_09497,-0.08648596034191786,-5.285712277735918,-2.4911938198845593,0.0,0.0,300
MZI_null,MZI,MZI_null_09498,0.011089852526386014,-6.4252676644078885,-2.2720387937564768,0.0,0.0,300
MZI_null,MZI,MZI_null_09499,0.01317451958891081,1.583979730374602,-1.9377770644015937,0.0,0.0,300
MZI_null,MZI,MZI_null_09500,-0.1868853525163833,-2.628980038093187,-2.6997079122702705,0.0,0.0,300
MZI_null,MZI,MZI_null_09501,0.08282678325860449,-3.0137159790866876,-9.131699864737811,0.0,0.0,300
MZI_null,MZI,MZI_null_09502,0.5537436751796707,-1.572910125227211,-0.7324254690742626,0.0,0.0,300
MZI_null,MZI,MZI_null_09503,-0.2312114957995548,-6.393707797884836,-1.275846873019097,0.0,0.0,300
MZI_null,MZI,MZI_null_09504,0.050425699846746,0.10634241753025675,-0.2876870280452186,0.0,0.0,300
MZI_null,MZI,MZI_null_09505,-0.17789133047522016,-9.513399827240146,-1.3006670481346156,0.0,0.0,300
MZI_null,MZI,MZI_null_09506,-0.0800962005913692,-5.7877151723368545,1.4841746723168772,0.0,0.0,300
MZI_null,MZI,MZI_null_09507,-0.23633651237699824,-0.14909348163025204,-5.230413925052444,0.0,0.0,300
MZI_null,MZI,MZI_null_09508,0.020113302837499646,0.8019229660558658,-2.013799946806822,0.0,0.0,300
MZI_null,MZI,MZI_null_09509,0.25348797517602323,3.753658976780512,-0.28847499994103376,0.0,0.0,300
MZI_null,MZI,MZI_null_09510,0.08120780558854095,1.1821265989495577,0.6332791174564683,0.0,0.0,300
MZI_null,MZI,MZI_null_09511,0.06558648263978155,-3.5722082083282634,-6.062068525533137,0.0,0.0,300
MZI_null,MZI,MZI_null_09512,-0.20851431198742154,5.147102076284558,-0.032623126584997664,0.0,0.0,300
MZI_null,MZI,MZI_null_09513,-0.03685252220869975,1.7899817773537277,-3.2483739185854885,0.0,0.0,300
MZI_null,MZI,MZI_null_09514,0.08746624011197818,-1.7684238993198858,0.3800825033108075,0.0,0.0,300
MZI_null,MZI,MZI_null_09515,-0.0504614803940785,-4.894082921871141,-3.468613219418926,0.0,0.0,300
MZI_null,MZI,MZI_null_09516,-0.11758263033904459,-2.0089109369664673,-5.668405541421829,0.0,0.0,300
MZI_null,MZI,MZI_null_09517,-0.1871142922533139,-1.5934271074123934,-1.3830251332417451,0.0,0.0,300
MZI_null,MZI,MZI_null_09518,0.02853473013850478,-2.1351306029993267,6.55685062066464,0.0,0.0,300
MZI_null,MZI,MZI_null_09519,0.01901076509863101,-3.1372389484618273,-0.6966046439154708,0.0,0.0,300
MZI_null,MZI,MZI_null_09520,0.15299325637654948,-2.148885168132395,1.0541850759087374,0.0,0.0,300
MZI_null,MZI,MZI_null_09521,0.05940689466033243,-2.8712467305279326,-0.6673726033541443,0.0,0.0,300
MZI_null,MZI,MZI_null_09522,0.23983831712881137,-1.2707651148861068,-3.9580630725132107,0.0,0.0,300
MZI_null,MZI,MZI_null_09523,-0.047926564069931295,-8.342741749198415,-0.5878038797413596,0.0,0.0,300
MZI_null,MZI,MZI_null_09524,0.19680935156742208,-6.024217304401562,-0.5508017964758527,0.0,0.0,300
MZI_null,MZI,MZI_null_09525,0.147814770880393,1.2734158995894527,2.8394035168274936,0.0,0.0,300
MZI_null,MZI,MZI_null_09526,-0.2802380747018255,-0.4852071361645698,-5.516695555283816,0.0,0.0,300
MZI_null,MZI,MZI_null_09527,-0.14974982048587068,0.46336677882551847,-0.5258586344451491,0.0,0.0,300
MZI_null,MZI,MZI_null_09528,0.10895041113590606,-4.787349814405095,3.4208093304886296,0.0,0.0,300
MZI_null,MZI,MZI_null_09529,0.1032500900761576,0.6678943578803782,-4.240500328345408,0.0,0.0,300
MZI_null,MZI,MZI_null_09530,0.17571018603189276,-2.948484729921209,-2.8336788104361723,0.0,0.0,300
MZI_null,MZI,MZI_null_09531,0.09381953100684924,-0.25036467563618325,-3.540456543272013,0.0,0.0,300
MZI_null,MZI,MZI_null_09532,0.308445151528878,3.4430517291693246,0.8151054224353085,0.0,0.0,300
MZI_null,MZI,MZI_null_09533,0.06456051340975323,-1.0106413212191114,-5.649989878056014,0.0,0.0,300
MZI_null,MZI,MZI_null_09534,0.016921108188219427,-1.7013752543127558,-2.7280350587151436,0.0,0.0,300
MZI_null,MZI,MZI_null_09535,-0.04640237580023765,-9.143877184146419,-4.291818790374974,0.0,0.0,300
MZI_null,MZI,MZI_null_09536,0.13827394372609347,3.1935907049180825,-3.830142055887313,0.0,0.0,300
MZI_null,MZI,MZI_null_09537,0.02742729824639083,1.2951469881919508,-2.5606450776842618,0.0,0.0,300
MZI_null,MZI,MZI_null_09538,0.10143722658519232,-2.1013690867404806,2.5712059652760466,0.0,0.0,300
MZI_null,MZI,MZI_null_09539,-0.1923676109502935,-5.31372988630296,-0.1613824931715666,0.0,0.0,300
MZI_null,MZI,MZI_null_09540,0.014430914985065487,-2.1689716894799904,0.7275024806134489,0.0,0.0,300
MZI_null,MZI,MZI_null_09541,-0.13959743468366043,-6.108306834864286,-2.5003243240861766,0.0,0.0,300
MZI_null,MZI,MZI_null_09542,-0.058241783804714814,-2.8512415431737335,2.8071371340616302,0.0,0.0,300
MZI_null,MZI,MZI_null_09543,0.11556258701988137,-0.40028039253371306,-0.33400121611206657,0.0,0.0,300
MZI_null,MZI,MZI_null_09544,-0.06512826835733326,-4.561835470350335,-4.5914722620760635,0.0,0.0,300
MZI_null,MZI,MZI_null_09545,-0.1041760275706013,-2.128765965082965,-4.464952600547999,0.0,0.0,300
MZI_null,MZI,MZI_null_09546,0.025427963660491368,-2.583314381706935,-2.191895234629608,0.0,0.0,300
MZI_null,MZI,MZI_null_09547,0.17422993518174557,-9.381855866668193,-2.1511886358547896,0.0,0.0,300
MZI_null,MZI,MZI_null_09548,-0.3528656168444217,-1.2843119812116728,1.2865447495967786,0.0,0.0,300
MZI_null,MZI,MZI_null_09549,-0.20266593063207022,-5.6691727516741715,-6.094899495131367,0.0,0.0,300
MZI_null,MZI,MZI_null_09550,0.009546298906975165,-3.0223648286120826,-1.8359641911747802,0.0,0.0,300
MZI_null,MZI,MZI_null_09551,-0.05519574592288222,-4.920797193103817,2.3956220716881096,0.0,0.0,300
MZI_null,MZI,MZI_null_09552,0.040851102019744116,-5.5539906103328125,-3.1016404474975046,0.0,0.0,300
MZI_null,MZI,MZI_null_09553,-0.13081031617012134,2.2177837104191847,1.1336578180485963,0.0,0.0,300
MZI_null,MZI,MZI_null_09554,-0.01897341853838292,3.121663554861578,3.3561307855975517,0.0,0.0,300
MZI_null,MZI,MZI_null_09555,-0.034606634121265495,-3.231695966371429,-2.087091867692046,0.0,0.0,300
MZI_null,MZI,MZI_null_09556,-0.1429119893953396,3.2019233454014877,-4.019237509176632,0.0,0.0,300
MZI_null,MZI,MZI_null_09557,0.13024564731411595,0.07162939272648794,-1.9145979346706978,0.0,0.0,300
MZI_null,MZI,MZI_null_09558,0.2715067655496676,-6.677288963244585,-1.239073902936671,0.0,0.0,300
MZI_null,MZI,MZI_null_09559,-0.07335602474107566,0.8817794508125592,0.06069759312550427,0.0,0.0,300
MZI_null,MZI,MZI_null_09560,-0.2590942767999739,1.7184383312393585,0.45638516877370305,0.0,0.0,300
MZI_null,MZI,MZI_null_09561,-0.1553237792944396,-3.049037314359178,-4.899654744916246,0.0,0.0,300
MZI_null,MZI,MZI_null_09562,-0.025625703842472,-1.5496460979205313,-2.0039414759018457,0.0,0.0,300
MZI_null,MZI,MZI_null_09563,-0.06756967498092813,-6.838221107153537,0.011724384509624208,0.0,0.0,300
MZI_null,MZI,MZI_null_09564,-0.2886681895294429,-1.9067614452882142,-6.397467472097383,0.0,0.0,300
MZI_null,MZI,MZI_null_09565,0.00757573357294299,-2.018357013763246,0.21003490303562167,0.0,0.0,300
MZI_null,MZI,MZI_null_09566,0.1293428575202389,1.1427652667528139,-5.83012779812779,0.0,0.0,300
MZI_null,MZI,MZI_null_09567,-0.008730907969962048,4.032822653680162,-0.6426982945068784,0.0,0.0,300
MZI_null,MZI,MZI_null_09568,-0.12470222104519701,-2.239103379318008,-2.150997820942184,0.0,0.0,300
MZI_null,MZI,MZI_null_09569,-0.1764687235698231,0.607312564621024,0.7530576748260867,0.0,0.0,300
MZI_null,MZI,MZI_null_09570,-0.2001763608168192,-2.2798237514507056,-2.699390947546368,0.0,0.0,300
MZI_null,MZI,MZI_null_09571,-0.24023887717874504,-6.244458372427956,-4.7978794714009965,0.0,0.0,300
MZI_null,MZI,MZI_null_09572,-0.008764463016419553,-3.3738590006100697,-3.87756388628774,0.0,0.0,300
MZI_null,MZI,MZI_null_09573,-0.058782454443142666,0.24260491553643204,0.07008829181616716,0.0,0.0,300
MZI_null,MZI,MZI_null_09574,0.15028032114328543,-2.684938594157747,3.8076715720449323,0.0,0.0,300
MZI_null,MZI,MZI_null_09575,0.0522119825547738,-3.466752270024172,-0.7211445709288923,0.0,0.0,300
MZI_null,MZI,MZI_null_09576,-0.18721139288847258,-2.918555408743308,0.28992269067982335,0.0,0.0,300
MZI_null,MZI,MZI_null_09577,0.09175042621478839,-3.2304866684935902,7.201671282567904,0.0,0.0,300
MZI_null,MZI,MZI_null_09578,-0.0258311614732933,-7.03518212642946,2.6398015760254934,0.0,0.0,300
MZI_null,MZI,MZI_null_09579,0.09106909557745156,-1.3049335371342496,-2.3947626732753338,0.0,0.0,300
MZI_null,MZI,MZI_null_09580,0.05900197740396621,2.8570487379928915,-0.3951011879795622,0.0,0.0,300
MZI_null,MZI,MZI_null_09581,-0.2205050380216389,-12.360062249563299,0.15367868191515655,0.0,0.0,300
MZI_null,MZI,MZI_null_09582,-0.14788703118901617,-2.299138152187412,-3.4272328690401976,0.0,0.0,300
MZI_null,MZI,MZI_null_09583,-0.1321363476294897,-4.295822399858801,-3.024626079749698,0.0,0.0,300
MZI_null,MZI,MZI_null_09584,0.1164353982724253,-0.27906862059024595,-4.62396646843352,0.0,0.0,300
MZI_null,MZI,MZI_null_09585,-0.16076020895505128,-0.8626342865918826,2.1575070963065652,0.0,0.0,300
MZI_null,MZI,MZI_null_09586,0.15557120398711882,-5.0087265223406945,1.9679342957006742,0.0,0.0,300
MZI_null,MZI,MZI_null_09587,-0.2664404451478275,-2.6086532510301175,0.4610793278259582,0.0,0.0,300
MZI_null,MZI,MZI_null_09588,-0.3118207519562477,4.278570772256387,2.9800855489298472,0.0,0.0,300
MZI_null,MZI,MZI_null_09589,0.09705059585408836,-4.895084622694764,-1.2043108737313983,0.0,0.0,300
MZI_null,MZI,MZI_null_09590,0.11856302546445327,-5.3679847009994415,-1.5414226937140518,0.0,0.0,300
MZI_null,MZI,MZI_null_09591,0.13655757747164732,-6.483785005319151,-0.0027258669386349688,0.0,0.0,300
MZI_null,MZI,MZI_null_09592,-0.263215444443177,-4.83154026673596,-2.513777817028283,0.0,0.0,300
MZI_null,MZI,MZI_null_09593,0.07703334190781679,-4.102367307518611,-0.623354826012547,0.0,0.0,300
MZI_null,MZI,MZI_null_09594,-0.10308422067123493,-3.5918503163454565,2.7519845233584466,0.0,0.0,300
MZI_null,MZI,MZI_null_09595,-0.17253422673633578,0.27746192184155394,-1.003191656424946,0.0,0.0,300
MZI_null,MZI,MZI_null_09596,-0.08633305333619858,-5.652568497230353,-4.438708921297274,0.0,0.0,300
MZI_null,MZI,MZI_null_09597,-0.11079675371369198,-2.4501632216634266,0.8105289084692042,0.0,0.0,300
MZI_null,MZI,MZI_null_09598,-0.04503588898835436,-2.6999325556466567,-1.2519706699669149,0.0,0.0,300
MZI_null,MZI,MZI_null_09599,0.0715166537158093,-0.06559154241046916,-5.160896426715544,0.0,0.0,300
MZI_null,MZI,MZI_null_09600,-0.04231120646149677,1.6822120520437647,-4.948359861159863,0.0,0.0,300
MZI_null,MZI,MZI_null_09601,0.011146933567343842,-2.512532011390342,-2.7000267698098344,0.0,0.0,300
MZI_null,MZI,MZI_null_09602,0.2386173976565037,-1.8894925733963763,3.5334352158329416,0.0,0.0,300
MZI_null,MZI,MZI_null_09603,0.0008440807866614922,-0.619232332046805,-2.731664526780942,0.0,0.0,300
MZI_null,MZI,MZI_null_09604,-0.08491405129466305,-0.7719574092534194,0.28309237290077327,0.0,0.0,300
MZI_null,MZI,MZI_null_09605,0.08969805998877818,-0.8699651391362737,-5.0092627810122545,0.0,0.0,300
MZI_null,MZI,MZI_null_09606,-0.12095530150686236,0.549828658446085,-6.875396096210013,0.0,0.0,300
MZI_null,MZI,MZI_null_09607,0.0438910862258405,-2.3356402972075436,1.5487456024170787,0.0,0.0,300
MZI_null,MZI,MZI_null_09608,0.062493177910613276,-3.9919408391253857,-3.1280501149049904,0.0,0.0,300
MZI_null,MZI,MZI_null_09609,-0.07841752094953787,-0.25981085788811686,-7.906641038665734,0.0,0.0,300
MZI_null,MZI,MZI_null_09610,0.023606916653559216,-4.649103761682102,-0.42749410657822917,0.0,0.0,300
MZI_null,MZI,MZI_null_09611,0.051674667975505344,-6.986979748786062,-1.6805992810018935,0.0,0.0,300
MZI_null,MZI,MZI_null_09612,0.02333555352003701,-1.7361497141745572,-1.3666028593478945,0.0,0.0,300
MZI_null,MZI,MZI_null_09613,-0.18313312797210174,-5.205884091939626,-5.134141968261551,0.0,0.0,300
MZI_null,MZI,MZI_null_09614,0.08310683562596304,-2.3467125254198042,-1.1552597178781392,0.0,0.0,300
MZI_null,MZI,MZI_null_09615,-0.2558240165767341,-2.100808391783616,0.9009112159480486,0.0,0.0,300
MZI_null,MZI,MZI_null_09616,-0.2762759361861419,-3.606218776234912,-5.7110473946344165,0.0,0.0,300
MZI_null,MZI,MZI_null_09617,-0.06304231120948307,-4.702975692712769,0.14272650092480887,0.0,0.0,300
MZI_null,MZI,MZI_null_09618,0.02538593451395876,1.874513216902133,-1.1622335479014811,0.0,0.0,300
MZI_null,MZI,MZI_null_09619,0.050773170315641,-3.673122444945433,-4.309193953685737,0.0,0.0,300
MZI_null,MZI,MZI_null_09620,0.125214365203513,1.729765160641239,1.1169670977147588,0.0,0.0,300
MZI_null,MZI,MZI_null_09621,0.019684218469429877,-4.922280663455829,2.4248845202808385,0.0,0.0,300
MZI_null,MZI,MZI_null_09622,0.0869263973455518,4.074635827988337,-4.463271850719719,0.0,0.0,300
MZI_null,MZI,MZI_null_09623,0.12938497518710704,-0.3526804853756058,-2.0260816007441678,0.0,0.0,300
MZI_null,MZI,MZI_null_09624,0.2045752320304656,-0.792964554726356,-3.8106790853849613,0.0,0.0,300
MZI_null,MZI,MZI_null_09625,-0.017750852441161438,-4.846576421309338,-2.405547146156541,0.0,0.0,300
MZI_null,MZI,MZI_null_09626,0.10557392303095993,0.9678221357026486,-0.3363629986319048,0.0,0.0,300
MZI_null,MZI,MZI_null_09627,-0.11251123148842981,-0.855174738813929,1.1701989138729108,0.0,0.0,300
MZI_null,MZI,MZI_null_09628,-0.2958167617859576,-1.6505636749072483,-1.5705693951979933,0.0,0.0,300
MZI_null,MZI,MZI_null_09629,0.14305668831143584,-0.842932505415503,0.45305510441835684,0.0,0.0,300
MZI_null,MZI,MZI_null_09630,-0.07228664495714433,-1.995044848602692,1.8310549094116646,0.0,0.0,300
MZI_null,MZI,MZI_null_09631,-0.009731959945541505,-1.475991332805278,-5.607871895326198,0.0,0.0,300
MZI_null,MZI,MZI_null_09632,-0.010281005449082349,-8.035999904318327,-2.54843460807477,0.0,0.0,300
MZI_null,MZI,MZI_null_09633,0.009527333659034885,0.30109238345371203,-3.997479830355928,0.0,0.0,300
MZI_null,MZI,MZI_null_09634,0.056052621520515315,2.405480213086385,-2.922231597146867,0.0,0.0,300
MZI_null,MZI,MZI_null_09635,-0.2320579382583986,-1.1304801288287345,-4.575991019608878,0.0,0.0,300
MZI_null,MZI,MZI_null_09636,-0.12284978602102796,0.770010825107458,4.630697826130043,0.0,0.0,300
MZI_null,MZI,MZI_null_09637,-0.15010351745122277,-4.21225922004624,-2.319606887226458,0.0,0.0,300
MZI_null,MZI,MZI_null_09638,-0.08217120802881402,3.7998775414361043,-2.5917034890633595,0.0,0.0,300
MZI_null,MZI,MZI_null_09639,-0.05816278717891934,2.848532419524476,0.7300289346179034,0.0,0.0,300
MZI_null,MZI,MZI_null_09640,0.14788488494238666,-4.718338619067174,-2.590539049527208,0.0,0.0,300
MZI_null,MZI,MZI_null_09641,-0.15595775365184406,0.40378463810744725,2.675729623350331,0.0,0.0,300
MZI_null,MZI,MZI_null_09642,-0.08996615537722694,-3.0927239687128285,-1.961470195115974,0.0,0.0,300
MZI_null,MZI,MZI_null_09643,-0.23208359899172634,-4.021466233278961,1.319798644290803,0.0,0.0,300
MZI_null,MZI,MZI_null_09644,-0.1313127756667641,-1.7210544133850356,-4.92405692339247,0.0,0.0,300
MZI_null,MZI,MZI_null_09645,-0.021600136669330167,-3.6899634637580236,-4.665014451351301,0.0,0.0,300
MZI_null,MZI,MZI_null_09646,0.11855791442326674,0.5398820836030565,-3.9086161367079253,0.0,0.0,300
MZI_null,MZI,MZI_null_09647,-0.032427519629059084,-1.8670439507826526,-6.444285361383548,0.0,0.0,300
MZI_null,MZI,MZI_null_09648,-0.2095639089591048,1.8588533091003425,-4.1953806895077115,0.0,0.0,300
MZI_null,MZI,MZI_null_09649,0.18872746623775438,-6.036241023149993,0.9764833314212087,0.0,0.0,300
MZI_null,MZI,MZI_null_09650,-0.046695466126550296,-2.5122988074631003,4.567807740601893,0.0,0.0,300
MZI_null,MZI,MZI_null_09651,-0.18812799514780226,-0.21560541121678733,0.6604689906734662,0.0,0.0,300
MZI_null,MZI,MZI_null_09652,0.5031860083749566,-5.231392460695657,-2.8779543805103103,0.0,0.0,300
MZI_null,MZI,MZI_null_09653,0.1223883428748831,-2.600791577605589,-2.3891528701952485,0.0,0.0,300
MZI_null,MZI,MZI_null_09654,0.1436267232484748,-2.799705308911162,-3.675577211144253,0.0,0.0,300
MZI_null,MZI,MZI_null_09655,0.10893152321429717,-0.8741359759164182,-1.9385397868179293,0.0,0.0,300
MZI_null,MZI,MZI_null_09656,-0.05404522781400321,-4.744719814821689,1.1752905653460255,0.0,0.0,300
MZI_null,MZI,MZI_null_09657,-0.054016172588156226,-4.30953771072101,-4.856665501575564,0.0,0.0,300
MZI_null,MZI,MZI_null_09658,0.05882315368632541,-3.525748936738992,-7.038025941967215,0.0,0.0,300
MZI_null,MZI,MZI_null_09659,-0.18049031844660696,-2.700790806976948,-1.6166129947515033,0.0,0.0,300
MZI_null,MZI,MZI_null_09660,-0.0365313375555976,-3.1482683347026836,-5.427561168209234,0.0,0.0,300
MZI_null,MZI,MZI_null_09661,-0.13118227862235768,1.5513309594523044,2.1086843805591973,0.0,0.0,300
MZI_null,MZI,MZI_null_09662,0.08669276735160768,-0.531492187877995,1.7142677241964748,0.0,0.0,300
MZI_null,MZI,MZI_null_09663,-0.16811921062381505,-1.9012148997291534,-4.3608014519408815,0.0,0.0,300
MZI_null,MZI,MZI_null_09664,-0.16543717046479098,-0.8958051867591763,1.8402513174076258,0.0,0.0,300
MZI_null,MZI,MZI_null_09665,-0.0290773701633807,2.947001296628505,-0.3646470188633901,0.0,0.0,300
MZI_null,MZI,MZI_null_09666,-0.11651782986247672,-5.260185655621016,2.0543944525541487,0.0,0.0,300
MZI_null,MZI,MZI_null_09667,0.019268867360972254,0.02814213450844605,-8.973889781359725,0.0,0.0,300
MZI_null,MZI,MZI_null_09668,0.03670080515204076,-3.5353225654887113,-5.181278607750594,0.0,0.0,300
MZI_null,MZI,MZI_null_09669,-0.009402351442263805,1.2754406009633668,5.798684859259156,0.0,0.0,300
MZI_null,MZI,MZI_null_09670,0.036322861098376555,-4.1274397698845675,-3.3085076695554005,0.0,0.0,300
MZI_null,MZI,MZI_null_09671,0.14446985430977988,-4.990622357458677,0.8672821385832885,0.0,0.0,300
MZI_null,MZI,MZI_null_09672,0.04405217849394264,-1.450695824351362,-5.704355769642377,0.0,0.0,300
MZI_null,MZI,MZI_null_09673,-0.05354373033394873,-6.3744733740728385,-2.764742203950297,0.0,0.0,300
MZI_null,MZI,MZI_null_09674,0.13757079922807686,1.693173710066695,-0.3581540515273439,0.0,0.0,300
MZI_null,MZI,MZI_null_09675,-0.08555107686509779,2.764297997081255,-2.75077190126854,0.0,0.0,300
MZI_null,MZI,MZI_null_09676,-0.17035297377135064,0.08944890375035008,0.3732021277091202,0.0,0.0,300
MZI_null,MZI,MZI_null_09677,-0.08138638663887611,-1.6993243112912984,0.3264799665553193,0.0,0.0,300
MZI_null,MZI,MZI_null_09678,0.03055182615777245,-0.6231831351062582,-2.5171445846799227,0.0,0.0,300
MZI_null,MZI,MZI_null_09679,0.07893675663593984,-1.9473264872501541,-2.4154315646090603,0.0,0.0,300
MZI_null,MZI,MZI_null_09680,-0.03688271433499121,-2.2937055077732538,-5.336135011183837,0.0,0.0,300
MZI_null,MZI,MZI_null_09681,-0.09549888698548925,-1.8052834532216422,-5.052973106166557,0.0,0.0,300
MZI_null,MZI,MZI_null_09682,-0.09298854927218708,5.1539349351156165,-4.387775094463582,0.0,0.0,300
MZI_null,MZI,MZI_null_09683,-0.0575720868975644,-4.501151835586193,-1.3506100118600104,0.0,0.0,300
MZI_null,MZI,MZI_null_09684,-0.12223775147024699,-2.7297293698772984,-3.1556411054496794,0.0,0.0,300
MZI_null,MZI,MZI_null_09685,0.1582691724554737,-1.7550888868413599,-4.0089179708896605,0.0,0.0,300
MZI_null,MZI,MZI_null_09686,0.12611947857490396,-4.874799848090339,-5.692240566734953,0.0,0.0,300
MZI_null,MZI,MZI_null_09687,-0.0004563731149211138,3.7217932730199372,-6.482992386747663,0.0,0.0,300
MZI_null,MZI,MZI_null_09688,-0.19964818823536454,0.25757698948253305,-2.926964198835881,0.0,0.0,300
MZI_null,MZI,MZI_null_09689,0.09179228508698149,-4.5124667208258415,-0.5741134677724711,0.0,0.0,300
MZI_null,MZI,MZI_null_09690,0.26167108880782325,-5.583768941065612,2.0712824304119124,0.0,0.0,300
MZI_null,MZI,MZI_null_09691,0.10195601949481303,-6.467732753296726,0.6767015712253197,0.0,0.0,300
MZI_null,MZI,MZI_null_09692,0.010920919329390917,-1.7267179702588118,0.009552699355108718,0.0,0.0,300
MZI_null,MZI,MZI_null_09693,-0.052554876662370756,-1.7897031231728069,-0.27564272487913477,0.0,0.0,300
MZI_null,MZI,MZI_null_09694,0.11190869083282927,-6.5814831001342435,2.872657689473313,0.0,0.0,300
MZI_null,MZI,MZI_null_09695,-0.17329355145888198,0.28488539243916167,-0.7616647021816602,0.0,0.0,300
MZI_null,MZI,MZI_null_09696,-0.19217345141980463,-0.4155635908879871,-3.836219917585513,0.0,0.0,300
MZI_null,MZI,MZI_null_09697,0.160319333273646,-4.132504515503732,-5.484958292816133,0.0,0.0,300
MZI_null,MZI,MZI_null_09698,0.23007676575544425,-1.4560289862892737,1.6015733772839464,0.0,0.0,300
MZI_null,MZI,MZI_null_09699,-0.12772078181300509,-7.675431610124602,4.025607272263331,0.0,0.0,300
MZI_null,MZI,MZI_null_09700,-0.0009640218268422932,-0.5259443175093605,0.9697873417948075,0.0,0.0,300
MZI_null,MZI,MZI_null_09701,-0.050308657952353404,-1.3213113571534505,3.7818577775163336,0.0,0.0,300
MZI_null,MZI,MZI_null_09702,-0.004866184331899539,0.8263039492587252,-6.973740940091865,0.0,0.0,300
MZI_null,MZI,MZI_null_09703,0.16856409454788215,-6.566012894017921,2.028226472100502,0.0,0.0,300
MZI_null,MZI,MZI_null_09704,0.058594683067690674,-2.2877620282216347,-1.2987646636237895,0.0,0.0,300
MZI_null,MZI,MZI_null_09705,-0.0379096640036002,-4.46200855833069,-1.617928835890139,0.0,0.0,300
MZI_null,MZI,MZI_null_09706,0.3312088616263633,1.9069201323541893,-3.6130095355673015,0.0,0.0,300
MZI_null,MZI,MZI_null_09707,0.040153110349093225,-1.7120625102907057,-1.4268803290290148,0.0,0.0,300
MZI_null,MZI,MZI_null_09708,-0.15041663349562187,-0.6623060455800429,1.5382148897439096,0.0,0.0,300
MZI_null,MZI,MZI_null_09709,-0.12508480276001702,3.8666242518676217,3.566009747706662,0.0,0.0,300
MZI_null,MZI,MZI_null_09710,0.08222483384268486,-5.69515910800644,0.20422587795368652,0.0,0.0,300
MZI_null,MZI,MZI_null_09711,0.042296700234669776,-0.4605341713445097,3.7713928168692075,0.0,0.0,300
MZI_null,MZI,MZI_null_09712,-0.026396108192493065,4.143479738967231,0.21951303798124977,0.0,0.0,300
MZI_null,MZI,MZI_null_09713,-0.043569476349189735,5.198131620119234,1.4896757000602694,0.0,0.0,300
MZI_null,MZI,MZI_null_09714,-0.06821008304362092,-1.747350233160673,0.9056990655636019,0.0,0.0,300
MZI_null,MZI,MZI_null_09715,-0.02262915401780127,-1.598276392865149,-3.451610810988164,0.0,0.0,300
MZI_null,MZI,MZI_null_09716,-0.25277917962118623,-1.6807420317658643,-0.5799165333223381,0.0,0.0,300
MZI_null,MZI,MZI_null_09717,0.07906793873367815,-3.72856912131859,-5.021662883621995,0.0,0.0,300
MZI_null,MZI,MZI_null_09718,-0.14479867046210226,1.1669012705194737,-2.999833936622714,0.0,0.0,300
MZI_null,MZI,MZI_null_09719,-0.06631214787056428,-2.9372406914933356,-2.857828507860371,0.0,0.0,300
MZI_null,MZI,MZI_null_09720,-0.10398162412992498,-4.613370693901431,3.2019697237045994,0.0,0.0,300
MZI_null,MZI,MZI_null_09721,0.10201510250143947,1.7434623194507126,3.3480192693825135,0.0,0.0,300
MZI_null,MZI,MZI_null_09722,-0.35248196961494715,-0.9696360739157703,-2.7585359016949567,0.0,0.0,300
MZI_null,MZI,MZI_null_09723,0.16752144665300225,-4.2244136097276845,-4.162449269091129,0.0,0.0,300
MZI_null,MZI,MZI_null_09724,-0.2151068790979653,-2.9080247329364064,1.744835787584933,0.0,0.0,300
MZI_null,MZI,MZI_null_09725,0.03842508252919676,-5.607944795408431,5.457977271085673,0.0,0.0,300
MZI_null,MZI,MZI_null_09726,0.0974307959237352,0.3322303472730592,2.855086482042974,0.0,0.0,300
MZI_null,MZI,MZI_null_09727,-0.24603233829386695,-4.734302415763648,1.4690340707728176,0.0,0.0,300
MZI_null,MZI,MZI_null_09728,-0.12161074920322151,-2.8250404167651446,-1.2332219584939001,0.0,0.0,300
MZI_null,MZI,MZI_null_09729,-0.19161080829448762,-3.08245154640092,1.7435096520554971,0.0,0.0,300
MZI_null,MZI,MZI_null_09730,0.10941808347267618,1.3390439859024035,2.0296276213723887,0.0,0.0,300
MZI_null,MZI,MZI_null_09731,0.060881088855387615,-1.019964505070901,-0.24000771968014667,0.0,0.0,300
MZI_null,MZI,MZI_null_09732,-0.09405707508809412,-5.089834171161841,-3.0687920383597005,0.0,0.0,300
MZI_null,MZI,MZI_null_09733,-0.048904397483620334,-3.967477834228329,0.24149521545174668,0.0,0.0,300
MZI_null,MZI,MZI_null_09734,0.030284282409637674,-1.0720295038393457,0.054224197747338776,0.0,0.0,300
MZI_null,MZI,MZI_null_09735,0.17934959066767991,-2.025718677161301,2.0251083015038343,0.0,0.0,300
MZI_null,MZI,MZI_null_09736,0.0774878036968751,1.3889006099052565,3.8438895031597164,0.0,0.0,300
MZI_null,MZI,MZI_null_09737,0.08649743699686052,-1.688695250984004,-0.7080765476700757,0.0,0.0,300
MZI_null,MZI,MZI_null_09738,-0.07052491193427576,-3.5113164397281684,1.7063514899346055,0.0,0.0,300
MZI_null,MZI,MZI_null_09739,-0.14455054386713337,2.844317906686678,-1.4551697587120591,0.0,0.0,300
MZI_null,MZI,MZI_null_09740,0.4293116839684221,-4.079346280488852,-0.24943324005899625,0.0,0.0,300
MZI_null,MZI,MZI_null_09741,-0.05277739053726287,-4.379252274629815,2.191401052636156,0.0,0.0,300
MZI_null,MZI,MZI_null_09742,-0.16583312915967094,-4.028223520922704,0.758959126744732,0.0,0.0,300
MZI_null,MZI,MZI_null_09743,0.1117441216424107,-6.175656263682563,0.7450306556461219,0.0,0.0,300
MZI_null,MZI,MZI_null_09744,0.01933498701245084,-4.75317007358459,-3.3666446060066626,0.0,0.0,300
MZI_null,MZI,MZI_null_09745,-0.30501771419226015,3.1523332833927338,2.0462612449310207,0.0,0.0,300
MZI_null,MZI,MZI_null_09746,-0.19337175152673283,0.39672301837538715,-2.722067031849,0.0,0.0,300
MZI_null,MZI,MZI_null_09747,0.13722158045245497,-3.488220707477247,-2.0900622853238753,0.0,0.0,300
MZI_null,MZI,MZI_null_09748,-0.043252090163649705,-3.9720660249839392,3.197814125699912,0.0,0.0,300
MZI_null,MZI,MZI_null_09749,0.13477904896222181,-1.6701543850001626,2.0737044919574306,0.0,0.0,300
MZI_null,MZI,MZI_null_09750,-0.24406075728681886,-5.685376335653097,0.4236642870738878,0.0,0.0,300
MZI_null,MZI,MZI_null_09751,0.1103304833711833,-1.1617773612327453,-6.648084025234956,0.0,0.0,300
MZI_null,MZI,MZI_null_09752,-0.15935017865066217,-0.7502244004874943,6.279416867723802,0.0,0.0,300
MZI_null,MZI,MZI_null_09753,0.1826868997587642,2.731912895412318,0.019176266570896994,0.0,0.0,300
MZI_null,MZI,MZI_null_09754,0.049873647118406576,-5.100456401768228,1.855466159154851,0.0,0.0,300
MZI_null,MZI,MZI_null_09755,-0.010977255381150413,0.07819712639115695,-0.9079409413571955,0.0,0.0,300
MZI_null,MZI,MZI_null_09756,0.04186776371261092,-2.263184348895866,-0.3261259065313211,0.0,0.0,300
MZI_null,MZI,MZI_null_09757,0.1500114836317846,-5.798688587207671,-5.47876727894533,0.0,0.0,300
MZI_null,MZI,MZI_null_09758,0.06387968664583484,2.3217228937228507,4.078233850403246,0.0,0.0,300
MZI_null,MZI,MZI_null_09759,-0.18366153265651075,-3.2086215062071206,-5.437645763334728,0.0,0.0,300
MZI_null,MZI,MZI_null_09760,-0.082591743958068,1.3685442851480847,-1.0386753506751991,0.0,0.0,300
MZI_null,MZI,MZI_null_09761,-0.05608111194356818,-0.36474273076636976,-3.3851562694284136,0.0,0.0,300
MZI_null,MZI,MZI_null_09762,0.2389467547322786,-1.9781450832755796,-2.2053827288796977,0.0,0.0,300
MZI_null,MZI,MZI_null_09763,0.08802738521934174,0.8178584806331388,3.7879257204477756,0.0,0.0,300
MZI_null,MZI,MZI_null_09764,-0.03149533593872464,1.2581695680811515,-0.6963651643000086,0.0,0.0,300
MZI_null,MZI,MZI_null_09765,-0.09170700314605422,-4.330434587012704,-4.290950330899013,0.0,0.0,300
MZI_null,MZI,MZI_null_09766,-0.1112540998333671,1.347119865280252,1.1201288053581115,0.0,0.0,300
MZI_null,MZI,MZI_null_09767,-0.18618174839129245,-7.239172760644807,-4.336879467389233,0.0,0.0,300
MZI_null,MZI,MZI_null_09768,-0.11651043123707229,-2.909797131731026,2.5185905690261423,0.0,0.0,300
MZI_null,MZI,MZI_null_09769,-0.08215752883495,3.0414998805318216,-6.040599676964103,0.0,0.0,300
MZI_null,MZI,MZI_null_09770,-0.05229487811434593,0.3566460074092035,1.5416157570993008,0.0,0.0,300
MZI_null,MZI,MZI_null_09771,-0.05035709345825893,1.0052603013525907,1.436589327520649,0.0,0.0,300
MZI_null,MZI,MZI_null_09772,-0.10231719889687658,-1.0552145946667335,1.1108398522305354,0.0,0.0,300
MZI_null,MZI,MZI_null_09773,-0.09158021513592372,3.082976350807489,-3.5060858398529287,0.0,0.0,300
MZI_null,MZI,MZI_null_09774,0.021613932494176837,-5.749331949258524,-0.6899194040123193,0.0,0.0,300
MZI_null,MZI,MZI_null_09775,-0.1600609824106233,-2.8823874239877876,-5.7597926839632905,0.0,0.0,300
MZI_null,MZI,MZI_null_09776,0.11997201004885824,-0.9311598507751773,2.262231660910097,0.0,0.0,300
MZI_null,MZI,MZI_null_09777,-0.05217077469597539,1.401542100642995,-0.8821610638154926,0.0,0.0,300
MZI_null,MZI,MZI_null_09778,0.016975118914310517,4.342159976055815,-2.454027894815811,0.0,0.0,300
MZI_null,MZI,MZI_null_09779,0.18411885467322747,-0.56094517835716,-2.7157146767364493,0.0,0.0,300
MZI_null,MZI,MZI_null_09780,-0.19735363356952093,-5.099255151366471,2.392024393563533,0.0,0.0,300
MZI_null,MZI,MZI_null_09781,0.2601599290255435,-1.7256802903693222,-0.5683547121366306,0.0,0.0,300
MZI_null,MZI,MZI_null_09782,0.11646801497347299,-1.780093911940445,2.299100113910967,0.0,0.0,300
MZI_null,MZI,MZI_null_09783,0.04374333759947774,-1.5933760590426722,-3.097638542482355,0.0,0.0,300
MZI_null,MZI,MZI_null_09784,-0.14179006192099236,-11.477264040635728,2.702350399825615,0.0,0.0,300
MZI_null,MZI,MZI_null_09785,-0.02199105828334882,-3.2011920342073434,-6.8551218891563,0.0,0.0,300
MZI_null,MZI,MZI_null_09786,-0.0960169148658528,-4.315059374848687,-3.384319261692324,0.0,0.0,300
MZI_null,MZI,MZI_null_09787,0.04992542147289417,-1.6332543404119895,-5.083887800859116,0.0,0.0,300
MZI_null,MZI,MZI_null_09788,-0.19467616498609988,-5.8990356569910976,4.431578262701531,0.0,0.0,300
MZI_null,MZI,MZI_null_09789,0.22390839430374446,-4.556896997298793,-6.929782959987192,0.0,0.0,300
MZI_null,MZI,MZI_null_09790,0.01920663645187801,-1.8591796512869851,-0.04924903903480571,0.0,0.0,300
MZI_null,MZI,MZI_null_09791,0.11120608387159996,-0.6448881398121744,-4.34931859450076,0.0,0.0,300
MZI_null,MZI,MZI_null_09792,0.04410616307460265,0.5614707260069629,-3.1720051690101188,0.0,0.0,300
MZI_null,MZI,MZI_null_09793,0.04499347031337878,-3.658342152403424,4.988509162823689,0.0,0.0,300
MZI_null,MZI,MZI_null_09794,-0.199024070830053,1.4678468095858035,-6.012438284275808,0.0,0.0,300
MZI_null,MZI,MZI_null_09795,0.26895790278249115,-5.424647202273229,-0.43098536803199217,0.0,0.0,300
MZI_null,MZI,MZI_null_09796,-0.2443789780045207,-6.049943351065132,1.6932411428738656,0.0,0.0,300
MZI_null,MZI,MZI_null_09797,0.1542243467204207,-1.281923202897059,1.2232449964707226,0.0,0.0,300
MZI_null,MZI,MZI_null_09798,0.15673181139809586,-4.052530591397943,-5.196884302950444,0.0,0.0,300
MZI_null,MZI,MZI_null_09799,-0.0020555079304191925,-3.731603557691625,0.16586444060298566,0.0,0.0,300
MZI_null,MZI,MZI_null_09800,0.08220429181318895,-4.044952371707843,1.1123256288993293,0.0,0.0,300
MZI_null,MZI,MZI_null_09801,0.09812075639269621,0.1699527366670588,-2.2233771310317803,0.0,0.0,300
MZI_null,MZI,MZI_null_09802,0.11698832472428625,-0.4399931579744212,0.9205539342696825,0.0,0.0,300
MZI_null,MZI,MZI_null_09803,0.25166828446327894,-1.0166774302237647,-2.820886671992402,0.0,0.0,300
MZI_null,MZI,MZI_null_09804,-0.16656817964991963,1.3838084799814654,0.07192302810634454,0.0,0.0,300
MZI_null,MZI,MZI_null_09805,0.2505032982480337,-8.08865657360141,1.7320012633593258,0.0,0.0,300
MZI_null,MZI,MZI_null_09806,-0.039170600313094224,-3.0605629846435134,-3.2944235204457732,0.0,0.0,300
MZI_null,MZI,MZI_null_09807,0.13493565208277145,-0.15939146815032612,-4.427146075118322,0.0,0.0,300
MZI_null,MZI,MZI_null_09808,0.024738215688760685,0.11834299204141141,-0.46596842222227963,0.0,0.0,300
MZI_null,MZI,MZI_null_09809,0.16617604500404082,-2.870115631667547,-7.763073019313424,0.0,0.0,300
MZI_null,MZI,MZI_null_09810,0.028007634115235495,-1.4581226917847605,-0.06644050988693717,0.0,0.0,300
MZI_null,MZI,MZI_null_09811,0.16604686469515517,-7.85738975987992,-1.715449912997981,0.0,0.0,300
MZI_null,MZI,MZI_null_09812,-0.13839867120023266,-5.6240911643554545,-1.216896998688678,0.0,0.0,300
MZI_null,MZI,MZI_null_09813,0.10527330454210132,-1.0971601854225224,-3.062567267487282,0.0,0.0,300
MZI_null,MZI,MZI_null_09814,-0.021820739931557736,0.7896893338888487,1.0493877351800673,0.0,0.0,300
MZI_null,MZI,MZI_null_09815,-0.08291550198399442,-3.8524891269919337,-6.149452481796992,0.0,0.0,300
MZI_null,MZI,MZI_null_09816,-0.06441170003735462,-7.2073667913155495,5.201209062158345,0.0,0.0,300
MZI_null,MZI,MZI_null_09817,-0.1282677235300065,1.3269425659396523,4.454318623675972,0.0,0.0,300
MZI_null,MZI,MZI_null_09818,0.03243021127919826,-2.3000427691607195,-4.9670957681652474,0.0,0.0,300
MZI_null,MZI,MZI_null_09819,-0.07569001824731635,2.811895143607078,0.05375788886680688,0.0,0.0,300
MZI_null,MZI,MZI_null_09820,0.004252231118825609,1.9363696275269877,1.0888716453671483,0.0,0.0,300
MZI_null,MZI,MZI_null_09821,-0.02218097216696442,-1.351232492979209,-3.304195112293922,0.0,0.0,300
MZI_null,MZI,MZI_null_09822,-0.08415609695453795,-2.6188958877759756,0.6724131871210688,0.0,0.0,300
MZI_null,MZI,MZI_null_09823,-0.1871044459035068,-1.7712790087318142,-2.169586480189193,0.0,0.0,300
MZI_null,MZI,MZI_null_09824,-0.1351393827699307,-3.1534746484749636,-7.964209789150667,0.0,0.0,300
MZI_null,MZI,MZI_null_09825,-0.11363830110425688,-5.298460646227868,-1.8397481278022927,0.0,0.0,300
MZI_null,MZI,MZI_null_09826,-0.34196847344458997,-1.4273217694715927,1.7282698892205897,0.0,0.0,300
MZI_null,MZI,MZI_null_09827,-0.017594455834484844,-0.5036243797868707,-2.538191669203729,0.0,0.0,300
MZI_null,MZI,MZI_null_09828,-0.23319316856638103,-1.9949260361430416,1.0411351309556567,0.0,0.0,300
MZI_null,MZI,MZI_null_09829,-0.19865821884114862,-3.3956818289655057,-1.7413492027132502,0.0,0.0,300
MZI_null,MZI,MZI_null_09830,0.42771114679274175,-1.329886415840325,-6.716720736591332,0.0,0.0,300
MZI_null,MZI,MZI_null_09831,-0.32292763527633145,0.1914964907912493,6.455095927989587,0.0,0.0,300
MZI_null,MZI,MZI_null_09832,-0.04214617269010785,-3.0224587761755277,0.2923225285927884,0.0,0.0,300
MZI_null,MZI,MZI_null_09833,-0.11974446125176633,-9.63246386128602,2.111793167827059,0.0,0.0,300
MZI_null,MZI,MZI_null_09834,-0.09197731926027443,1.1503535974641128,-3.2829603709320407,0.0,0.0,300
MZI_null,MZI,MZI_null_09835,0.018266869119080733,0.5644958424660826,2.211052853215616,0.0,0.0,300
MZI_null,MZI,MZI_null_09836,0.03494830012221359,-1.450282712603001,0.8591185405373345,0.0,0.0,300
MZI_null,MZI,MZI_null_09837,0.06962543015912284,-5.8735416025139395,-4.8162470629115255,0.0,0.0,300
MZI_null,MZI,MZI_null_09838,-0.3163588654531319,0.29952400251894007,-2.1871893211330002,0.0,0.0,300
MZI_null,MZI,MZI_null_09839,0.12302958680644528,-0.7888682796365272,-4.007280044712909,0.0,0.0,300
MZI_null,MZI,MZI_null_09840,-0.01803336503021684,-3.364466154992276,-2.8276704407906865,0.0,0.0,300
MZI_null,MZI,MZI_null_09841,0.13729309882399218,5.532230411643018,2.348610925230644,0.0,0.0,300
MZI_null,MZI,MZI_null_09842,-0.004043455103610571,1.7785232798683728,4.13870795093241,0.0,0.0,300
MZI_null,MZI,MZI_null_09843,-0.20885561734654456,1.674564284087591,1.3090460562296156,0.0,0.0,300
MZI_null,MZI,MZI_null_09844,0.17821785849847496,0.4398623680507021,-1.6831870226024224,0.0,0.0,300
MZI_null,MZI,MZI_null_09845,0.30493059662741506,-0.9812041742535533,-2.30298106208276,0.0,0.0,300
MZI_null,MZI,MZI_null_09846,0.07589670225605613,0.917187705183582,-0.715716772414012,0.0,0.0,300
MZI_null,MZI,MZI_null_09847,0.058970457528333776,-1.734898753689046,-2.9802271993019307,0.0,0.0,300
MZI_null,MZI,MZI_null_09848,-0.12327366879416563,-6.208448859714761,3.5540601021402356,0.0,0.0,300
MZI_null,MZI,MZI_null_09849,-0.033512587219449184,-12.282725305265869,0.18959923783852695,0.0,0.0,300
MZI_null,MZI,MZI_null_09850,0.05637406567609538,-7.599703048491186,-3.4971886249997866,0.0,0.0,300
MZI_null,MZI,MZI_null_09851,-0.13144335518413935,-4.226803072376829,2.6383275851107104,0.0,0.0,300
MZI_null,MZI,MZI_null_09852,-0.022331632210025487,-3.281704654448453,2.367169826661781,0.0,0.0,300
MZI_null,MZI,MZI_null_09853,0.0743021617775558,-7.222934773929648,-2.8498709175037087,0.0,0.0,300
MZI_null,MZI,MZI_null_09854,0.04829431307009186,-4.801670402036099,5.088664365263394,0.0,0.0,300
MZI_null,MZI,MZI_null_09855,0.016931814547887558,-4.260129018732575,-4.368830930008149,0.0,0.0,300
MZI_null,MZI,MZI_null_09856,0.1391291382053554,-3.94358581098187,0.13977253487512087,0.0,0.0,300
MZI_null,MZI,MZI_null_09857,-0.17272790353116496,-1.7894066254264902,-2.9076576936503837,0.0,0.0,300
MZI_null,MZI,MZI_null_09858,-0.04730916202125806,-4.388842401156372,2.0768788334248116,0.0,0.0,300
MZI_null,MZI,MZI_null_09859,-0.07365059626864894,-2.4303715847591065,-1.2854268423962325,0.0,0.0,300
MZI_null,MZI,MZI_null_09860,0.24184051824504418,0.670925762174198,1.3720422748338779,0.0,0.0,300
MZI_null,MZI,MZI_null_09861,-0.23668299345394522,-3.9691771628076173,2.5658561474867456,0.0,0.0,300
MZI_null,MZI,MZI_null_09862,-0.17563962231324745,-1.7479593556348112,-4.1957845127823665,0.0,0.0,300
MZI_null,MZI,MZI_null_09863,-0.144736088311411,3.0423569585926113,1.1578119247291658,0.0,0.0,300
MZI_null,MZI,MZI_null_09864,0.14747103416918808,0.35122444049133694,-1.4178650866885067,0.0,0.0,300
MZI_null,MZI,MZI_null_09865,-0.10373950618558457,-3.2062707782524797,-1.5754793631602402,0.0,0.0,300
MZI_null,MZI,MZI_null_09866,0.26644291039918755,-6.009069293088589,-2.660984345856383,0.0,0.0,300
MZI_null,MZI,MZI_null_09867,-0.13694450494580737,1.1698695925614402,4.561364778017291,0.0,0.0,300
MZI_null,MZI,MZI_null_09868,0.0463179539739594,-0.8269524954692471,-0.726037230874193,0.0,0.0,300
MZI_null,MZI,MZI_null_09869,0.06562184839216874,0.3194654870728817,0.276921538660464,0.0,0.0,300
MZI_null,MZI,MZI_null_09870,0.07482514924174417,0.32624309048162514,-6.334834303765202,0.0,0.0,300
MZI_null,MZI,MZI_null_09871,0.00030133952185880766,-1.0843728737464473,0.24844454155787377,0.0,0.0,300
MZI_null,MZI,MZI_null_09872,-0.025632939267593066,-1.5177455006085436,-3.1597192140423025,0.0,0.0,300
MZI_null,MZI,MZI_null_09873,-0.2662267103546595,0.9494113039169698,-4.40311480995851,0.0,0.0,300
MZI_null,MZI,MZI_null_09874,-0.024068079467064275,-4.247388898706017,3.7610278396282375,0.0,0.0,300
MZI_null,MZI,MZI_null_09875,-0.011946707176307261,-2.931369388646198,1.2435976061779472,0.0,0.0,300
MZI_null,MZI,MZI_null_09876,0.323471125141228,-0.7829314188257346,-2.1322583848955063,0.0,0.0,300
MZI_null,MZI,MZI_null_09877,0.1044890972032035,-6.718037205744697,-0.8607122198068089,0.0,0.0,300
MZI_null,MZI,MZI_null_09878,0.2990936482434618,-1.5267578099426844,-0.6766670315270551,0.0,0.0,300
MZI_null,MZI,MZI_null_09879,0.003095481053625838,-3.186428841278598,-0.05652798290538852,0.0,0.0,300
MZI_null,MZI,MZI_null_09880,0.11629095174904547,-2.9954601574723245,-8.472255214902463,0.0,0.0,300
MZI_null,MZI,MZI_null_09881,0.06984262579181312,4.399378229560312,-2.128784224168392,0.0,0.0,300
MZI_null,MZI,MZI_null_09882,-0.2206745074134905,0.03223895419743794,4.23149679255201,0.0,0.0,300
MZI_null,MZI,MZI_null_09883,0.07940603545728529,3.1741001624995313,1.3810056368771382,0.0,0.0,300
MZI_null,MZI,MZI_null_09884,0.1060276478516539,-3.5540020482263373,-0.14377932774034918,0.0,0.0,300
MZI_null,MZI,MZI_null_09885,-0.004420643507666489,-2.191207161699955,-1.7615953838532021,0.0,0.0,300
MZI_null,MZI,MZI_null_09886,0.03384202011878309,-5.889034952410179,1.4351551978447237,0.0,0.0,300
MZI_null,MZI,MZI_null_09887,-0.13166179391702945,-2.7508136750141237,-0.008320320894505295,0.0,0.0,300
MZI_null,MZI,MZI_null_09888,-0.1390910127593268,-7.899389186915759,-2.1491400330925217,0.0,0.0,300
MZI_null,MZI,MZI_null_09889,-0.21466462388755497,0.13693279801141145,-4.460510717626377,0.0,0.0,300
MZI_null,MZI,MZI_null_09890,0.22277333455637433,-2.0173786677056755,-0.8224774162173122,0.0,0.0,300
MZI_null,MZI,MZI_null_09891,-0.29709469928169957,-1.56541211344843,-1.2405397506197597,0.0,0.0,300
MZI_null,MZI,MZI_null_09892,-0.19486335523882042,-1.7381949836095743,-2.1937690324222716,0.0,0.0,300
MZI_null,MZI,MZI_null_09893,-0.032518172684303945,-1.9223547134178613,-2.4143626394746045,0.0,0.0,300
MZI_null,MZI,MZI_null_09894,0.036968494042330206,-2.2596664470528904,0.41830540515972614,0.0,0.0,300
MZI_null,MZI,MZI_null_09895,-0.07930118909579874,-5.194759258801878,-3.126605585314416,0.0,0.0,300
MZI_null,MZI,MZI_null_09896,0.2163985153277668,0.8678995786202393,2.6401373977973277,0.0,0.0,300
MZI_null,MZI,MZI_null_09897,0.19240709372553294,-3.398954171519607,-0.11256419377461202,0.0,0.0,300
MZI_null,MZI,MZI_null_09898,0.011375850427194339,-0.021384423225734306,-1.8675047356929022,0.0,0.0,300
MZI_null,MZI,MZI_null_09899,0.01394612356365063,-1.7831855671409431,0.596787199747093,0.0,0.0,300
MZI_null,MZI,MZI_null_09900,0.09835758316073985,-1.7189869029793998,-0.6280276478025759,0.0,0.0,300
MZI_null,MZI,MZI_null_09901,0.03388470311230565,2.939654261869128,-6.189993373950795,0.0,0.0,300
MZI_null,MZI,MZI_null_09902,-0.1454519491826712,0.021038789337825214,-0.19064680348272633,0.0,0.0,300
MZI_null,MZI,MZI_null_09903,0.039412432522631505,0.0024864961400687946,-0.3580213206287106,0.0,0.0,300
MZI_null,MZI,MZI_null_09904,-0.08389237176738354,-0.11357257967522383,-0.9373385110027666,0.0,0.0,300
MZI_null,MZI,MZI_null_09905,-0.06713657683343302,0.0710818737337342,0.953101574845999,0.0,0.0,300
MZI_null,MZI,MZI_null_09906,0.032214973740118835,3.1513574619836717,2.9804802043108536,0.0,0.0,300
MZI_null,MZI,MZI_null_09907,0.15027857910807027,5.699096718426242,-1.4393902059931483,0.0,0.0,300
MZI_null,MZI,MZI_null_09908,-0.06972004939741407,0.581089297910077,-1.7579028939828432,0.0,0.0,300
MZI_null,MZI,MZI_null_09909,0.0017891573471733912,-4.957759897250915,0.8199783731393819,0.0,0.0,300
MZI_null,MZI,MZI_null_09910,-0.22065108683064147,-2.2893146634781085,-1.0460672125472699,0.0,0.0,300
MZI_null,MZI,MZI_null_09911,-0.06540582636297472,-7.2716442759844995,-6.293893281323351,0.0,0.0,300
MZI_null,MZI,MZI_null_09912,-0.11192586100077001,-0.38284901371380764,-0.13322541567416835,0.0,0.0,300
MZI_null,MZI,MZI_null_09913,-0.002465303824671212,-4.653765458052433,0.023396663783322502,0.0,0.0,300
MZI_null,MZI,MZI_null_09914,-0.26985439170583775,-9.189648447115934,-1.7292146536450141,0.0,0.0,300
MZI_null,MZI,MZI_null_09915,-0.08190770701455431,1.0395138929423742,-0.5260486666814967,0.0,0.0,300
MZI_null,MZI,MZI_null_09916,0.24761029649997762,-3.6446452060863788,0.4603168745664834,0.0,0.0,300
MZI_null,MZI,MZI_null_09917,-0.03784156941234449,2.145159172393414,-1.6121513413722393,0.0,0.0,300
MZI_null,MZI,MZI_null_09918,0.12816101702186472,-5.232856893572481,-2.2456379293961337,0.0,0.0,300
MZI_null,MZI,MZI_null_09919,-0.012606511789119998,1.7902526198884021,-7.591560823024117,0.0,0.0,300
MZI_null,MZI,MZI_null_09920,-0.04989666696686685,-3.099440379281902,-7.230920567183141,0.0,0.0,300
MZI_null,MZI,MZI_null_09921,-0.06960536411202227,-6.622001393573882,-7.991990434112177,0.0,0.0,300
MZI_null,MZI,MZI_null_09922,-0.03934692427429845,-2.888435362411575,-1.7348607488779972,0.0,0.0,300
MZI_null,MZI,MZI_null_09923,0.03792873688475273,-4.6381904696410965,4.372568040337762,0.0,0.0,300
MZI_null,MZI,MZI_null_09924,-0.004994101219725498,1.8592913891844525,-6.039697724466135,0.0,0.0,300
MZI_null,MZI,MZI_null_09925,-0.12517944751378113,0.058944415132690775,-1.6796928270337996,0.0,0.0,300
MZI_null,MZI,MZI_null_09926,-0.16097690810594498,-7.515889695932244,1.1996110167210943,0.0,0.0,300
MZI_null,MZI,MZI_null_09927,0.09774033824232824,-1.2700379257423158,-2.4877185723577497,0.0,0.0,300
MZI_null,MZI,MZI_null_09928,-0.16696350414447073,-2.1589446196901054,-4.945955810936201,0.0,0.0,300
MZI_null,MZI,MZI_null_09929,-0.11273761208468852,1.7837517441986468,-6.552507289394257,0.0,0.0,300
MZI_null,MZI,MZI_null_09930,0.10162917403505509,2.4825878543474893,1.4487791581479597,0.0,0.0,300
MZI_null,MZI,MZI_null_09931,0.05973193176397259,-3.3907185385133722,-2.9376641633020384,0.0,0.0,300
MZI_null,MZI,MZI_null_09932,-0.3372196299094981,-1.8889799591980572,-2.2067213461872806,0.0,0.0,300
MZI_null,MZI,MZI_null_09933,-0.10470516130228603,-2.060243086637039,-0.8128915593860342,0.0,0.0,300
MZI_null,MZI,MZI_null_09934,-0.09533359460505805,2.839242350430359,1.1918083373372728,0.0,0.0,300
MZI_null,MZI,MZI_null_09935,0.13444178375599178,-2.3099083509182274,0.5337071967834282,0.0,0.0,300
MZI_null,MZI,MZI_null_09936,-0.13435569008978446,-0.0012243792490815864,-1.613207821941218,0.0,0.0,300
MZI_null,MZI,MZI_null_09937,-0.15329753025214884,-2.068300013657689,-1.8761620907496686,0.0,0.0,300
MZI_null,MZI,MZI_null_09938,0.34846039908313753,-0.6938172545602652,3.7391524023446667,0.0,0.0,300
MZI_null,MZI,MZI_null_09939,0.16969306595380898,-1.8866582006075023,-2.3311576087901345,0.0,0.0,300
MZI_null,MZI,MZI_null_09940,-0.26103398718004844,-4.612830651994219,0.9882603732626427,0.0,0.0,300
MZI_null,MZI,MZI_null_09941,-0.04531955776810546,-0.8725390227846748,-7.09082545404201,0.0,0.0,300
MZI_null,MZI,MZI_null_09942,0.06802722736460601,1.2894446715978578,-6.32727486941876,0.0,0.0,300
MZI_null,MZI,MZI_null_09943,0.05573458595351991,2.030603960825382,4.040259948018397,0.0,0.0,300
MZI_null,MZI,MZI_null_09944,-0.07552486062869394,0.33979103383460085,3.289369460016246,0.0,0.0,300
MZI_null,MZI,MZI_null_09945,0.06020720861705679,1.855232766990433,-1.1075849600149013,0.0,0.0,300
MZI_null,MZI,MZI_null_09946,0.05914712156561955,-3.8648276793866074,-1.4938004730212768,0.0,0.0,300
MZI_null,MZI,MZI_null_09947,0.06505742548145454,-4.089857975137303,-1.6707591194222624,0.0,0.0,300
MZI_null,MZI,MZI_null_09948,0.1141310521420205,4.157672599528301,-7.148315474945721,0.0,0.0,300
MZI_null,MZI,MZI_null_09949,0.29648650009854255,-2.7796152932683027,1.8946996070821545,0.0,0.0,300
MZI_null,MZI,MZI_null_09950,0.17416390499876105,2.693490321821641,-3.1838855941893724,0.0,0.0,300
MZI_null,MZI,MZI_null_09951,-0.03379069621766975,-2.1607882968587107,-2.0723015274920344,0.0,0.0,300
MZI_null,MZI,MZI_null_09952,0.1978141462258709,-2.2304831030343975,-5.855642994425107,0.0,0.0,300
MZI_null,MZI,MZI_null_09953,-0.09495207334706457,-6.735200080090641,-1.6850163600800225,0.0,0.0,300
MZI_null,MZI,MZI_null_09954,0.10088245118519044,-3.963430016911066,-2.209098893903731,0.0,0.0,300
MZI_null,MZI,MZI_null_09955,-0.04121479385072915,-1.5777725184942655,0.5482483359065733,0.0,0.0,300
MZI_null,MZI,MZI_null_09956,0.12108831419030525,4.766550948809565,-0.6295122069997827,0.0,0.0,300
MZI_null,MZI,MZI_null_09957,0.11036895809695721,-6.762670243034824,-2.1375489566966017,0.0,0.0,300
MZI_null,MZI,MZI_null_09958,-0.04056253401931096,-5.051944666961312,-2.607978194102608,0.0,0.0,300
MZI_null,MZI,MZI_null_09959,-0.01612270764834416,-3.513990122494424,6.805502563514481,0.0,0.0,300
MZI_null,MZI,MZI_null_09960,0.07684130123665947,4.003068216578009,3.4779535365020138,0.0,0.0,300
MZI_null,MZI,MZI_null_09961,-0.09588692001755789,-1.8873185977405658,-2.3044738632237305,0.0,0.0,300
MZI_null,MZI,MZI_null_09962,-0.02427341389294977,-4.929301007566192,-2.324605987510669,0.0,0.0,300
MZI_null,MZI,MZI_null_09963,0.053927832229985796,-1.0006338291733883,-0.23978900435119965,0.0,0.0,300
MZI_null,MZI,MZI_null_09964,-0.008951223732533835,0.5822272757108209,-1.7711290782356144,0.0,0.0,300
MZI_null,MZI,MZI_null_09965,0.20873285096424238,-7.542792671052687,0.970433071927268,0.0,0.0,300
MZI_null,MZI,MZI_null_09966,0.07325566683710358,-4.02369967175465,-2.065693080565831,0.0,0.0,300
MZI_null,MZI,MZI_null_09967,0.06971864086635549,0.7478057414462485,-6.24838950499332,0.0,0.0,300
MZI_null,MZI,MZI_null_09968,0.0942369101481383,-3.3729535566726696,2.3758693228956593,0.0,0.0,300
MZI_null,MZI,MZI_null_09969,-0.2758912820724266,5.335896895363621,-3.658419799042292,0.0,0.0,300
MZI_null,MZI,MZI_null_09970,0.21449417801845166,-2.2075538591985,-3.456000211600391,0.0,0.0,300
MZI_null,MZI,MZI_null_09971,0.03976710080721169,1.0873763348691057,-5.658114402234287,0.0,0.0,300
MZI_null,MZI,MZI_null_09972,0.1052383273930514,-2.036535495971269,0.7311322476990019,0.0,0.0,300
MZI_null,MZI,MZI_null_09973,0.001646303600846992,-3.715606516263962,-4.339369754115637,0.0,0.0,300
MZI_null,MZI,MZI_null_09974,0.10089676680705378,0.001815976596504676,0.9868167430724246,0.0,0.0,300
MZI_null,MZI,MZI_null_09975,0.06413944791608597,0.8340966155184102,3.218207839308926,0.0,0.0,300
MZI_null,MZI,MZI_null_09976,-0.2814626771109777,-9.025392331607264,4.153842079638935,0.0,0.0,300
MZI_null,MZI,MZI_null_09977,-0.20115697718777836,-5.2587298603688595,-1.8628429356247729,0.0,0.0,300
MZI_null,MZI,MZI_null_09978,-0.24809573680696534,-3.1447600919229126,-3.844316032367995,0.0,0.0,300
MZI_null,MZI,MZI_null_09979,-0.03500113045455113,-1.1604760852786946,-2.0306146762886943,0.0,0.0,300
MZI_null,MZI,MZI_null_09980,-0.05910709280957205,-1.2260126096250612,2.1328753938498437,0.0,0.0,300
MZI_null,MZI,MZI_null_09981,0.24044465203824983,-2.655614762006646,4.47466745576971,0.0,0.0,300
MZI_null,MZI,MZI_null_09982,0.13150602521418692,-5.69602536191953,-4.783624766841025,0.0,0.0,300
MZI_null,MZI,MZI_null_09983,-0.08659317759040047,2.3338119500791787,-2.50410194669661,0.0,0.0,300
MZI_null,MZI,MZI_null_09984,-0.28385352367594097,-2.6866526266631316,-6.941715902681221,0.0,0.0,300
MZI_null,MZI,MZI_null_09985,-0.15824784704053077,-3.761085218877758,-0.5509932672259257,0.0,0.0,300
MZI_null,MZI,MZI_null_09986,0.15362434899103172,0.08240783011529329,-4.537974395342457,0.0,0.0,300
MZI_null,MZI,MZI_null_09987,-0.05575683932484786,-1.7708732338923003,-1.7866213733394982,0.0,0.0,300
MZI_null,MZI,MZI_null_09988,-0.04039428388024415,-7.1682299739628155,-4.458202453418922,0.0,0.0,300
MZI_null,MZI,MZI_null_09989,-0.06044097737089098,-11.279677024835486,0.9219329600295634,0.0,0.0,300
MZI_null,MZI,MZI_null_09990,-0.20590186495666044,0.06051439979541362,0.79674801341273,0.0,0.0,300
MZI_null,MZI,MZI_null_09991,-0.08155395646685765,1.001644977104613,1.2295920347747993,0.0,0.0,300
MZI_null,MZI,MZI_null_09992,-0.04634422062519609,-3.265278845575095,2.29169835699307,0.0,0.0,300
MZI_null,MZI,MZI_null_09993,0.03480207591114962,1.134091505104427,-8.166922223058211,0.0,0.0,300
MZI_null,MZI,MZI_null_09994,0.014772764552919317,-6.732227260908118,-1.0773655224602894,0.0,0.0,300
MZI_null,MZI,MZI_null_09995,0.10707303125188258,3.2174204372473083,-3.814500185311558,0.0,0.0,300
MZI_null,MZI,MZI_null_09996,-0.07885572079529744,-2.286598721226613,-3.9235933043856717,0.0,0.0,300
MZI_null,MZI,MZI_null_09997,0.14678395931838856,-2.2102836360968707,-0.6341289298718619,0.0,0.0,300
MZI_null,MZI,MZI_null_09998,0.0930259690161238,-2.215134549126228,-3.4526173845275956,0.0,0.0,300
MZI_null,MZI,MZI_null_09999,-0.009453035744770046,-4.568544078540167,-0.6760573326505412,0.0,0.0,300
MZI_null,MZI,MZI_null_10000,0.14954065812026948,-5.524934876816995,-5.597113004326277,0.0,0.0,300
